(BSplineTransformSplineOrder 3)
(Direction 1 0 0 1)
(FixedImageDimension 2)
(FixedInternalImagePixelType "float")
(GridDirection 1 0 0 1)
(GridIndex 0 0)
(GridOrigin 139.26338772003635 -101.09581708834799)
(GridSize 131 131)
(GridSpacing 5.6315703362512535 7.449614936658508)
(HowToCombineTransforms "Compose")
(Index 0 0)
(InitialTransformParametersFileName "./TransformParameters.0.txt")
(MovingImageDimension 2)
(MovingInternalImagePixelType "float")
(NumberOfParameters 34322)
(Origin 0 0)
(Size 1024 1024)
(Spacing 1 1)
(Transform "BSplineTransform")
(TransformParameters -1.4800532570097742e-36 1.7602770098075353e-36 7.903853759005321e-36 -1.368620997124885e-35 -1.547351725760135e-35 2.7726609751220587e-35 1.0198325353227938e-34 -1.4585251166018875e-34 -7.109775569990031e-34 -1.4976108790434351e-33 -5.341627028370038e-33 -1.340456769356113e-32 -2.4705079744171377e-32 -4.0374727900287425e-32 -2.808035906834755e-32 3.321236520405035e-32 1.4401768399481513e-31 2.6906296155321417e-31 3.8190580964031295e-31 4.624179379492991e-31 4.949618567489813e-31 4.686747601481423e-31 3.7603848301160086e-31 2.1150488065262867e-31 -4.8001190189636826e-32 -4.351311532834982e-31 -9.92383124113505e-31 -1.7832633225469386e-30 -2.8500265728165438e-30 -4.2662985506797165e-30 -6.163177189409675e-30 -8.701434741388105e-30 -1.200384394943918e-29 -1.6145203080257622e-29 -2.1122025194635804e-29 -2.697596285297148e-29 -3.381795074510163e-29 -4.18098982204326e-29 -5.169615830878222e-29 -6.423273420128746e-29 -7.971291603402036e-29 -9.860876438292369e-29 -1.1601227496981775e-28 -1.26386306185496e-28 -1.2938748324654732e-28 -1.2591871862427012e-28 -1.177138351098567e-28 -1.0666116862423967e-28 -9.476764965227665e-29 -8.311229970096332e-29 -7.188933142013475e-29 -6.014236522277379e-29 -4.7398884346369604e-29 -3.338287497964078e-29 -1.7998004057847357e-29 -1.4731134320140409e-30 1.6280935009891458e-29 3.5065402034374895e-29 5.220292450884998e-29 6.500806227292994e-29 7.088515808209104e-29 6.769743437822339e-29 5.502110418597775e-29 3.4026427386613313e-29 7.33602991812048e-30 -2.1228790203166766e-29 -4.808965016133483e-29 -6.982536483311178e-29 -8.309605945403078e-29 -8.652225665468506e-29 -8.122533606266903e-29 -7.054017897583381e-29 -5.489610597584935e-29 -3.49536369524717e-29 -1.1392901036106919e-29 1.523936545581984e-29 4.256711662651419e-29 6.874554504465088e-29 9.314183997122066e-29 1.1528530759707396e-28 1.3456405969791598e-28 1.5021221649944433e-28 1.6166198327662238e-28 1.6758913898384528e-28 1.6644875121804593e-28 1.5657913964956473e-28 1.4017848677832645e-28 1.2035004472118345e-28 1.0049538107960006e-28 8.364880011551352e-29 6.96626392764229e-29 5.760428094319463e-29 4.7508978504835596e-29 3.9053124760005716e-29 3.193087827575016e-29 2.5836115462780465e-29 2.0762656869126359e-29 1.6605980368163804e-29 1.322438455230915e-29 1.0454422165559101e-29 8.179851518479791e-30 6.2967148182811684e-30 4.7133687037391936e-30 3.3792680522019e-30 2.2934978372594398e-30 1.4662144600289176e-30 8.430580266020014e-31 3.827639272015995e-31 4.5722510768866725e-32 -2.024764139632376e-31 -3.719819929715445e-31 -4.710684321843382e-31 -5.070935137186673e-31 -4.866013720174411e-31 -4.19629305358558e-31 -3.1776348410444012e-31 -1.9282217572618097e-31 -7.018110753247143e-32 2.0344793600616222e-32 5.315446293880658e-32 4.8297202149807723e-32 2.5853787551405025e-32 5.014667444064431e-33 6.4047585890172615e-34 1.25246808139567e-33 2.3337634169606336e-34 -8.5551774778683e-35 -8.97700534626333e-35 5.170382560518371e-35 1.1835767954887624e-35 -9.805311670089101e-36 1.5033744969463027e-36 -1.788013743136149e-36 -8.028395000379092e-36 1.3901863958716343e-35 1.5717333895233016e-35 -2.8163498704701576e-35 -1.0359020646733837e-34 1.4815071370376384e-34 7.221804499500335e-34 1.5212087749245849e-33 5.425795192624448e-33 1.3615783836003934e-32 2.509435836625482e-32 4.101091359977692e-32 2.852282205905036e-32 -3.3735693358686383e-32 -1.462869746105598e-31 -2.7330259405251014e-31 -3.879235100056399e-31 -4.697042701382429e-31 -5.027609843625567e-31 -4.760596812555657e-31 -3.819637317468705e-31 -2.1483756888107757e-31 4.875754627101255e-32 4.419875268618062e-31 1.0080201323525717e-30 1.8113622518667558e-30 2.8949345200667743e-30 4.333522734511553e-30 6.260290542221084e-30 8.838543488387564e-30 1.2192988849326567e-29 1.6399603490081873e-29 2.1454845527648096e-29 2.74010238429643e-29 3.435082112683164e-29 4.246869793873746e-29 5.251073609969564e-29 6.524485116395356e-29 8.09689546483385e-29 1.0016254540029595e-28 1.1784028358301564e-28 1.2837777869439972e-28 1.3142624538510882e-28 1.2790282334312135e-28 1.195686552531135e-28 1.0834183159714667e-28 9.626090611902692e-29 8.442190249736982e-29 7.30220935960886e-29 6.109003012866671e-29 4.8145749872948713e-29 3.390888986042404e-29 1.8281599103596805e-29 1.4963253208429433e-30 -1.6537474151554786e-29 -3.5617928540520707e-29 -5.302548742882185e-29 -6.603239610147446e-29 -7.200209747123677e-29 -6.876414471714317e-29 -5.58880732407845e-29 -3.456258274060677e-29 -7.451623943768913e-30 2.1563292835255903e-29 4.884740010391786e-29 7.092560503068608e-29 8.440540635240969e-29 8.788559023676659e-29 8.25052059210432e-29 7.165168251958736e-29 5.576110543030512e-29 3.550440237305462e-29 1.1572419291688711e-29 -1.547949255715087e-29 -4.3237847856006935e-29 -6.982877049202915e-29 -9.460947850995821e-29 -1.1710186136532414e-28 -1.3668438929422e-28 -1.5257911453363385e-28 -1.6420929560139673e-28 -1.702298456644025e-28 -1.690714887771456e-28 -1.5904636146723685e-28 -1.423872830568224e-28 -1.2224640369186215e-28 -1.0207888956823433e-28 -8.496685656372831e-29 -7.076031540293695e-29 -5.851195318520882e-29 -4.825757878817155e-29 -3.9668485922897896e-29 -3.2434014004548037e-29 -2.6243215846003603e-29 -2.108981462549897e-29 -1.6867641258380868e-29 -1.3432761544081923e-29 -1.0619152783682487e-29 -8.3087416642454e-30 -6.39593232717525e-30 -4.787637384280165e-30 -3.432515272017838e-30 -2.3296365458819916e-30 -1.489317641681872e-30 -8.563421151630258e-31 -3.887951489551414e-31 -4.6442961636320346e-32 2.0566684039230765e-31 3.7784332348029418e-31 4.784910704466957e-31 5.150838001841333e-31 4.942687632422675e-31 4.262414158845115e-31 3.227704920788952e-31 1.958604800626458e-31 7.128695317868941e-32 -2.0665367072805594e-32 -5.399201927528214e-32 -4.9058222494603525e-32 -2.626116639416311e-32 -5.093683697131083e-33 -6.505678546500883e-34 -1.2722032554624544e-33 -2.3705365914123306e-34 8.689981645093233e-35 9.118456266822285e-35 -5.251852420970312e-35 -1.2022264476645799e-35 9.959814236221161e-36 6.610518859294682e-36 -7.862111931309781e-36 -3.5301820449764804e-35 6.112817136734718e-35 6.911101148995293e-35 -1.2383829824838144e-34 -4.554986231836116e-34 6.514365442178643e-34 3.175514480173564e-33 6.688938328978213e-33 2.3857875412852738e-32 5.987024258675366e-32 1.1034291826678286e-31 1.8032992999421362e-31 1.2541828634957216e-31 -1.4833990972679482e-31 -6.4324145877712765e-31 -1.2017444461835675e-30 -1.70574642846344e-30 -2.0653462874997943e-30 -2.2107006441509783e-30 -2.0932917961872584e-30 -1.679540565172015e-30 -9.446666839683138e-31 2.143928074775677e-31 1.9434724266590875e-30 4.4323860147754264e-30 7.964778138077096e-30 1.2729376000238405e-29 1.9055021766778446e-29 2.7527252043360065e-29 3.88641409948003e-29 5.361404154556081e-29 7.211103312844767e-29 9.433954165700155e-29 1.204856043800464e-28 1.5104470067026043e-28 1.8673998342951427e-28 2.3089603555255357e-28 2.8688947428541405e-28 3.5603025247374534e-28 4.40426784341962e-28 5.181579297631497e-28 5.644925658127488e-28 5.7789704127196155e-28 5.624041298883133e-28 5.257577883103408e-28 4.763920915679952e-28 4.2327080617203995e-28 3.7121328033695014e-28 3.210869466218848e-28 2.686202254288439e-28 2.1170266501894614e-28 1.4910147562854867e-28 8.038639467202286e-29 6.579522783127035e-30 -7.271726704329123e-29 -1.566163246873168e-28 -2.331594591871104e-28 -2.9035240429479474e-28 -3.1660190072338495e-28 -3.023642322052384e-28 -2.4574659401896643e-28 -1.5197584200821788e-28 -3.276568859631056e-29 9.48163975401557e-29 2.1478790565159277e-28 3.1186843371787748e-28 3.711407447994176e-28 3.8644353279240338e-28 3.6278533447850816e-28 3.150610839476772e-28 2.451883012542336e-28 1.5611713644680391e-28 5.088532240559162e-29 -6.80651944595279e-29 -1.901220283193339e-28 -3.0704552005434027e-28 -4.160092799351634e-28 -5.1491099827289755e-28 -6.010177337850085e-28 -6.709087563944248e-28 -7.220480642915997e-28 -7.485211485530785e-28 -7.434277137074729e-28 -6.993460206347436e-28 -6.260940450077001e-28 -5.375321709350103e-28 -4.488531806182615e-28 -3.736095090480537e-28 -3.1114163530275887e-28 -2.572841103821058e-28 -2.1219439023694085e-28 -1.7442711369710677e-28 -1.4261626872829642e-28 -1.153945830714388e-28 -9.273445678471207e-29 -7.416905160673418e-29 -5.906547150976026e-29 -4.669369467654608e-29 -3.653453851917263e-29 -2.812368532032202e-29 -2.1051818614639686e-29 -1.5093183359223707e-29 -1.024369267455816e-29 -6.548709172298573e-30 -3.7654394920267874e-30 -1.7095791299293338e-30 -2.0421529986653654e-31 9.043418854977127e-31 1.6614226334162286e-30 2.1039829075174973e-30 2.2648855505515606e-30 2.1733593243533257e-30 1.874234878933314e-30 1.4192607559906617e-30 8.612221371608359e-31 3.1345732506734745e-31 -9.086810974784685e-32 -2.3740941621464935e-31 -2.1571491711461425e-31 -1.1547351379563808e-31 -2.2397541139086538e-32 -2.860625267467732e-33 -5.5940310481778994e-33 -1.042353510444554e-33 3.821089666458742e-34 4.0094951218863295e-34 -2.309302808125228e-34 -5.28633459025397e-35 4.379450361598874e-35 -1.1762722003987509e-35 1.3989800041517654e-35 6.281587104188177e-35 -1.087711421313769e-34 -1.2297576527257318e-34 2.2035720746722706e-34 8.105118208945527e-34 -1.1591627126360808e-33 -5.650493530829652e-33 -1.190226119009847e-32 -4.245257627422574e-32 -1.0653279036751161e-31 -1.9634360029913691e-31 -3.208781157230531e-31 -2.2316862986971213e-31 2.639552442597867e-31 1.1445804213016127e-30 2.138377658564718e-30 3.0351960979629724e-30 3.675066169366755e-30 3.93370893641024e-30 3.724792258493738e-30 2.9885655245869237e-30 1.6809348595008465e-30 -3.8148941824284924e-31 -3.458204471327721e-30 -7.886964036495184e-30 -1.4172483742238705e-29 -2.2650583768283265e-29 -3.3906404110219186e-29 -4.8981845481462366e-29 -6.915464522135704e-29 -9.54005395992926e-29 -1.2831398777633963e-28 -1.678672773061116e-28 -2.1439144187701982e-28 -2.687681348423881e-28 -3.3228413061918543e-28 -4.108551742801399e-28 -5.104896005451587e-28 -6.335183325217364e-28 -7.836930712364992e-28 -9.220074568542938e-28 -1.0044550611356425e-27 -1.0283069132808808e-27 -1.0007389093893619e-27 -9.355306046225475e-28 -8.476895471093389e-28 -7.531658151747011e-28 -6.605349313295969e-28 -5.713404004437166e-28 -4.779813965609468e-28 -3.767025931122806e-28 -2.6531037056683025e-28 -1.4303912197434442e-28 -1.1707567751613018e-29 1.2939271717110425e-28 2.7868225290432915e-28 4.148826982242816e-28 5.166515197355984e-28 5.633597336905357e-28 5.380253022596366e-28 4.372801788161325e-28 2.704250027731051e-28 5.83030915466939e-29 -1.6871579212177847e-28 -3.821924538401782e-28 -5.5493702774518645e-28 -6.6040586198097295e-28 -6.876355613250119e-28 -6.4553828941578755e-28 -5.606180125374032e-28 -4.362867556482721e-28 -2.7779400001159814e-28 -9.054507131401307e-29 1.2111484402578954e-28 3.3830212325976104e-28 5.463551608932665e-28 7.402446941151391e-28 9.162298842766813e-28 1.0694477502346918e-27 1.193811463132991e-27 1.2848084748763337e-27 1.3319145398287361e-27 1.3228513090280789e-27 1.2444125794646982e-27 1.114068404690954e-27 9.564818782715803e-28 7.9868695583211265e-28 6.647987679189245e-28 5.536437665213281e-28 4.5780997390281305e-28 3.7757756634259597e-28 3.103746758826923e-28 2.537706279942759e-28 2.0533250571129273e-28 1.6501119784445928e-28 1.3197601488114819e-28 1.0510078500486146e-28 8.308651128724358e-29 6.50093630001822e-29 5.004313567371536e-29 3.7459493772299473e-29 2.685672997655967e-29 1.8227572114881092e-29 1.1652738176522358e-29 6.700202950786605e-30 3.0420159864946923e-30 3.633796154756764e-31 -1.6091811281594307e-30 -2.956326573447877e-30 -3.7438159649819494e-30 -4.030125269891566e-30 -3.867263991107008e-30 -3.335003548172578e-30 -2.525425020209823e-30 -1.5324540779145572e-30 -5.577642925357285e-31 1.6169022988350585e-31 4.224450490958614e-31 3.8384197309418256e-31 2.0547295462113263e-31 3.985406525555805e-32 5.090181345072007e-33 9.953989013839243e-33 1.8547582775565807e-33 -6.7992265744083656e-34 -7.1344742370219685e-34 4.10916110113624e-34 9.406475577574515e-35 -7.792770617572075e-35 -1.1142333598386351e-35 1.3251951290239704e-35 5.950284212985861e-35 -1.030343445243096e-34 -1.1648978873435815e-34 2.087351478311028e-34 7.677638807423208e-34 -1.0980262591119618e-33 -5.352475719068505e-33 -1.1274513221698509e-32 -4.021354638879189e-32 -1.0091404770554208e-31 -1.8598806413310597e-31 -3.0395439155822547e-31 -2.113982904431347e-31 2.5003374098520527e-31 1.0842130656843991e-30 2.0255955401784113e-30 2.875114063670412e-30 3.481236166431624e-30 3.726237620362369e-30 3.5283396067054245e-30 2.8309428756782568e-30 1.5922791472145644e-30 -3.613689384017422e-31 -3.275812168295964e-30 -7.470990502596863e-30 -1.3424999904397234e-29 -2.1455948756295028e-29 -3.211811565388587e-29 -4.6398449478693415e-29 -6.550729726446853e-29 -9.036893308774704e-29 -1.215464631990312e-28 -1.5901363675923114e-28 -2.030840281083099e-28 -2.5459279051926806e-28 -3.147588314707815e-28 -3.891858883513189e-28 -4.835654048418715e-28 -6.001053667171246e-28 -7.423596031321729e-28 -8.733790241058853e-28 -9.514781844020943e-28 -9.740720443487508e-28 -9.479580295909815e-28 -8.861889352552653e-28 -8.029807827430604e-28 -7.1344241281083315e-28 -6.256970585476433e-28 -5.41206817430923e-28 -4.527717455702727e-28 -3.5683457948627333e-28 -2.513173953282017e-28 -1.35494965717369e-28 -1.1090088285094564e-29 1.225682983482547e-28 2.6398401907665256e-28 3.9300099299813266e-28 4.894023326567607e-28 5.336470662741331e-28 5.096488211029051e-28 4.142171877224808e-28 2.5616227207471448e-28 5.522807523978766e-29 -1.5981739928269531e-28 -3.6203489448341676e-28 -5.256685899112098e-28 -6.255747965626286e-28 -6.513683496007625e-28 -6.11491368146695e-28 -5.31049948724986e-28 -4.132761595865668e-28 -2.6314261433519893e-28 -8.576955146576192e-29 1.1472701602674429e-28 3.2045942369377314e-28 5.175393470933375e-28 7.012027763323203e-28 8.679061717310179e-28 1.0130430350517446e-27 1.1308475684076904e-27 1.2170452241013965e-27 1.261666825295229e-27 1.2530816065822678e-27 1.1787798853012223e-27 1.0553103110419078e-27 9.060351987496606e-28 7.565626816411215e-28 6.297360122584447e-28 5.244435377525457e-28 4.336642022371244e-28 3.5766340495975257e-28 2.9400492318647477e-28 2.4038628080160205e-28 1.9450287752264779e-28 1.5630819237816119e-28 1.2501534800562022e-28 9.955756903921017e-29 7.870437012746223e-29 6.158064513781763e-29 4.740376520071165e-29 3.548380858663441e-29 2.544025478681525e-29 1.7266215177846804e-29 1.1038150528197929e-29 6.346821461220404e-30 2.881574258360839e-30 3.442142811991766e-31 -1.5243098445771e-30 -2.8004042683259105e-30 -3.546359966590564e-30 -3.817568772404771e-30 -3.6632971082645234e-30 -3.1591090968187796e-30 -2.392229285356756e-30 -1.4516295254621393e-30 -5.283467393786864e-31 1.5316237858731713e-31 4.001644910418909e-31 3.6359741494129177e-31 1.9463591888815998e-31 3.775208579986816e-32 4.821715467186569e-33 9.428996637958006e-33 1.756934786530723e-33 -6.4406223898339434e-34 -6.758188450948861e-34 3.8924361030968095e-34 8.910360105134277e-35 -7.381765024166157e-35 2.2781464439093134e-35 -2.7094760213439423e-35 -1.2165870551642254e-34 2.1066262601746418e-34 2.38173445098255e-34 -4.267770575670914e-34 -1.5697596371676356e-33 2.2450096251581303e-33 1.0943599397397163e-32 2.305171710677571e-32 8.222007256399357e-32 2.06327495837062e-31 3.8026867815931644e-31 6.214610342911434e-31 4.322220829384615e-31 -5.112156019579953e-31 -2.2167673567011473e-30 -4.141505220288453e-30 -5.878419293257399e-30 -7.117688339337557e-30 -7.61861499542703e-30 -7.213995395765076e-30 -5.7881074804505736e-30 -3.255552389487554e-30 7.388500391195675e-31 6.697681213099879e-30 1.527508604380036e-29 2.7448573065232616e-29 4.386854237012527e-29 6.566826447159113e-29 9.486564169215827e-29 1.3393533319219093e-28 1.8476709723639327e-28 2.485122532416103e-28 3.251171290976511e-28 4.1522285465508825e-28 5.205369729901809e-28 6.435516458330105e-28 7.957241987887993e-28 9.886912805610507e-28 1.2269673089744984e-27 1.5178183950102867e-27 1.7856989294834557e-27 1.9453794153721894e-27 1.9915745155578897e-27 1.9381821544963342e-27 1.8118899004040445e-27 1.641763638192276e-27 1.4586946991384975e-27 1.2792917356496253e-27 1.1065441324348472e-27 9.257309816834065e-28 7.295791506409492e-28 5.138401443317696e-28 2.77031172675065e-28 2.267464438583894e-29 -2.506014835485178e-28 -5.397381517606683e-28 -8.035245100973483e-28 -1.0006253841482581e-27 -1.0910875675473219e-27 -1.0420210803413657e-27 -8.46902854619567e-28 -5.23745913725971e-28 -1.1291857498828147e-28 3.2676049108015943e-28 7.4021164428397415e-28 1.0747748827937915e-27 1.2790417604508523e-27 1.3317789098165594e-27 1.2502469733621027e-27 1.085777536172535e-27 8.44978841240103e-28 5.380178270232346e-28 1.7536326383435582e-28 -2.345693038765996e-28 -6.552069995289763e-28 -1.0581539429792224e-27 -1.4336697040917166e-27 -1.774509209607386e-27 -2.071254075589244e-27 -2.3121156297315705e-27 -2.488354189678432e-27 -2.5795869114234106e-27 -2.562033689464453e-27 -2.4101173959790902e-27 -2.1576731758941506e-27 -1.852467302084105e-27 -1.546857817058915e-27 -1.2875497257306072e-27 -1.072270157732593e-27 -8.866639572457089e-28 -7.312737559788222e-28 -6.011184859099513e-28 -4.914905355422217e-28 -3.97677950336053e-28 -3.1958561414302176e-28 -2.5560468815993084e-28 -2.035540579151101e-28 -1.6091788971641197e-28 -1.2590695341179414e-28 -9.692109660923657e-29 -7.254971468026645e-29 -5.201480054387811e-29 -3.530226981391209e-29 -2.256845314251384e-29 -1.2976625240191623e-29 -5.891627719406229e-30 -7.037758591939848e-31 3.1165832735109238e-30 5.725668657357699e-30 7.250839579735916e-30 7.80534943260808e-30 7.489927676472798e-30 6.459071693563796e-30 4.891119612484918e-30 2.9679820765473098e-30 1.0802505908554984e-30 -3.131537259381535e-31 -8.18170901279697e-31 -7.4340635247392885e-31 -3.97949964914888e-31 -7.71874035661186e-32 -9.858414171706655e-33 -1.927839888279578e-32 -3.592205080456485e-33 1.3168409349662846e-33 1.3817700619309975e-33 -7.958422163380516e-34 -1.821800164878556e-34 1.5092656839313823e-34 7.855287294053997e-35 -9.342556805777397e-35 -4.194919453937401e-34 7.263867754836953e-34 8.212469580578479e-34 -1.4715719468361655e-33 -5.4126954681572096e-33 7.741028076023609e-33 3.7734675718558817e-32 7.948473241929549e-32 2.8350341265289744e-31 7.114387930972454e-31 1.3112061886769173e-30 2.142862667748143e-30 1.4903469637782172e-30 -1.7627248830778813e-30 -7.643645780505407e-30 -1.4280343313960575e-29 -2.0269404765826302e-29 -2.4542534097741753e-29 -2.626978161823049e-29 -2.487461090404505e-29 -1.9958000184953865e-29 -1.1225485256662379e-29 2.5476322409855628e-30 2.309430558559334e-29 5.267009487287669e-29 9.464555180206379e-29 1.5126332394242374e-28 2.2643104659410523e-28 3.2710665809268356e-28 4.618230421397715e-28 6.37096282952176e-28 8.568962503384432e-28 1.121037877246784e-27 1.4317318464813749e-27 1.794865945224556e-27 2.2190334078701168e-27 2.7437402918510983e-27 3.409110979406072e-27 4.230711655525675e-27 5.233596631106262e-27 6.157276741556967e-27 6.707871763826851e-27 6.867157302538505e-27 6.683054855312781e-27 6.247585949601947e-27 5.660972797659168e-27 5.0297319418038265e-27 4.4111317532533526e-27 3.8154799432579174e-27 3.1920172814804612e-27 2.515665245217103e-27 1.771774579283539e-27 9.552324683407552e-28 7.818454617753914e-29 -8.641001350655258e-28 -1.8610736186274483e-27 -2.7706365814049197e-27 -3.45026101724841e-27 -3.762184090416108e-27 -3.592997708843792e-27 -2.920209651878587e-27 -1.8059307086602835e-27 -3.8935506096017134e-28 1.1267043612550112e-27 2.5523271957577473e-27 3.705936246568002e-27 4.410269812609549e-27 4.592113021367721e-27 4.3109823740171406e-27 3.743874546611818e-27 2.9135754523916413e-27 1.855141758899692e-27 6.0467088149113e-28 -8.088195020763848e-28 -2.2592222868348863e-27 -3.648625507067869e-27 -4.943443140553912e-27 -6.11869341666359e-27 -7.141900762161841e-27 -7.972416601521064e-27 -8.580105595566882e-27 -8.894685565565343e-27 -8.834160219701413e-27 -8.310336945183632e-27 -7.43988286179842e-27 -6.387501076067844e-27 -5.333727596639241e-27 -4.439606167060301e-27 -3.6972996925038056e-27 -3.0573100937668984e-27 -2.521508421755343e-27 -2.072719432774344e-27 -1.6947107898388745e-27 -1.371235180698381e-27 -1.1019646349211592e-27 -8.8135170798539e-28 -7.018756889888049e-28 -5.5486172013620025e-28 -4.341403486611509e-28 -3.34194081696483e-28 -2.5015900689560297e-28 -1.793524744424828e-28 -1.2172591989999651e-28 -7.781838771313712e-29 -4.474476153948939e-29 -2.031494880397316e-29 -2.426692799115888e-30 1.0746305204368996e-29 1.9742704589584283e-29 2.5001653504687566e-29 2.691366149456268e-29 2.5826054278062363e-29 2.2271554993754513e-29 1.686509216807304e-29 1.0233912731941028e-29 3.724817061390322e-30 -1.0797868109136894e-30 -2.8211388702664065e-30 -2.5633428837637604e-30 -1.372173115402271e-30 -2.6615024338993587e-31 -3.39928435190017e-32 -6.647393639245153e-32 -1.2386298959271065e-32 4.540605321086354e-33 4.7644877441638734e-33 -2.7441472286194916e-33 -6.281757578282973e-34 5.204105988360813e-34 -1.389475552829274e-34 1.652549906400534e-34 7.420146213814314e-34 -1.2848628301582877e-33 -1.4526554260080645e-33 2.602977036767375e-33 9.574198557436808e-33 -1.3692649119957934e-32 -6.674664775702331e-32 -1.4059586668768902e-31 -5.01472506701733e-31 -1.2584222235683699e-30 -2.319315482268805e-30 -3.790383697575212e-30 -2.6361870596657866e-30 3.1179803355312418e-30 1.3520395306652048e-29 2.5259659103100715e-29 3.5853357538549876e-29 4.341184460399991e-29 4.646707112034235e-29 4.399923572905906e-29 3.530253229726237e-29 1.9856100418791676e-29 -4.506356780406791e-30 -4.085015839465487e-29 -9.316503197123549e-29 -1.6741294810430065e-28 -2.6756079413282156e-28 -4.0052055623326164e-28 -5.785997221566776e-28 -8.16891607850106e-28 -1.1269221313104379e-27 -1.5157133616744912e-27 -1.9829379447228554e-27 -2.5325062272022364e-27 -3.174832769451162e-27 -3.925117638205187e-27 -4.8532407741166924e-27 -6.030175836207217e-27 -7.483456933269236e-27 -9.257401161775239e-27 -1.089124456437554e-26 -1.1865159704975522e-26 -1.2146910522826162e-26 -1.1821262535605566e-26 -1.105098720913274e-26 -1.0013361718082947e-26 -8.896796907257284e-27 -7.802591429113658e-27 -6.74897798762721e-27 -5.646171566676725e-27 -4.449812242947588e-27 -3.133987810834115e-27 -1.6896545120959776e-27 -1.3829604375313227e-28 1.5284558895176047e-27 3.291943627591811e-27 4.900816038254291e-27 6.102963717071066e-27 6.654706089183317e-27 6.355442252910582e-27 5.165387042472683e-27 3.1944045784875372e-27 6.8870725959169555e-28 -1.992961054908996e-27 -4.514661410247937e-27 -6.5552125875626e-27 -7.801066793022224e-27 -8.12271854623683e-27 -7.625443084476855e-27 -6.622319414403607e-27 -5.153652197336343e-27 -3.281451109930776e-27 -1.0695667464150231e-27 1.430673230282121e-27 3.996205381702236e-27 6.4538389923460044e-27 8.744165723541636e-27 1.0822996791026868e-26 1.2632888064008859e-26 1.4101938668798725e-26 1.5176843976946138e-26 1.5733285977544936e-26 1.5626226254259954e-26 1.469966608314133e-26 1.3159971068261458e-26 1.12984748444298e-26 9.434516935495973e-27 7.852958144403531e-27 6.539935895208348e-27 5.4078959478307305e-27 4.460147894134586e-27 3.666311456054672e-27 2.9976742077286404e-27 2.4254972344279664e-27 1.949200408552233e-27 1.5589711818710537e-27 1.2415066113509135e-27 9.814622514236869e-28 7.67925320070989e-28 5.9113624878212105e-28 4.424915491757791e-28 3.1724603982626433e-28 2.15313817958046e-28 1.3764836757516957e-28 7.914637612554189e-29 3.593391770733695e-29 4.2924341171064796e-30 -1.9008507016991902e-29 -3.4921708585679074e-29 -4.4223953910924153e-29 -4.7605992351015865e-29 -4.568218793509949e-29 -3.9394843280189517e-29 -2.9831669277339585e-29 -1.8102166118551034e-29 -6.5886097499188e-30 1.9099713606304237e-30 4.99014656580241e-30 4.5341464126746176e-30 2.4271562919482318e-30 4.707775065683261e-31 6.012794093052719e-32 1.1758183508650835e-31 2.190939548051064e-32 -8.0316096056876e-33 -8.427622051745513e-33 4.8539605806464145e-33 1.111143139264422e-33 -9.205236898931353e-34 -2.371995394945154e-34 2.8210937284350147e-34 1.2667047371318774e-33 -2.1934093838957184e-33 -2.4798507421871212e-33 4.4435827113185844e-33 1.6344263734841476e-32 -2.3374934946508758e-32 -1.139442437728993e-31 -2.400133976117826e-31 -8.560715402095811e-31 -2.1482722118682603e-30 -3.959339645938848e-30 -6.470623147994568e-30 -4.5002760595005206e-30 5.3227528779065806e-30 2.308087777452925e-29 4.312115815848489e-29 6.120582604144906e-29 7.410903723903532e-29 7.932466209294747e-29 7.5111781793018e-29 6.026550367773868e-29 3.389665882124436e-29 -7.692871968944308e-30 -6.973594274414853e-29 -1.5904347964843806e-28 -2.8579325570229496e-28 -4.5675720617381595e-28 -6.837348905062833e-28 -9.877366130620857e-28 -1.3945284089817038e-27 -1.923786352706063e-27 -2.5874979280175657e-27 -3.3851043034207855e-27 -4.3232808928565555e-27 -5.41980655476771e-27 -6.700629560231436e-27 -8.285043046208279e-27 -1.0294207253351194e-26 -1.2775126088369506e-26 -1.580345395809089e-26 -1.85926135220433e-26 -2.0255199253675404e-26 -2.07361804707319e-26 -2.0180261710959733e-26 -1.8865312683232843e-26 -1.7093966018333496e-26 -1.518786080902505e-26 -1.3319925565389642e-26 -1.1521285620851948e-26 -9.63866757355783e-27 -7.59634390630953e-27 -5.350079488632915e-27 -2.8844355797344094e-27 -2.360873339872488e-28 2.6092508961174085e-27 5.619728327882263e-27 8.366259521899686e-27 1.0418464580426552e-26 1.1360352592194962e-26 1.0849474628152707e-26 8.817912811063339e-27 5.453217895343101e-27 1.1757029081331473e-27 -3.402214911190145e-27 -7.707048931593188e-27 -1.1190505683256167e-26 -1.331732283532947e-26 -1.3866419561683315e-26 -1.3017512862376237e-26 -1.1305064794367193e-26 -8.797880073831478e-27 -5.601816387268715e-27 -1.8258740802884912e-27 2.4423245929047006e-27 6.821984556262257e-27 1.1017449237217934e-26 1.4927301733930764e-26 1.8476106683349126e-26 2.1565800313547743e-26 2.407363952124783e-26 2.5908627143557664e-26 2.685853796443827e-26 2.667577464046174e-26 2.5094029316067797e-26 2.2465591933703794e-26 1.928780268676708e-26 1.6105811058785113e-26 1.3405907370886445e-26 1.116442660339198e-26 9.231903547032633e-27 7.613988057715771e-27 6.2588174887604076e-27 5.11737641000307e-27 4.140604171723709e-27 3.327510429044339e-27 2.661344027784618e-27 2.1193953063382584e-27 1.675469522270474e-27 1.3109372951354462e-27 1.009137913258871e-27 7.553842273926139e-28 5.415756642901036e-28 3.675655779829616e-28 2.3498167589082815e-28 1.3511201353367095e-28 6.134335156313556e-29 7.32768125283517e-30 -3.244971890069833e-29 -5.961539357792409e-29 -7.549540170721859e-29 -8.126893229525366e-29 -7.798477576155003e-29 -6.725155160550385e-29 -5.092610805979511e-29 -3.09024902127094e-29 -1.1247518500297833e-29 3.260541909161954e-30 8.518757059141335e-30 7.740312083222917e-30 4.143436374695843e-30 8.036716265746805e-31 1.026453460833808e-31 2.007257851986466e-31 3.740187085705682e-32 -1.3710886067763683e-32 -1.4386925093040265e-32 8.286271839145345e-33 1.896849789193593e-33 -1.571440353109592e-33 5.184834746912609e-34 -6.166497969899004e-34 -2.7688311491324356e-33 4.794471866165687e-33 5.420590749332992e-33 -9.713021404342347e-33 -3.572616823232652e-32 5.109418642889841e-32 2.490654389962851e-31 5.246341566997034e-31 1.8712470847184836e-30 4.695808615038579e-30 8.654536941915924e-30 1.414383510307303e-29 9.836944764096561e-30 -1.1634758708631146e-29 -5.045142049713324e-29 -9.425654014409484e-29 -1.3378697710422114e-28 -1.6199150815351823e-28 -1.7339210067807742e-28 -1.6418336097489454e-28 -1.317315700445092e-28 -7.409313476164317e-29 1.681549213967893e-29 1.5243256368945657e-28 3.4764576753178385e-28 6.247022257809271e-28 9.984043977329441e-28 1.4945443932436183e-27 2.1590476623963407e-27 3.0482349866647723e-27 4.205115384813417e-27 5.655891741796706e-27 7.399342533759637e-27 9.450059238503431e-27 1.1846903838313742e-26 1.4646595455751067e-26 1.8109891427409763e-26 2.2501630305272943e-26 2.7924555749502347e-26 3.4544037219981704e-26 4.0640731780840133e-26 4.427490083953473e-26 4.532625537941741e-26 4.4111098339755204e-26 4.123681223267205e-26 3.7364907693068646e-26 3.3198440699805024e-26 2.911540766459168e-26 2.5183844010527233e-26 2.1068716515611317e-26 1.66044959113984e-26 1.1694490677315102e-26 6.304953985735354e-27 5.160523560193217e-28 -5.703440546308688e-27 -1.2283903572224735e-26 -1.8287418755907932e-26 -2.2773238635082845e-26 -2.4832067965809354e-26 -2.3715363513020856e-26 -1.9274666738104847e-26 -1.1919936138623268e-26 -2.569914471202268e-27 7.436743817634459e-27 1.6846480892967135e-26 2.4460807482804354e-26 2.910971847761649e-26 3.030996355082533e-26 2.8454377759604767e-26 2.4711216931903286e-26 1.9230878106420088e-26 1.2244750691581932e-26 3.991093488641007e-27 -5.3385640798784246e-27 -1.491185971424973e-26 -2.4082531421738912e-26 -3.262889669919213e-26 -4.038606488435946e-26 -4.7139682925282363e-26 -5.262145236394466e-26 -5.663246672139631e-26 -5.870883273852575e-26 -5.83093388631347e-26 -5.48518751021474e-26 -4.9106495705511036e-26 -4.2160313540904556e-26 -3.520494558643322e-26 -2.9303351306340497e-26 -2.4403802431432737e-26 -2.0179589891297557e-26 -1.6643063443983533e-26 -1.3680858934920204e-26 -1.1185835808101745e-26 -9.05075466419114e-27 -7.273450754239606e-27 -5.817308507054723e-27 -4.632687926350659e-27 -3.662331139257663e-27 -2.865517046880911e-27 -2.205827772108557e-27 -1.6511593564244882e-27 -1.1838051323827518e-27 -8.034445533606674e-28 -5.1363554953177305e-28 -2.953350854194095e-28 -1.3408758777994673e-28 -1.6017238687975774e-29 7.093033587979706e-29 1.3031052451929233e-28 1.6502189795425475e-28 1.7764199075685545e-28 1.7046330527404104e-28 1.4700204827977905e-28 1.1131701822601019e-28 6.754832044655089e-29 2.4585429158664892e-29 -7.127067369126068e-30 -1.8620756049628286e-29 -1.691918927329115e-29 -9.056945445216374e-30 -1.7567085432027637e-30 -2.243677024452842e-31 -4.387571864511514e-31 -8.175501522411554e-32 2.99699900979536e-32 3.144771245593136e-32 -1.811257738844663e-32 -4.1462359995225756e-33 3.4349386020256157e-33 6.9382469842550825e-34 -8.251889988961598e-34 -3.7051970426345554e-33 6.415870821598866e-33 7.253731170746481e-33 -1.2997780018063036e-32 -4.7808077033306587e-32 6.837326591951677e-32 3.332946207894236e-31 7.020554236622201e-31 2.504067163831556e-30 6.283841539143481e-30 1.1581336293736442e-29 1.8927010415216037e-29 1.3163611901345414e-29 -1.5569412213877996e-29 -6.751312877891964e-29 -1.2613230452193954e-28 -1.7903118141411087e-28 -2.167739470044904e-28 -2.3203000251655687e-28 -2.1970704266742075e-28 -1.7628067491800898e-28 -9.915002001235699e-29 2.250217084360465e-29 2.0398234972306454e-28 4.652129363191631e-28 8.359646051890007e-28 1.336045725076794e-27 1.9999708055306876e-27 2.8891964080443033e-27 4.079089928337088e-27 5.627205215129651e-27 7.568606469375756e-27 9.901659071155252e-27 1.2645889057805432e-26 1.5853300792916832e-26 1.9599794724640155e-26 2.423431134815875e-26 3.0111252563244546e-26 3.736810797658298e-26 4.6226171845748246e-26 5.438465224203589e-26 5.924782797198551e-26 6.065473056752059e-26 5.902863059010929e-26 5.518231573468027e-26 5.000100691780502e-26 4.4425520242950025e-26 3.8961683299757036e-26 3.3700539793916004e-26 2.81937546568437e-26 2.2219819778163582e-26 1.5649344408968835e-26 8.43716918809482e-27 6.905714229669521e-28 -7.632235371747738e-27 -1.6438085502158076e-26 -2.4471875032650403e-26 -3.0474713649422636e-26 -3.3229799797453517e-26 -3.173544719441801e-26 -2.5792991455243419e-26 -1.5951031223453563e-26 -3.439010535327233e-27 9.951708757303329e-27 2.2543639465483564e-26 3.273298610096044e-26 3.8954070138357213e-26 4.05602152062855e-26 3.8077105686779547e-26 3.306807924991776e-26 2.5734394344768544e-26 1.638569186504484e-26 5.3408051949469954e-27 -7.143964644790423e-27 -1.9954766297987437e-26 -3.2226784290310575e-26 -4.36633673235639e-26 -5.404386185803256e-26 -6.30814247273717e-26 -7.041702405161488e-26 -7.57844869738878e-26 -7.856304038137964e-26 -7.802844529589312e-26 -7.340173322554287e-26 -6.571337608246527e-26 -5.641812757474927e-26 -4.7110586818197066e-26 -3.9213185897097255e-26 -3.265670302805932e-26 -2.7003942363424504e-26 -2.2271430113913477e-26 -1.8307464529750414e-26 -1.4968672162068764e-26 -1.2111547291736571e-26 -9.733193092998797e-27 -7.784611306753966e-27 -6.19937463661826e-27 -4.900861689037132e-27 -3.8345802660299224e-27 -2.9517966589421063e-27 -2.2095499627162675e-27 -1.5841454526462936e-27 -1.0751541793556331e-27 -6.8733729715328165e-28 -3.952117791193826e-28 -1.7943345280990175e-28 -2.143396329113402e-29 9.491762287641817e-29 1.7437905891080934e-28 2.208291568784538e-28 2.3771712438943135e-28 2.281107443656233e-28 1.9671533765728954e-28 1.4896231095105897e-28 9.039187425245022e-29 3.2899752436791434e-29 -9.537305653095291e-30 -2.4917940651829077e-29 -2.2640936435846472e-29 -1.2119831677507315e-29 -2.3507938719634618e-30 -3.0024458076831702e-31 -5.871364997340157e-31 -1.0940300230289433e-31 4.0105269217190096e-32 4.2082729097550775e-32 -2.423790565245407e-32 -5.548413945232691e-33 4.596569332504112e-33 -1.3602768660973357e-33 1.617822928346666e-33 7.26421793977215e-33 -1.257862493816396e-32 -1.422129066166286e-32 2.5482776137440757e-32 9.373004643741523e-32 -1.3404909352681557e-31 -6.53440218127811e-31 -1.3764136010205266e-30 -4.909344741222068e-30 -1.231977514813394e-29 -2.2705769736299808e-29 -3.710731899516521e-29 -2.580789755451809e-29 3.052458541072049e-29 1.3236275311053835e-28 2.47288481270779e-28 3.5099928696692267e-28 4.249958036871083e-28 4.5490603810980865e-28 4.307462795240648e-28 3.456067859591087e-28 1.9438840788678525e-28 -4.411659394900657e-29 -3.999172588764098e-28 -9.120724539144174e-28 -1.6389490258841417e-27 -2.6193822394037668e-27 -3.921039459150576e-27 -5.664409245235929e-27 -7.997253020831639e-27 -1.1032407888968022e-26 -1.483861891089692e-26 -1.941268133522488e-26 -2.4792876902189498e-26 -3.1081162680915656e-26 -3.8426345169656136e-26 -4.7512539079740956e-26 -5.903456647026196e-26 -7.326198236247606e-26 -9.06286448475113e-26 -1.0662374011058757e-25 -1.1615823125411055e-25 -1.1891653181383302e-25 -1.1572848418968182e-25 -1.0818759795410348e-25 -9.802939151260346e-26 -8.709838032264777e-26 -7.638626382953713e-26 -6.607153762012062e-26 -5.527521911639402e-26 -4.3563030958509957e-26 -3.068129632745382e-26 -1.6541478112289894e-26 -1.3538986608593976e-27 1.4963366451590697e-26 3.2227661377759007e-26 4.797829417013629e-26 5.974714950370208e-26 6.514862909992724e-26 6.221887857280665e-26 5.05684067901811e-26 3.127276791624154e-26 6.742346425323819e-27 -1.951080616315372e-26 -4.419789511191193e-26 -6.417460182579286e-26 -7.637133785839297e-26 -7.952026291813821e-26 -7.465200665184022e-26 -6.483156814596916e-26 -5.045352432038952e-26 -3.212494111774942e-26 -1.0470906802724735e-26 1.4006088081909746e-26 3.912228409986564e-26 6.318216870160562e-26 8.56041426745222e-26 1.059556040858321e-25 1.2367418303958346e-25 1.380559801765695e-25 1.4857915074187619e-25 1.5402663903469793e-25 1.529785395228326e-25 1.4390764681648653e-25 1.2883425092073632e-25 1.1061046681471584e-25 9.236258316056255e-26 7.687934683118444e-26 6.402504517353668e-26 5.294253459078271e-26 4.3664215518034365e-26 3.589266934038643e-26 2.934680547952825e-26 2.374527403490435e-26 1.908239563955899e-26 1.5262106837553025e-26 1.2154173702696743e-26 9.608376288433567e-27 7.517880006031916e-27 5.7871400634962316e-27 4.3319295293871606e-27 3.1057937503250755e-27 2.107891750317168e-27 1.3475580025771488e-27 7.748318007743122e-28 3.5178795957994803e-28 4.202232140412023e-29 -1.8609058865886187e-28 -3.4187857581975823e-28 -4.329462386673602e-28 -4.6605591548392095e-28 -4.472221430093799e-28 -3.8566993026345996e-28 -2.9204781265260895e-28 -1.7721763975026198e-28 -6.450155530696615e-29 1.8698348825606873e-29 4.88528273715778e-29 4.4388650523594657e-29 2.3761515972953269e-29 4.608845041918371e-30 5.886440167142856e-31 1.1511094945965216e-30 2.144898754152995e-31 -7.862831930819259e-32 -8.250522500825664e-32 4.7519585884164156e-32 1.0877933794151025e-32 -9.011796411079885e-33 -4.513602536867028e-33 5.368178975559914e-33 2.4103763975514265e-32 -4.17377629858136e-32 -4.7188374078244844e-32 8.455567090120783e-32 3.110103434914642e-31 -4.447949852585413e-31 -2.1682125893353383e-30 -4.5671466415777414e-30 -1.6289941722719447e-29 -4.0878860577705765e-29 -7.534114740264781e-29 -1.231276465357014e-28 -8.56344725221798e-29 1.0128514972859427e-28 4.391994548748934e-28 8.205402473585395e-28 1.1646682460870793e-27 1.4101997800661502e-27 1.509446421210871e-27 1.4292807209086114e-27 1.146775119588023e-27 6.450098747919179e-28 -1.463854711895974e-28 -1.326985408951238e-27 -3.0263931138646832e-27 -5.438278532401783e-27 -8.691502893656533e-27 -1.3010596656415418e-26 -1.8795358923382064e-26 -2.653608424487663e-26 -3.6607183042120455e-26 -4.9236761732681254e-26 -6.441418647110094e-26 -8.22664818096338e-26 -1.0313195658617929e-25 -1.2750437306676515e-25 -1.5765372640700936e-25 -1.9588554034728668e-25 -2.430942388522312e-25 -3.0071942809995274e-25 -3.5379355171814e-25 -3.854304224748189e-25 -3.9458287717803115e-25 -3.84004457297778e-25 -3.5898266645000693e-25 -3.252762148446426e-25 -2.8900548124732466e-25 -2.5346107306508224e-25 -2.1923526540990905e-25 -1.8341146233543322e-25 -1.4454866646695791e-25 -1.0180514009489015e-25 -5.488710381417587e-26 -4.49243870059926e-27 4.965069276709593e-26 1.069362111091106e-25 1.5919917160574542e-25 1.982499976580444e-25 2.1617291659596786e-25 2.0645156520082464e-25 1.6779355351521675e-25 1.0376773147306416e-25 2.2372116057133674e-26 -6.473977936355839e-26 -1.4665524088766686e-25 -2.129409481090404e-25 -2.534115464560105e-25 -2.638601518020111e-25 -2.4770654779804265e-25 -2.151208608314191e-25 -1.674123562660596e-25 -1.0659536989391264e-25 -3.474403827285474e-26 4.6474299656871153e-26 1.298136027578647e-25 2.0964790624720235e-25 2.8404737676043536e-25 3.5157657624111877e-25 4.103694770799256e-25 4.580904356944012e-25 4.930078929677342e-25 5.110834756578722e-25 5.076057243764423e-25 4.775071427240068e-25 4.274913557622454e-25 3.6702210850086035e-25 3.0647289532639034e-25 2.5509719637398056e-25 2.1244469671851364e-25 1.7567126542666011e-25 1.4488441199873734e-25 1.1909725688982814e-25 9.737709942785951e-26 7.879037847066075e-26 6.331824902740622e-26 5.0641958152166334e-26 4.032937015684156e-26 3.1882032742010886e-26 2.4945452728629832e-26 1.9202598175470938e-26 1.437399149908563e-26 1.0305489196386864e-26 6.994300782979216e-27 4.4713994401522185e-27 2.571008055598891e-27 1.1672851797211739e-27 1.3943636094617643e-28 -6.174764668682516e-28 -1.1344043595774467e-27 -1.4365805151674511e-27 -1.546443385677099e-27 -1.4839501055384026e-27 -1.2797106374330758e-27 -9.690584179699857e-28 -5.880346921385303e-28 -2.1402582871016986e-28 6.204392419128968e-29 1.6210100389173145e-28 1.4728819594583807e-28 7.884427165829449e-29 1.529283867842944e-29 1.953209080784238e-30 3.819553845078027e-30 7.117095569749265e-31 -2.60900549217831e-31 -2.7376470345281024e-31 1.5767710877019052e-31 3.6094614843740907e-32 -2.990249128795795e-32 9.426789374912863e-33 -1.121159697069052e-32 -5.03414078411379e-32 8.71705245282327e-32 9.855428335677275e-32 -1.7659696296735225e-31 -6.495540928842658e-31 9.28967184591155e-31 4.5283746701629125e-30 9.538617784909354e-30 3.4022014186310326e-29 8.537668201529047e-29 1.5735216426527548e-28 2.5715564909873745e-28 1.7885007136287736e-28 -2.115369630375354e-28 -9.172807575246339e-28 -1.7137220261678064e-27 -2.4324432993388687e-27 -2.9452430057277487e-27 -3.1525224847371534e-27 -2.985094102318331e-27 -2.3950729875348015e-27 -1.347121769159311e-27 3.057302879448469e-28 2.771447385805909e-27 6.320709502659491e-27 1.1358001920187363e-26 1.8152455040380757e-26 2.7173007216980086e-26 3.925465043308628e-26 5.542137903012611e-26 7.645515999601065e-26 1.0283240017777474e-25 1.3453089048181338e-25 1.7181592535746825e-25 2.153940725922878e-25 2.6629656895214023e-25 3.2926436493910867e-25 4.0911261353151646e-25 5.077093450348668e-25 6.280612185671927e-25 7.389080599730097e-25 8.049825790840733e-25 8.240977453035879e-25 8.0200440958944495e-25 7.497456760913356e-25 6.7934877755169305e-25 6.035963019459786e-25 5.2936077796613085e-25 4.578791893044185e-25 3.830601410157742e-25 3.018940684277529e-25 2.126229780015091e-25 1.1463330295724654e-25 9.38258809562137e-27 -1.0369690710470942e-25 -2.233393681302406e-25 -3.324920719073741e-25 -4.140508509706743e-25 -4.514833852751929e-25 -4.311800618682276e-25 -3.504416869649005e-25 -2.167219068182544e-25 -4.6724811097624606e-26 1.3521090065475904e-25 3.062937099995471e-25 4.447333256699104e-25 5.292573402118511e-25 5.510795545172852e-25 5.17342285597857e-25 4.492861364041583e-25 3.4964554549597284e-25 2.2262751140375527e-25 7.256392828631329e-26 -9.706291828135189e-26 -2.7111946192040986e-25 -4.378557125503583e-25 -5.932411574032859e-25 -7.342778426037326e-25 -8.570685155479457e-25 -9.56735117097032e-25 -1.0296612359811316e-24 -1.0674126129457992e-24 -1.060149228862702e-24 -9.972874710136597e-25 -8.928280541233695e-25 -7.665362832158329e-25 -6.400775011871675e-25 -5.327778687929309e-25 -4.43696890294545e-25 -3.668945160214965e-25 -3.025952826730526e-25 -2.48738063791623e-25 -2.0337488706169658e-25 -1.645559830510717e-25 -1.3224199345167515e-25 -1.0576719352165862e-25 -8.422905538456194e-26 -6.658654700414538e-26 -5.209929912854281e-26 -4.0105181383970295e-26 -3.0020496758457203e-26 -2.1523312089937876e-26 -1.4607799371091095e-26 -9.33864698639519e-27 -5.3696246446330456e-27 -2.437908840584354e-27 -2.9121687029761245e-28 1.28961745084273e-27 2.3692362977051768e-27 3.0003399337076355e-27 3.2297917145667533e-27 3.099272692449086e-27 2.672712659266651e-27 2.0239065187720354e-27 1.2281274529817684e-27 4.469991301117702e-28 -1.2958052924968216e-28 -3.385526325572408e-28 -3.0761565494464985e-28 -1.6466854053388627e-28 -3.193953565521211e-29 -4.0793336275423314e-30 -7.977248618418121e-30 -1.4864259833873835e-30 5.448983389744866e-31 5.717654969672611e-31 -3.2931319968994406e-31 -7.53846464992589e-32 6.245221745560594e-32 6.57226340932059e-33 -7.816613440935925e-33 -3.5097526798678013e-32 6.07744191478521e-32 6.871106212301558e-32 -1.231216389383179e-31 -4.528626266799461e-31 6.476666437614986e-31 3.157137597042071e-30 6.650229062805593e-30 2.371980853280274e-29 5.952377008972388e-29 1.0970435751516427e-28 1.792863503801217e-28 1.2469248347409145e-28 -1.4748145842066084e-28 -6.395189841145865e-28 -1.194789882997764e-27 -1.6958751771419136e-27 -2.0533940113117024e-27 -2.197907193959927e-27 -2.0811777975410462e-27 -1.6698209682231536e-27 -9.391998436866043e-28 2.1315210495667677e-28 1.9322254425971494e-27 4.4067355469795434e-27 7.91868551714652e-27 1.2655710381736668e-26 1.8944749278003648e-26 2.736795027806027e-26 3.8639232010794754e-26 5.330377405117838e-26 7.169372249536055e-26 9.37935933849012e-26 1.1978834736043175e-25 1.5017059642736856e-25 1.856593085609071e-25 2.295598271053514e-25 2.852292286307543e-25 3.5396988521134226e-25 4.378780095589734e-25 5.151593204300468e-25 5.612258153130064e-25 5.745527183148067e-25 5.591494652911848e-25 5.227151981727875e-25 4.736351835177417e-25 4.208213140118216e-25 3.690650480285205e-25 3.192287982462338e-25 2.6706570494112114e-25 2.104775296784903e-25 1.4823861691902916e-25 7.992119403102471e-26 6.541446693762682e-27 -7.229644811395322e-26 -1.5570997715324482e-25 -2.3181015219224103e-25 -2.8867211848265993e-25 -3.1476970758701237e-25 -3.006144332655006e-25 -2.4432444456289764e-25 -1.5109634921055383e-25 -3.2576071713843333e-26 9.426768965886725e-26 2.135449158526417e-25 3.100636333994911e-25 3.689929322567427e-25 3.842071621490976e-25 3.606858751721512e-25 3.1323780758738554e-25 2.437693826520039e-25 1.5521367772895521e-25 5.059084616582717e-26 -6.767129731013642e-26 -1.8902178134858892e-25 -3.0526863020485083e-25 -4.136018106273178e-25 -5.119311791123873e-25 -5.975396100633788e-25 -6.670261693616536e-25 -7.178695311830827e-25 -7.441894142029682e-25 -7.391254553520363e-25 -6.952988655369561e-25 -6.224708032490322e-25 -5.344214417674993e-25 -4.462556418004358e-25 -3.714474096271575e-25 -3.0934104101133097e-25 -2.5579519264289555e-25 -2.1096640926601136e-25 -1.7341769409769975e-25 -1.4179094029294018e-25 -1.1472678807500283e-25 -9.219779722441497e-26 -7.373983109927247e-26 -5.872365627703354e-26 -4.6423475618116244e-26 -3.632311107368156e-26 -2.7960931959377867e-26 -2.0929990547458566e-26 -1.5005838252257454e-26 -1.0184411845248852e-26 -6.510811422065365e-27 -3.743648681233061e-27 -1.69968569955914e-27 -2.030334952409908e-28 8.99108406949232e-28 1.6518078857707604e-27 2.0918070385910453e-27 2.2517785290286945e-27 2.160781970419855e-27 1.863388575258781e-27 1.4110474134935647e-27 8.562381959131705e-28 3.116433299300043e-28 -9.034225065506061e-29 -2.3603551435329404e-28 -2.144665626167996e-28 -1.1480526201400374e-28 -2.2267925294825214e-29 -2.8440706655451563e-30 -5.5616580729798325e-30 -1.0363213513563107e-30 3.7989768035444473e-31 3.9862919457337545e-31 -2.2959387415406883e-31 -5.255742271787261e-32 4.3541062335891e-32 -1.7174773540982198e-32 2.042653456485851e-32 9.171757690074069e-32 -1.58816958639198e-31 -1.7955715682270918e-31 3.217439922004795e-31 1.1834299042676795e-30 -1.69249575732358e-30 -8.2502967203078e-30 -1.7378514975803957e-29 -6.198509012190354e-29 -1.5554873677334353e-28 -2.8668167705393084e-28 -4.685147681379959e-28 -3.2584895583950203e-28 3.8540157080050734e-28 1.6712041239321067e-27 3.1222494248957206e-27 4.43169579241562e-27 5.365971342471084e-27 5.7436161556416366e-27 5.438576503666481e-27 4.363610401876046e-27 2.454336296362447e-27 -5.570134474112106e-28 -5.049331147008384e-27 -1.1515771697726962e-26 -2.0693271381480687e-26 -3.307216190320866e-26 -4.95068073213662e-26 -7.151848891689107e-26 -1.0097283349211616e-25 -1.3929451549315746e-25 -1.8735150591040543e-25 -2.4510334174669768e-25 -3.1303336594183305e-25 -3.924288822911731e-25 -4.851687126512794e-25 -5.998904480403076e-25 -7.453668698017659e-25 -9.2500136334953e-25 -1.1442717947311826e-24 -1.3462249012250879e-24 -1.4666068103984413e-24 -1.5014329466217227e-24 -1.4611808499078012e-24 -1.3659700758550735e-24 -1.2377131750081431e-24 -1.0996988881001598e-24 -9.64448352414767e-25 -8.34215242446024e-25 -6.979015772633754e-25 -5.500241971563751e-25 -3.8738019393328905e-25 -2.088517033804319e-25 -1.7094242755935476e-26 1.8892656077911694e-25 4.0690450553317808e-25 6.057710436320073e-25 7.543639000856855e-25 8.2256265514844775e-25 7.855718019827061e-25 6.384736490907369e-25 3.9484807837590715e-25 8.512845859267221e-26 -2.463422599505132e-25 -5.580399535905887e-25 -8.102646457050794e-25 -9.642598980096201e-25 -1.0040180355744293e-24 -9.425517260559316e-25 -8.185594627553257e-25 -6.370231500247577e-25 -4.0560756578168393e-25 -1.3220503669309951e-25 1.7684002200391223e-25 4.939555955930079e-25 7.977342450537273e-25 1.0808327338633116e-24 1.3377890561534194e-24 1.5615027635931536e-24 1.743086465399355e-24 1.8759513812253122e-24 1.9447310393177688e-24 1.9314977982047507e-24 1.8169692548926033e-24 1.626653468932494e-24 1.3965610717485165e-24 1.166164395125159e-24 9.706739886082858e-25 8.083763524383238e-25 6.684492433420813e-25 5.513017472564184e-25 4.531786747170562e-25 3.7053099306314633e-25 2.998063954466553e-25 2.409331745237561e-25 1.9269843890327132e-25 1.5345786290093226e-25 1.2131477854670064e-25 9.492029877742837e-26 7.306808082149134e-26 5.469468053088929e-26 3.9213564258506664e-26 2.661411389230634e-26 1.7014185927216026e-26 9.782979503374713e-27 4.4416535219725475e-27 5.305712885214974e-28 -2.3495685325999837e-27 -4.316538246507016e-27 -5.466353055578431e-27 -5.8843938344239076e-27 -5.646599760555709e-27 -4.869445240555465e-27 -3.6873780391748195e-27 -2.2375392129550855e-27 -8.143927400183381e-28 2.3608422325028213e-28 6.168128473940838e-28 5.604484199925879e-28 3.0001146520257713e-28 5.819099907718342e-29 7.432183797437342e-30 1.4533838937925615e-29 2.7081362097290706e-30 -9.927564095295728e-31 -1.0417059867419455e-30 5.999794206686774e-31 1.373441349312998e-31 -1.1378239707135407e-31 -6.14499611982109e-32 7.308450114347166e-32 3.281581284196172e-31 -5.682343305152818e-31 -6.42441095015462e-31 1.1511741790921764e-30 4.234217210382048e-30 -6.055613971971105e-30 -2.9518899467683e-29 -6.217893174637221e-29 -2.2177767741453133e-28 -5.565408954607609e-28 -1.0257240304292888e-27 -1.6763082346779242e-27 -1.1658614072166961e-27 1.3789358920706743e-27 5.979434226656966e-27 1.1171157849449368e-26 1.5856251852711005e-26 1.9199014782478553e-26 2.0550197611180614e-26 1.9458790216025754e-26 1.5612647777854044e-26 8.781418264277463e-27 -1.992949430565109e-27 -1.8066101609182688e-26 -4.120250690608612e-26 -7.403886419024099e-26 -1.1832954094725698e-25 -1.7713138320603723e-25 -2.5588741329001223e-25 -3.61272694160437e-25 -4.9838459663918545e-25 -6.703286512647379e-25 -8.769600846780646e-25 -1.1200082591218917e-24 -1.4040790442548389e-24 -1.7358947138883643e-24 -2.146359875404861e-24 -2.666862836325723e-24 -3.309580636502146e-24 -4.094112640996896e-24 -4.8166846469793886e-24 -5.24740145602367e-24 -5.37200657631087e-24 -5.227987805030621e-24 -4.887331297254557e-24 -4.4284384000717e-24 -3.93463435865146e-24 -3.450718797247561e-24 -2.9847551823353573e-24 -2.4970358289017562e-24 -1.9679424315946444e-24 -1.3860152419741907e-24 -7.472546316029111e-25 -6.116182809203251e-26 6.759640715453824e-25 1.4558716627401805e-24 2.167400174810911e-24 2.6990534889761286e-24 2.943063160895627e-24 2.8107128572325855e-24 2.28440747244973e-24 1.412734734031944e-24 3.0458279277354883e-25 -8.81392834107159e-25 -1.996622164872866e-24 -2.8990618695035917e-24 -3.450044522470238e-24 -3.592295947684608e-24 -3.372374425620189e-24 -2.9287400593233375e-24 -2.2792177027182926e-24 -1.4512313160097141e-24 -4.730190105614732e-25 6.327194051247704e-25 1.767333475358427e-24 2.854229101512609e-24 3.867132772687993e-24 4.786501870271323e-24 5.586931560014706e-24 6.236623470992821e-24 6.712003475923718e-24 6.958091572208179e-24 6.910744097574687e-24 6.500970161778854e-24 5.820035554605583e-24 4.996783425025181e-24 4.172442608037446e-24 3.472993623844234e-24 2.8923057078417566e-24 2.3916577422196145e-24 1.9725134036216665e-24 1.621436925543242e-24 1.3257301539776301e-24 1.0726832201407877e-24 8.62039560909665e-25 6.894595482340943e-25 5.490599167909566e-25 4.340545408121207e-25 3.3961721064868056e-25 2.6143172868619387e-25 1.956931771164882e-25 1.4030298562596646e-25 9.522316346161647e-26 6.087539170255232e-26 3.500271550086693e-26 1.5891879837427016e-26 1.8983415105564843e-27 -8.40656760987765e-27 -1.5444227378684558e-26 -1.9558172483597252e-26 -2.1053888841301793e-26 -2.0203080734078867e-26 -1.742248424026181e-26 -1.3193142671067194e-26 -8.005735719532308e-27 -2.9138318646832647e-27 8.446903972946737e-28 2.2069068590622104e-27 2.005239463509718e-27 1.0734169430334437e-27 2.0820272413404657e-28 2.659175707798275e-29 5.200090921161975e-29 9.689493994915396e-30 -3.552002752796377e-30 -3.727140410820641e-30 2.146678211456403e-30 4.914062912955721e-31 -4.0710428432043785e-31 1.2789263931154251e-31 -1.5210700807152616e-31 -6.829786111661992e-31 1.1826368456637715e-30 1.3370795626437793e-30 -2.3958795286893147e-30 -8.81245819994362e-30 1.2603237470352365e-29 6.143616511356045e-29 1.2940980816180352e-28 4.615744574982708e-28 1.1582999014823076e-27 2.1347865953940975e-27 3.488813992001876e-27 2.4264473004480864e-27 -2.8699082503697055e-27 -1.2444688488624079e-26 -2.3249955468691704e-26 -3.3000800315327834e-26 -3.995792063459997e-26 -4.277006786457052e-26 -4.049857786568891e-26 -3.249379970266934e-26 -1.8276313554608438e-26 4.1478230012261845e-27 3.7600046792506426e-26 8.575265551041814e-26 1.540932747095768e-25 2.462731790802671e-25 3.686544248216345e-25 5.32565293956202e-25 7.518982512305946e-25 1.037262191999741e-24 1.3951204970252139e-24 1.825171856971708e-24 2.331015504405666e-24 2.922237398625432e-24 3.6128282618878684e-24 4.4671082618192326e-24 5.550404266231663e-24 6.888059720997168e-24 8.520865775168078e-24 1.0024717675639915e-23 1.0921146386520573e-23 1.1180480605661722e-23 1.0880741754575313e-23 1.0171750910218734e-23 9.216680758283977e-24 8.188951839930008e-24 7.181803305739517e-24 6.21201723318168e-24 5.1969520625538224e-24 4.095777225353294e-24 2.88464213737882e-24 1.5552225779619236e-24 1.2729296277595934e-25 -1.4068492069547387e-24 -3.030030707885575e-24 -4.510898353256363e-24 -5.617401013578663e-24 -6.125245776187461e-24 -5.849791905782608e-24 -4.7544196154415716e-24 -2.9402520399041224e-24 -6.339124792059082e-25 1.8343975101173048e-24 4.155466877079483e-24 6.033668154761076e-24 7.180399972379252e-24 7.476460537107597e-24 7.018749200140983e-24 6.095435842654679e-24 4.743618415063221e-24 3.0203729932878408e-24 9.844701041255766e-25 -1.3168463101266321e-24 -3.678260136965367e-24 -5.9403600238460005e-24 -8.048464265733043e-24 -9.961899817036701e-24 -1.1627792904697209e-23 -1.2979963217063714e-23 -1.396934713719733e-23 -1.4481517617396152e-23 -1.438297575704792e-23 -1.353013436961125e-23 -1.2112940242779621e-23 -1.039954798652605e-23 -8.683889901243013e-24 -7.228162755088847e-24 -6.019606903453436e-24 -4.977634078141171e-24 -4.105290553965852e-24 -3.37461316210111e-24 -2.759173888622114e-24 -2.2325203382411084e-24 -1.7941185393444976e-24 -1.4349366475811917e-24 -1.1427301258478736e-24 -9.033753600982166e-25 -7.068278087606804e-25 -5.441043920432075e-25 -4.0728613048137804e-25 -2.9200537776697807e-25 -1.9818306570250145e-25 -1.2669681739956669e-25 -7.284934897619412e-26 -3.3074951001106704e-26 -3.950920409722774e-27 1.7496156194652593e-26 3.214327500099452e-26 4.0705417061369255e-26 4.381837448031375e-26 4.2047631386576343e-26 3.626051911628525e-26 2.745820833727964e-26 1.666192542257147e-26 6.0644081843109295e-27 -1.758010619380801e-27 -4.593121580890957e-27 -4.173401617020788e-27 -2.234047397940177e-27 -4.333216064101107e-28 -5.534405442037579e-29 -1.0822681407084062e-28 -2.0166244801445713e-29 7.392600385967422e-30 7.757105373333353e-30 -4.467770798368197e-30 -1.0227386045332714e-30 8.472851793350811e-31 1.2453508486220688e-31 -1.481137558812521e-31 -6.650484325043788e-31 1.1515891824127574e-30 1.3019773279721932e-30 -2.3329807098452664e-30 -8.581105493009753e-30 1.2272365761914673e-29 5.982328675276076e-29 1.2601242357966817e-28 4.494567828883499e-28 1.1278911536472902e-27 2.0787422264410863e-27 3.397222458895424e-27 2.3627459899464746e-27 -2.7945647924453852e-27 -1.2117979146751087e-26 -2.2639576380586102e-26 -3.2134433135160106e-26 -3.890890877289671e-26 -4.1647228944486977e-26 -3.943537217969893e-26 -3.1640742773619877e-26 -1.77965070726829e-26 4.038930545946398e-27 3.6612935970551694e-26 8.35013983758448e-26 1.5004787715370936e-25 2.398077903932385e-25 3.58976171777918e-25 5.185839029140573e-25 7.32158730863058e-25 1.0100310365603237e-24 1.3584945181872044e-24 1.777255776658262e-24 2.2698195541974823e-24 2.845520150736472e-24 3.5179809912976375e-24 4.3498336516747995e-24 5.4046899790306945e-24 6.707228079926788e-24 8.297168216875692e-24 9.761539622443796e-24 1.0634434467265069e-23 1.088696040735564e-23 1.0595090574564089e-23 9.904712805991359e-24 8.974716028829306e-24 7.973967989641233e-24 6.993260039579075e-24 6.048933677660511e-24 5.060516925948542e-24 3.988251137348573e-24 2.808911874999771e-24 1.514393453286061e-24 1.2395115184453892e-25 -1.3699153150674978e-24 -2.950483571274243e-24 -4.392474125372758e-24 -5.469927866264096e-24 -5.964440223873161e-24 -5.696217820277699e-24 -4.62960224471603e-24 -2.86306185496353e-24 -6.172704289946416e-25 1.7862392298132625e-24 4.046373761699562e-24 5.875266782293971e-24 6.991893547834769e-24 7.280181659927531e-24 6.834486579405703e-24 5.9354128882729225e-24 4.6190846076302315e-24 2.9410794000737434e-24 9.58624894803902e-25 -1.2822752570428301e-24 -3.581695089250912e-24 -5.784408261838216e-24 -7.837168623879444e-24 -9.700370915763717e-24 -1.1322529455066229e-23 -1.2639201356190518e-23 -1.360261106513976e-23 -1.410133557767791e-23 -1.400538072836525e-23 -1.3174928912727662e-23 -1.1794940261724135e-23 -1.0126529545360836e-23 -8.455912484580097e-24 -7.038402418298095e-24 -5.86157467975484e-24 -4.8469566776372895e-24 -3.9975147131706714e-24 -3.2860197321994818e-24 -2.6867375331787728e-24 -2.173910173281495e-24 -1.7470176992063367e-24 -1.397265378837601e-24 -1.1127301298543671e-24 -8.79659124238418e-25 -6.8827151890659e-25 -5.298200660900601e-25 -3.9659368261292905e-25 -2.8433938561090744e-25 -1.9298018265732299e-25 -1.233706566998003e-25 -7.093684124726174e-26 -3.220663713222085e-26 -3.8471972199086516e-27 1.70368311197328e-26 3.1299420370176363e-26 3.9636781247313596e-26 4.266801446003714e-26 4.0943758530703005e-26 3.530857482030019e-26 2.67373503490868e-26 1.6224501321809403e-26 5.905199793347765e-27 -1.7118577205602182e-27 -4.472538755764984e-27 -4.06383766297519e-27 -2.175397143359128e-27 -4.219456515014951e-28 -5.389111172793953e-29 -1.0538554480817966e-28 -1.9636822109855449e-29 7.198523082620378e-30 7.553458752125641e-30 -4.3504787952498455e-30 -9.95888735734507e-31 8.250414742605007e-31 -3.5497378623062217e-31 4.221822370766971e-31 1.8956486065574546e-30 -3.282480376144245e-30 -3.711145515693145e-30 6.649909111695104e-30 2.4459512843109313e-29 -3.4981050886746084e-29 -1.705198068261433e-28 -3.591847807566219e-28 -1.281127935239167e-27 -3.2149317122696034e-27 -5.925229824960091e-27 -9.68341507818207e-27 -6.734751805949712e-27 7.965604645998531e-27 3.45409886146141e-26 6.453166325016015e-26 9.159572522246343e-26 1.1090563512124192e-25 1.1871092050908654e-25 1.1240626206553663e-25 9.018851416938764e-26 5.072701799621715e-26 -1.1512534733149036e-26 -1.0436121326644941e-25 -2.38011702844346e-25 -4.276952414229621e-25 -6.835461636252524e-25 -1.0232227427622128e-24 -1.4781673134875295e-24 -2.0869392553125156e-24 -2.87898420150899e-24 -3.872241657859605e-24 -5.065875321992385e-24 -6.469875082443811e-24 -8.110847351341698e-24 -1.0027624227911796e-23 -1.2398730243091991e-23 -1.5405484085346286e-23 -1.9118228027651055e-23 -2.365018038123136e-23 -2.782421265074086e-23 -3.031230497271003e-23 -3.103210284613763e-23 -3.0200159464012965e-23 -2.823231232296534e-23 -2.558145712047358e-23 -2.272893309937494e-23 -1.993353118405231e-23 -1.724183104969603e-23 -1.442445602912128e-23 -1.1368078400086978e-23 -8.006499417842461e-24 -4.316614702430532e-24 -3.5330934531791626e-25 3.904795406516733e-24 8.410034228769305e-24 1.2520272302948422e-23 1.5591437628123467e-23 1.700099160525835e-23 1.6236452661445566e-23 1.3196180354063628e-23 8.160848084043347e-24 1.7594625821797738e-24 -5.091481679993791e-24 -1.1533750653651766e-23 -1.6746812352473696e-23 -1.992963614687165e-23 -2.0751370222518278e-23 -1.94809646128402e-23 -1.691825232190566e-23 -1.316620096386134e-23 -8.383228653321046e-24 -2.732456556180408e-24 3.6549868969035556e-24 1.0209234368051146e-23 1.6487829968173476e-23 2.2339001304459316e-23 2.7649857869021336e-23 3.227364529396415e-23 3.6026676105475804e-23 3.8772771255264563e-23 4.0194331523968703e-23 3.99208226064536e-23 3.755370954747804e-23 3.362020119073025e-23 2.8864576939589526e-23 2.4102663742413622e-23 2.0062204650712547e-23 1.6707784496098504e-23 1.3815725646625376e-23 1.1394483222996813e-23 9.366443752110773e-24 7.658254676524277e-24 6.196495766849894e-24 4.979684952437464e-24 3.982753800836512e-24 3.171716855776417e-24 2.5073731688269485e-24 1.9618435049092765e-24 1.510194780570671e-24 1.1304473874351757e-24 8.104786579523773e-25 5.500691335367743e-25 3.516547104251937e-25 2.021977919640386e-25 9.180153510258848e-26 1.0966019645690914e-26 -4.8561643845301e-26 -8.921561154581509e-26 -1.129803567819876e-25 -1.216205591484217e-25 -1.1670575418357061e-25 -1.0064327267854964e-25 -7.621192461644657e-26 -4.6246185807726855e-26 -1.6832133198448114e-26 4.879465200180936e-27 1.2748487845912281e-26 1.1583529608874579e-26 6.200734212504926e-27 1.2027104311949311e-27 1.5361078358154725e-28 3.0039009440207667e-28 5.597263699505256e-29 -2.0518611276529658e-29 -2.153031700055212e-29 1.2400569148805882e-29 2.8386731013043447e-30 -2.351691465386487e-30 -5.816004935314691e-31 6.917169856346489e-31 3.105891782111236e-30 -5.3781216577785364e-30 -6.080460435931335e-30 1.0895425450031483e-29 4.0075254237378333e-29 -5.73140813370456e-29 -2.7938514758710077e-28 -5.884999209527805e-28 -2.0990412979910495e-27 -5.267447732745518e-27 -9.708087523311969e-27 -1.586561941360177e-26 -1.1034434539090598e-26 1.305110319551249e-26 5.659306875933554e-26 1.0573075665245505e-25 1.5007338806218532e-25 1.817113668290875e-25 1.9449979804690978e-25 1.8417004258954153e-25 1.477677685665045e-25 8.311278167071012e-26 -1.886250710743754e-26 -1.7098877397490925e-25 -3.8996604290023695e-25 -7.007496650244658e-25 -1.11994406079787e-24 -1.6764811142902992e-24 -2.421876959896132e-24 -3.4193085276728225e-24 -4.7170204921350395e-24 -6.344405517726054e-24 -8.300093379790276e-24 -1.0600451833733088e-23 -1.328907368266059e-23 -1.642958268920818e-23 -2.0314479198855073e-23 -2.5240841594621054e-23 -3.13239209234856e-23 -3.874921771511118e-23 -4.5588086705216724e-23 -4.9664657349332786e-23 -5.0843997379808994e-23 -4.948091452829927e-23 -4.62567303520557e-23 -4.191348375860033e-23 -3.7239816475349236e-23 -3.265973989241469e-23 -2.82495716500985e-23 -2.3633493623993042e-23 -1.862582602148034e-23 -1.3118106685720104e-23 -7.072480656074041e-24 -5.7887343532216565e-25 6.397742614856936e-24 1.3779271091560552e-23 2.0513617613404944e-23 2.5545513856969143e-23 2.785497251852495e-23 2.660232727272572e-23 2.1621047144918797e-23 1.337099648155047e-23 2.88276018118799e-24 -8.342047679083444e-24 -1.889726877682672e-23 -2.7438517063321313e-23 -3.265335813948477e-23 -3.399971372970144e-23 -3.191824023586165e-23 -2.771940982820304e-23 -2.1571927963895775e-23 -1.373535198729977e-23 -4.476944873683496e-24 5.9884483300217674e-24 1.672713861209711e-23 2.701419198464647e-23 3.66009396679957e-23 4.5302418215995085e-23 5.287818054317093e-23 5.902726717325957e-23 6.352655796576926e-23 6.585568812424275e-23 6.540756230105367e-23 6.152920798043617e-23 5.508442112173141e-23 4.729265308586176e-23 3.949058103795201e-23 3.2870562647967296e-23 2.7374572562377797e-23 2.2636130139934113e-23 1.8669088523047822e-23 1.5346283296024163e-23 1.2547531264641155e-23 1.015253835872209e-23 8.158876306029633e-24 6.5254721789730846e-24 5.196643110752502e-24 4.108161004126203e-24 3.2143476218779638e-24 2.4743517965564255e-24 1.852161429452594e-24 1.3279143513752085e-24 9.0125099431865e-25 5.76162409195543e-25 3.3128737748802304e-25 1.5041059259158346e-25 1.796707909409957e-26 -7.956496304059201e-26 -1.4617373374926482e-25 -1.851106580867113e-25 -1.992670439677605e-25 -1.9121446899641275e-25 -1.648971815240591e-25 -1.2486807338512412e-25 -7.577124110088849e-26 -2.75783093018347e-26 7.994673222556371e-27 2.0887533437687353e-26 1.8978828252206222e-26 1.0159482773286088e-26 1.970559533675641e-27 2.5168085949869653e-28 4.921688116084209e-28 9.170737249107248e-29 -3.361835399967505e-29 -3.5275965280402107e-29 2.031749215319005e-29 4.6509734949884405e-30 -3.853087088806128e-30 1.3558498887056283e-30 -1.612557775489907e-30 -7.24057677621824e-30 1.2537688208352936e-29 1.4175007927025194e-29 -2.5399843265113684e-29 -9.342500499610324e-29 1.3361283505056993e-28 6.513136177065148e-28 1.371934106287829e-27 4.893367433042726e-27 1.2279680828434944e-26 2.2631874530339748e-26 3.698655442447647e-26 2.5723906626099048e-26 -3.0425244020406067e-26 -1.3193198259576079e-25 -2.4648368859235684e-25 -3.4985697074959587e-25 -4.23612668160101e-25 -4.534255607066213e-25 -4.293444293579109e-25 -3.4448201968524936e-25 -1.9375577718044314e-25 4.3973017473200065e-26 3.9861574011246597e-25 9.091041418887431e-25 1.633615116550986e-24 2.6108575405637832e-24 3.908278557281126e-24 5.645974600560876e-24 7.971226208643793e-24 1.099650325974069e-23 1.4790327086464292e-23 1.9349503367234508e-23 2.471218925560143e-23 3.0980010004607624e-23 3.830128782631703e-23 4.7357911002428296e-23 5.884244031557643e-23 7.302355352862634e-23 9.033369675503084e-23 1.0627673648163634e-22 1.157801979215005e-22 1.1852952167707405e-22 1.153518494527939e-22 1.078355047947383e-22 9.771035791859684e-23 8.68149213637971e-23 7.613766712054316e-23 6.585650986705009e-23 5.509532764628858e-23 4.342125644037715e-23 3.05814450135603e-23 1.6487644396198765e-23 1.3494924486886418e-24 -1.4914668633436018e-23 -3.2122777450892905e-23 -4.782215030093654e-23 -5.955270426250918e-23 -6.493660491192976e-23 -6.201638916569465e-23 -5.040383347940224e-23 -3.11709916603417e-23 -6.720403661766691e-24 1.944730885936137e-23 4.405405444625203e-23 6.39657475908902e-23 7.612278972624632e-23 7.926146670705963e-23 7.440905402798022e-23 6.462057583173996e-23 5.0289324899849305e-23 3.2020391497820853e-23 1.0436829560171438e-23 -1.3960505709973177e-23 -3.8994961853106875e-23 -6.297654431224592e-23 -8.532554667119746e-23 -1.0561077488670635e-22 -1.2327168927825073e-22 -1.376066813053653e-22 -1.4809560454102127e-22 -1.5352536415409415e-22 -1.5248067565016291e-22 -1.4343930388094282e-22 -1.2841496388052487e-22 -1.1025048850917064e-22 -9.206199202082136e-23 -7.662914539945712e-23 -6.381667766446911e-23 -5.27702347657901e-23 -4.3522111692410653e-23 -3.5775857768963316e-23 -2.925129721756114e-23 -2.3667995781999363e-23 -1.902029257868289e-23 -1.521243678719827e-23 -1.2114618323603197e-23 -9.577106127463786e-24 -7.493413299881752e-24 -5.768305996401532e-24 -4.317831399497472e-24 -3.0956860410089654e-24 -2.1010316818798524e-24 -1.3431724165803793e-24 -7.723101343394127e-25 -3.5064307615728915e-25 -4.188556063300346e-26 1.8548496302551948e-25 3.407659429848293e-25 4.31537228906867e-25 4.645391512535009e-25 4.457666726409012e-25 3.844147795860798e-25 2.910973521721929e-25 1.7664089042574333e-25 6.429163692150497e-26 -1.863749572534415e-26 -4.8693837422092906e-26 -4.424418906554199e-26 -2.3684184865384068e-26 -4.593845701346936e-27 -5.867282937629357e-28 -1.1473632448246422e-27 -2.137918249157904e-28 7.83724259135486e-29 8.223671435401505e-29 -4.7364934888890936e-29 -1.0842531900220144e-29 8.98246780301723e-30 2.779936116990779e-30 -3.306271319438244e-30 -1.4845552636821284e-29 2.570636511447978e-29 2.906340651718379e-29 -5.207799349104e-29 -1.9155184340008368e-28 2.7395005075674973e-28 1.3354061268148558e-27 2.8129140254801214e-27 1.0033005098359361e-26 2.517736549842477e-26 4.640275143562701e-26 7.583454435377222e-26 5.274242960034268e-26 -6.238170976572233e-26 -2.7050375239793245e-25 -5.053722486080515e-25 -7.173213166916343e-25 -8.685446406578365e-25 -9.296708298683923e-25 -8.802966277664104e-25 -7.063009082196547e-25 -3.97262770688298e-25 9.01590791984015e-26 8.17292753444978e-25 1.86396108631347e-24 3.349445754383811e-24 5.353112625874449e-24 8.013250423677091e-24 1.1576096151110858e-23 1.634362312428348e-23 2.2546431410882773e-23 3.0325012173465885e-23 3.9672816007288006e-23 5.0668077568110986e-23 6.351916189203109e-23 7.85301780671803e-23 9.709922029016092e-23 1.2064626487784888e-22 1.4972218919655302e-22 1.8521364934106984e-22 2.1790209978411726e-22 2.3738730672042463e-22 2.4302432041445633e-22 2.365090521297012e-22 2.2109808508028723e-22 2.0033821948830123e-22 1.779990079014835e-22 1.561071414780781e-22 1.3502740354823746e-22 1.1296345729785403e-22 8.902778979057152e-23 6.270197322145012e-23 3.3805068314294307e-23 2.7669013086759223e-24 -3.057995302611062e-23 -6.586220922411414e-23 -9.805106280077257e-23 -1.2210253845199244e-22 -1.3314129721769136e-22 -1.2715389899482038e-22 -1.0334435843469147e-22 -6.3910736783811e-23 -1.3779027424207826e-23 3.9873349310641037e-23 9.032523284433361e-23 1.3115072193537382e-22 1.5607663795204987e-22 1.6251195321517611e-22 1.5256291876974476e-22 1.3249333417924252e-22 1.0310957839095401e-22 6.565228452721656e-23 2.139891711248309e-23 -2.8623606730066546e-23 -7.995243692485732e-23 -1.2912253140535843e-22 -1.7494530224967047e-22 -2.165366605167045e-22 -2.5274731636771674e-22 -2.8213874262209566e-22 -3.036444688344582e-22 -3.147772534907388e-22 -3.126353000786373e-22 -2.9409752823382793e-22 -2.6329271297057573e-22 -2.2604959226251115e-22 -1.8875722040093317e-22 -1.5711483283826998e-22 -1.3084507978242713e-22 -1.081962557546142e-22 -8.923457605438494e-23 -7.33522197530994e-23 -5.997473478948887e-23 -4.852713913702216e-23 -3.8997826131350644e-23 -3.1190475246355986e-23 -2.4838933316269953e-23 -1.9636202652317e-23 -1.536395025297527e-23 -1.1826915562040777e-23 -8.852967821383593e-24 -6.3471697637062994e-24 -4.307802724565435e-24 -2.753943143372887e-24 -1.5834885915011844e-24 -7.189330884826894e-25 -8.587910920989461e-26 3.803048944581157e-25 6.9868173482984475e-25 8.847925850029596e-25 9.52457328884887e-25 9.139676023005961e-25 7.881761376178565e-25 5.9684486349900755e-25 3.621716490941364e-25 1.3181890144560024e-25 -3.821296757592398e-26 -9.983830694809503e-26 -9.07150711047812e-26 -4.856033207137406e-26 -9.418887501482844e-27 -1.2029850713872763e-27 -2.3524702448687496e-27 -4.383432267606224e-28 1.6068912860394315e-28 1.6861218492185456e-28 -9.711362160817267e-29 -2.2230739734662948e-29 1.8416999438348284e-29 -7.047567586327911e-30 8.381908648260967e-30 3.763576973524267e-29 -6.516960748385353e-29 -7.368022612048907e-29 1.3202576014612375e-28 4.856135196910543e-28 -6.945057068275045e-28 -3.3854608640516485e-27 -7.131171671995715e-27 -2.5435218100271694e-26 -6.382851164619485e-26 -1.1763814454263694e-25 -1.922522872524583e-25 -1.3371020872028864e-25 1.5814727192007183e-25 6.857688063648559e-25 1.2811967332981217e-24 1.8185203688133905e-24 2.20189486048677e-24 2.356859194979418e-24 2.2316879645239377e-24 1.790581932589254e-24 1.0071225061805358e-24 -2.2856719232480274e-25 -2.0719634023749697e-24 -4.725429341949347e-24 -8.491362491077198e-24 -1.3570967588276672e-23 -2.0314827912637864e-23 -2.934719231288066e-23 -4.143360980231381e-23 -5.715868718187329e-23 -7.687859125562047e-23 -1.0057671827105554e-22 -1.284514051686885e-22 -1.6103088950896747e-22 -1.990861348164216e-22 -2.461615258974726e-22 -3.0585692211349024e-22 -3.79568882702408e-22 -4.695452178582881e-22 -5.524154903321539e-22 -6.01813500512041e-22 -6.161042011729721e-22 -5.995869894038865e-22 -5.60517806823753e-22 -5.0788834000597345e-22 -4.512549870796567e-22 -3.9575572326641374e-22 -3.4231533066675463e-22 -2.8637981790730857e-22 -2.256992025663926e-22 -1.5895919005764463e-22 -8.570107135987423e-23 -7.014522402074358e-24 7.752490564569906e-23 1.6697087645457533e-22 2.4857459366884825e-22 3.0954880056175435e-22 3.375337595943736e-22 3.2235477999940465e-22 2.6199391594219875e-22 1.6202359230286716e-22 3.4931963403367424e-23 -1.0108510125520406e-22 -2.289884211534932e-22 -3.324873438033921e-22 -3.9567839212167614e-22 -4.1199291060738152e-22 -3.867705710881161e-22 -3.358910732573584e-22 -2.6139871233664574e-22 -1.6643868497746311e-22 -5.424956112691017e-23 7.256526564092845e-23 2.026917808429891e-22 3.2734556746737165e-22 4.435133714866481e-22 5.4895389083786535e-22 6.407534982082774e-22 7.152653049352115e-22 7.697856436666197e-22 7.980089728679026e-22 7.925787900292626e-22 7.455826741923894e-22 6.6748770793976595e-22 5.730706426163303e-22 4.785287180082887e-22 3.983103765641582e-22 3.3171249370714073e-22 2.742942253954504e-22 2.2622343764491467e-22 1.8595921048847841e-22 1.5204521919332188e-22 1.230237954825344e-22 9.886551466903413e-23 7.907267388633775e-23 6.29705337367738e-23 4.9780807646058966e-23 3.8949987721415855e-23 2.9983058283774735e-23 2.2443641265870925e-23 1.609105602665873e-23 1.0920945486288275e-23 6.981671366181415e-24 4.014388234261422e-24 1.8226064548244813e-24 2.1771680675610135e-25 -9.6413167055432e-25 -1.7712661517019203e-24 -2.243085911721717e-24 -2.4146264915697695e-24 -2.317049087186988e-24 -1.9981482880099163e-24 -1.5130939455867942e-24 -9.18161087964019e-25 -3.3418128127412375e-25 9.68757778054703e-26 2.5310553427666126e-25 2.2997672151427543e-25 1.2310794473805614e-25 2.387833511343574e-26 3.0497530309261926e-27 5.963875544487137e-27 1.111267807757082e-27 -4.073717687049932e-28 -4.2745794071802905e-28 2.4619803560625192e-28 5.635836004422763e-29 -4.6689939144706384e-29 -4.4327861518381974e-30 5.272061339360476e-30 2.3672184290933265e-29 -4.099044522683267e-29 -4.634346280068073e-29 8.304169523181048e-29 3.054416809730951e-28 -4.36830898546711e-28 -2.1293905914400007e-27 -4.4853715774133136e-27 -1.5998269243725115e-26 -4.0146921836936377e-26 -7.399215889546327e-26 -1.209230366895756e-25 -8.410117929214558e-26 9.947163568524208e-26 4.3133556325236475e-25 8.058484234791437e-25 1.1438147870232408e-24 1.3849500616529651e-24 1.4824196835907255e-24 1.4036893531122648e-24 1.126242029961922e-24 6.334609208575076e-25 -1.4376444492387246e-25 -1.3032256707631333e-24 -2.972205379106659e-24 -5.340905843412196e-24 -8.535881024182507e-24 -1.2777641147986648e-23 -1.8458826889062222e-23 -2.6060954042383836e-23 -3.595172918644307e-23 -4.83551744782971e-23 -6.326084647029606e-23 -8.079349533048533e-23 -1.0128537245493461e-22 -1.252213992681582e-22 -1.548309265056687e-22 -1.9237819734978487e-22 -2.387416210468994e-22 -2.9533502753741757e-22 -3.474588555378853e-22 -3.785292661105483e-22 -3.8751784557182365e-22 -3.7712883303090497e-22 -3.525550589862712e-22 -3.1945212355138877e-22 -2.8383081972391613e-22 -2.4892283638423605e-22 -2.1530984393276237e-22 -1.8012746827314934e-22 -1.4196051318557939e-22 -9.998231232867572e-23 -5.390434643506025e-23 -4.412000972922302e-24 4.876169430359431e-23 1.0502151179629491e-22 1.5634870065261405e-22 1.9470031917424899e-22 2.123023271137327e-22 2.0275503716036466e-22 1.6478919964257554e-22 1.0190976398909193e-22 2.197154218296966e-23 -6.358060928758219e-23 -1.4402936933082387e-22 -2.0912822678864078e-22 -2.488741965245508e-22 -2.5913571895194234e-22 -2.432713462840471e-22 -2.1126910814555502e-22 -1.6441482742415312e-22 -1.0468677310066108e-22 -3.4121944183046826e-23 4.564217420310722e-23 1.2748928175190337e-22 2.0589414694110698e-22 2.789614901976565e-22 3.4528157507306972e-22 4.0302178529482944e-22 4.498882971177468e-22 4.841805550851597e-22 5.019324932881585e-22 4.985170113345881e-22 4.689573466980487e-22 4.1983709561660283e-22 3.6045055413385474e-22 3.0098547853611912e-22 2.505296647826054e-22 2.0864086087140957e-22 1.725258602256292e-22 1.4229024737807125e-22 1.1696481292694307e-22 9.563355626822522e-23 7.737963173567256e-23 6.218453175777927e-23 4.9735210680082504e-23 3.960727023140726e-23 3.1311182932540076e-23 2.4498802827335288e-23 1.8858774451709476e-23 1.4116624286285495e-23 1.0120968777193322e-23 6.869067403593353e-24 4.391338769690468e-24 2.524974012880515e-24 1.146384882809466e-24 1.3693976043425263e-25 -6.064204973818999e-25 -1.1140927656252005e-24 -1.4108584402003688e-24 -1.5187542112957275e-24 -1.4573798796483611e-24 -1.2567973345713665e-24 -9.517073651444658e-25 -5.775058954493347e-25 -2.101936859252632e-25 6.0933020337903e-26 1.5919857317588308e-25 1.4465099072213596e-25 7.743255980463824e-26 1.5019019365906882e-26 1.918236724811378e-27 3.751164485629727e-27 6.989663482768898e-28 -2.562291077236628e-28 -2.6886292812461554e-28 1.5485388962090934e-28 3.5448338397930884e-29 -2.9367085207102314e-29 1.4531097736042985e-29 -1.7282322205167108e-29 -7.759968835256579e-29 1.3437060717006912e-28 1.5191831137855574e-28 -2.7221863436103116e-28 -1.0012670941454092e-27 1.4319735399472805e-27 6.980346355646408e-27 1.470347766830823e-26 5.244385895539024e-26 1.3160545541350792e-25 2.4255338534957096e-25 3.9639730177423297e-25 2.756917309383064e-25 -3.2607753628765613e-25 -1.4139592767936986e-24 -2.641648305943306e-24 -3.749534420251145e-24 -4.539998951717731e-24 -4.859513714851979e-24 -4.601428159966861e-24 -3.691929272944194e-24 -2.076545613488907e-24 4.712735582537772e-25 4.272098482569728e-24 9.743173785550579e-24 1.7508000737356474e-23 2.79814353415126e-23 4.188633124025107e-23 6.050980216908887e-23 8.543030302183353e-23 1.1785321118100253e-22 1.5851289273546964e-22 2.0737511307130094e-22 2.648488151934711e-22 3.3202315100182306e-22 4.104877393555999e-22 5.075506055317749e-22 6.306341555749119e-22 7.826178991249311e-22 9.681365061250843e-22 1.139003406681719e-21 1.2408551882938196e-21 1.2703206124731451e-21 1.236264434121875e-21 1.1557092490731483e-21 1.0471946562587993e-21 9.304246107928057e-22 8.159928983043173e-22 7.058062900259275e-22 5.904750932781278e-22 4.653601592912557e-22 3.2775159662071776e-22 1.7670361148043199e-22 1.4462963087978617e-23 -1.5984550262140728e-22 -3.4427057261441006e-22 -5.125260135532e-22 -6.382462921983314e-22 -6.959473600254892e-22 -6.646504290622947e-22 -5.401947774818825e-22 -3.340699652788145e-22 -7.20248184111898e-23 2.0842332749877e-22 4.72142067577218e-22 6.855423569655012e-22 8.158334522994709e-22 8.494717055067725e-22 7.974667723811662e-22 6.925603706418502e-22 5.389675508497472e-22 3.4317326819427946e-22 1.118550005279803e-22 -1.496194190582175e-22 -4.179220765852209e-22 -6.749407339331493e-22 -9.144624831329234e-22 -1.1318660730968238e-21 -1.3211440121912677e-21 -1.474776926529366e-21 -1.5871902325199624e-21 -1.645382786252004e-21 -1.634186509415547e-21 -1.53728709768878e-21 -1.3762662100413858e-21 -1.1815914391004164e-21 -9.866592257952512e-22 -8.212602357636694e-22 -6.839447245630195e-22 -5.655562934705996e-22 -4.664410587098384e-22 -3.8342185902753775e-22 -3.1349595670115954e-22 -2.536578438087373e-22 -2.0384685076422896e-22 -1.6303678393178022e-22 -1.2983642513220337e-22 -1.0264105640407375e-22 -8.030942195974024e-23 -6.182086876774607e-23 -4.627564634335183e-23 -3.3177504898336723e-23 -2.2517460743920854e-23 -1.439522897925878e-23 -8.277106559958187e-24 -3.757959364414077e-24 -4.489015827406178e-25 1.987904527749566e-24 3.6521028355121296e-24 4.624929130019791e-24 4.9786217920136874e-24 4.7774308451974034e-24 4.119902042063658e-24 3.119787893072033e-24 1.893119627895265e-24 6.890350201421111e-25 -1.9974429062756364e-25 -5.218681779483042e-25 -4.741798043570155e-25 -2.53831347735118e-25 -4.923378417939832e-26 -6.288163796975561e-27 -1.2296676469745212e-26 -2.2912786484097035e-27 8.399435576412145e-28 8.813584322841272e-28 -5.0762588322423135e-28 -1.162030486057396e-28 9.626811822230702e-29 4.482438694617175e-29 -5.331114774655778e-29 -2.393734126219921e-28 4.144958757706864e-28 4.686256538777417e-28 -8.397186222946815e-28 -3.0886299556397885e-27 4.417239306196205e-27 2.1532423296014698e-26 4.5356131376800325e-26 1.6177469113962796e-25 4.0596615684450763e-25 7.48209601529362e-25 1.2227752033725494e-24 8.504321391216143e-25 -1.0058583746129052e-24 -4.3616704040733115e-24 -8.148748954346833e-24 -1.1566268890675517e-23 -1.400463169078253e-23 -1.4990245682183288e-23 -1.4194123634711058e-23 -1.1388572966417177e-23 -6.405564463581865e-24 1.4537477849614897e-24 1.3178233649086621e-23 3.0054976538504896e-23 5.400730413149562e-23 8.631493159964013e-23 1.292076610076055e-22 1.8665587957826572e-22 2.6352868082498934e-22 3.6354431809459476e-22 4.889681061355362e-22 6.396944406810226e-22 8.169847969327681e-22 1.0241989050064886e-21 1.2662402961795902e-21 1.5656521919269303e-21 1.9453306465624166e-21 2.4141581449562417e-21 2.9864313524773127e-21 3.5135081285054546e-21 3.827692494107309e-21 3.918585117751253e-21 3.813531297872179e-21 3.565040998982876e-21 3.2303037175076597e-21 2.870100664568077e-21 2.5171107170048347e-21 2.1772157328968213e-21 1.8214511269014324e-21 1.4355064178096717e-21 1.0110223456288998e-21 5.450814000564878e-22 4.461420719651614e-23 -4.930788392956664e-22 -1.0619787907925107e-21 -1.5809999421678094e-21 -1.9688119701736486e-21 -2.146803686269906e-21 -2.0502613753509975e-21 -1.6663503694956582e-21 -1.0305127595208608e-21 -2.221764987188115e-22 6.42927886392395e-22 1.4564267159864923e-21 2.1147071459438896e-21 2.5166188701809037e-21 2.620383508430162e-21 2.459962781082603e-21 2.1363557638977928e-21 1.6625647133864116e-21 1.058593909288832e-21 3.450415100885227e-22 -4.615342149157338e-22 -1.289173151392348e-21 -2.08200409169702e-21 -2.8208619459779984e-21 -3.4914914423053616e-21 -4.075361142883431e-21 -4.549275874405606e-21 -4.896039599643237e-21 -5.075547412396414e-21 -5.041010017805637e-21 -4.742102333292781e-21 -4.2453977632341364e-21 -3.644880341074816e-21 -3.0435687809970073e-21 -2.5333589851202865e-21 -2.109778895874799e-21 -1.7445835747333437e-21 -1.438840693764718e-21 -1.1827495958331827e-21 -9.67047671805449e-22 -7.824637672679608e-22 -6.288107334361094e-22 -5.0292304888513085e-22 -4.005091931898892e-22 -3.166190585897122e-22 -2.477321889866033e-22 -1.9070015418094994e-22 -1.4274747464176085e-22 -1.0234335805061378e-22 -6.946009222799884e-23 -4.4405270465929876e-23 -2.553256758659912e-23 -1.1592257715140187e-23 -1.3847364920628499e-24 6.132131378417939e-24 1.1265719462147529e-23 1.4266617532779078e-23 1.5357660866629546e-23 1.473704288455542e-23 1.2708749773077273e-23 9.623676329027186e-24 5.8397465627616875e-24 2.1254810787972976e-24 -6.161554377038012e-25 -1.6098178892638881e-24 -1.4627125594362099e-24 -7.829989766664849e-25 -1.5187250461309876e-25 -1.9397232863497855e-26 -3.79318204228734e-26 -7.067956127990404e-27 2.59099182113268e-27 2.7187451653297916e-27 -1.565884395700381e-27 -3.584540245106285e-28 2.9696031906625276e-28 -1.0855762951720842e-28 1.29111232088826e-28 5.797248331497949e-28 -1.0038439515460772e-27 -1.1349377778973743e-27 2.0336667003355773e-27 7.480176959256362e-27 -1.0697860266761375e-26 -5.214814948151016e-26 -1.098454310752308e-25 -3.9179290971296154e-25 -9.831863112335875e-25 -1.812046215498713e-24 -2.96136961484604e-24 -2.0596131560081934e-24 2.436031104346925e-24 1.056328111005084e-23 1.9734990937203736e-23 2.8011687807325406e-23 3.391701978234444e-23 3.630402216661908e-23 3.4375939526585574e-23 2.758133616744664e-23 1.5513271707535384e-23 -3.52074895904596e-24 -3.191561344386494e-23 -7.278843574420469e-23 -1.3079721361053285e-22 -2.0904121632382152e-22 -3.1292067449410746e-22 -4.520512427817021e-22 -6.382251014211732e-22 -8.804472763999852e-22 -1.1842040044740567e-21 -1.5492395286843233e-21 -1.9786089439672367e-21 -2.480448989318399e-21 -3.0666352478326066e-21 -3.791763863525616e-21 -4.711285486169717e-21 -5.846712099922308e-21 -7.23266798429772e-21 -8.509165205652237e-21 -9.270070424644454e-21 -9.490198092583031e-21 -9.235774230140966e-21 -8.63396972937561e-21 -7.823288574134476e-21 -6.950933317513383e-21 -6.096047069934395e-21 -5.272874768449696e-21 -4.4112687336560325e-21 -3.4765712262453034e-21 -2.4485374305882217e-21 -1.32010159466493e-21 -1.0804860706505766e-22 1.1941595550446419e-21 2.57194594282153e-21 3.828933705696381e-21 4.768153566403989e-21 5.199221565144598e-21 4.9654112414244826e-21 4.0356390440605465e-21 2.495740154001418e-21 5.380766070805982e-22 -1.5570704265762707e-21 -3.527236904794761e-21 -5.1214887822224254e-21 -6.094855894118631e-21 -6.3461575610297406e-21 -5.957643739100203e-21 -5.173918336966193e-21 -4.026470779058627e-21 -2.563748291029264e-21 -8.356363796295219e-22 1.1177634258926022e-21 3.122175023513647e-21 5.042287117885776e-21 6.831684869548403e-21 8.455844247399508e-21 9.869885017797387e-21 1.101763211171352e-20 1.1857439426071517e-20 1.2292179172937295e-20 1.2208535024231357e-20 1.1484627529001927e-20 1.0281687023264918e-20 8.827328084252433e-21 7.371045867850604e-21 6.1353978249699765e-21 5.109553334114008e-21 4.225107587509402e-21 3.4846463193236205e-21 2.864433876289352e-21 2.3420376729493667e-21 1.8950044285192214e-21 1.5228808980170874e-21 1.2180006854135166e-21 9.699704018374565e-22 7.668016632633474e-22 5.999684775939339e-22 4.618458410645589e-22 3.4571197789151194e-22 2.4785954935330614e-22 1.68221440900805e-22 1.0754259520721393e-22 6.183587109968436e-23 2.807462866675592e-23 3.353614440150786e-24 -1.4851059692497536e-23 -2.728380426212018e-23 -3.4551508367819956e-23 -3.7193844072547404e-23 -3.5690804733124493e-23 -3.077859717950637e-23 -2.3307033533011056e-23 -1.4142949566797254e-23 -5.147581557573967e-24 1.492231757053701e-24 3.8987262495768435e-24 3.5424602308244805e-24 1.8963006216264387e-24 3.678113681881637e-25 4.697705339124563e-26 9.186491526998392e-26 1.7117480351770368e-26 -6.27497550756382e-27 -6.5843740548921e-27 3.792326224435025e-27 8.681193842650895e-28 -7.191912817533879e-28 -5.886168638102098e-29 7.00061790058189e-29 3.1433609520170273e-28 -5.443002784144009e-28 -6.1538145012943466e-28 1.102686678831749e-27 4.055871806022799e-27 -5.80055126770151e-27 -2.8275562148355674e-26 -5.95599522669986e-26 -2.124363912642915e-25 -5.330993675277771e-25 -9.825204899973996e-25 -1.6057020685124797e-24 -1.1167552992482368e-24 1.3208550080257893e-24 5.727580133786236e-24 1.0700628117874383e-23 1.518838575124513e-23 1.8390351363144983e-23 1.9684622327110936e-23 1.863918509102612e-23 1.4955042391938962e-23 8.411544634953777e-24 -1.9090061198790113e-24 -1.730515628204244e-23 -3.946705497891194e-23 -7.092034319814238e-23 -1.1334549438230695e-22 -1.6967060005725439e-22 -2.4510942218175547e-22 -3.460558697422568e-22 -4.773926120568054e-22 -6.420943745733461e-22 -8.400224818168188e-22 -1.072833455226601e-21 -1.3449391650134834e-21 -1.6627787424477148e-21 -2.0559550914936675e-21 -2.5545344427367108e-21 -3.1701809385184467e-21 -3.92166841765806e-21 -4.613805656201852e-21 -5.0263806522373756e-21 -5.1457373982637516e-21 -5.007784703938861e-21 -4.681476664324967e-21 -4.241912358238717e-21 -3.768907367417879e-21 -3.305374353654256e-21 -2.8590371496743603e-21 -2.391860559922495e-21 -1.885052602961139e-21 -1.3276362155019424e-21 -7.157802336678701e-22 -5.85856929307455e-23 6.474924275716432e-22 1.3945502729567382e-21 2.0761091694747314e-21 2.585369220176858e-21 2.8191011927424002e-21 2.6923254900006545e-21 2.188188113592764e-21 1.3532302737981324e-21 2.9175374714717976e-22 -8.442685274833632e-22 -1.912524343569281e-21 -2.7769532432985147e-21 -3.3047284797042475e-21 -3.44098826764179e-21 -3.2303298504646325e-21 -2.8053813849552425e-21 -2.1832169412788905e-21 -1.390105381105956e-21 -4.530954252072741e-22 6.060692348974233e-22 1.6928933054762759e-21 2.7340088350329836e-21 3.704248954201959e-21 4.584894180441191e-21 5.351609732437818e-21 5.973936588320469e-21 6.429293564395415e-21 6.6650164184147625e-21 6.619663222093287e-21 6.227148984510378e-21 5.574895375813867e-21 4.78631866537097e-21 3.9966991230463284e-21 3.3267109636965487e-21 2.770481650750255e-21 2.2909210016318117e-21 1.8894310428911438e-21 1.5531419231386526e-21 1.2698903351948493e-21 1.027501750516366e-21 8.257304124491251e-22 6.604194782919855e-22 5.259334861450922e-22 4.157721421878586e-22 3.253125169575971e-22 2.5042021129316745e-22 1.874505707081723e-22 1.3439341677317426e-22 9.121235891054483e-23 5.831131697549754e-23 3.352839916893662e-23 1.5222512855710785e-23 1.818383071711534e-24 -8.052482744978585e-24 -1.479371591213677e-23 -1.873438142049868e-23 -2.0167098104285964e-23 -1.9352126047330683e-23 -1.668864838449726e-23 -1.2637446860476545e-23 -7.66853371720903e-24 -2.7911010838324543e-24 8.09112038910359e-25 2.1139518581982292e-24 1.9207786881339905e-24 1.02820457090536e-24 1.9943321601019706e-25 2.5471711256760192e-26 4.981062843797836e-26 9.281372081827616e-27 -3.402392230444813e-27 -3.570153085877034e-27 2.0562600264154465e-27 4.7070823519815785e-28 -3.899570328857065e-28 2.4336287089648667e-28 -2.8943963003396343e-28 -1.2996184627318935e-27 2.2504023600324725e-27 2.544286544678065e-27 -4.559043594502986e-27 -1.6768948910636416e-26 2.3982303222307752e-26 1.1690494237360352e-25 2.4624984718222788e-25 8.783154954190635e-25 2.2040923900935985e-24 4.062218132571222e-24 6.638754111462768e-24 4.6172098744778765e-24 -5.461058361660685e-24 -2.3680606101254924e-23 -4.4241608239209096e-23 -6.279618366468721e-23 -7.603466865104746e-23 -8.138581485949947e-23 -7.706346783855698e-23 -6.183142727143831e-23 -3.477742029079264e-23 7.89276340569763e-24 7.154794714666988e-23 1.6317603058084308e-22 2.9321924352804327e-22 4.686254816019068e-22 7.015009011839985e-22 1.0134017333768874e-21 1.430763511823659e-21 1.9737735693675544e-21 2.6547308696515688e-21 3.473062060424588e-21 4.435616007824114e-21 5.560633531858382e-21 6.874737137677373e-21 8.500319645336334e-21 1.0561689493369417e-20 1.3107071926789298e-20 1.6214087138818052e-20 1.907571955494675e-20 2.0781505518729845e-20 2.1274984442040054e-20 2.0704620828026505e-20 1.9355504482733475e-20 1.75381315685569e-20 1.5582498572302713e-20 1.3666027338265805e-20 1.1820651954482346e-20 9.889116401066085e-21 7.793725475612257e-21 5.489094652647889e-21 2.959384034668629e-21 2.422217342497421e-22 -2.677049090162688e-21 -5.765750051577473e-21 -8.583646457996785e-21 -1.0689175523981814e-20 -1.1655537330422793e-20 -1.1131384837875144e-20 -9.047035402784328e-21 -5.594913051495018e-21 -1.2062521252322639e-21 3.490617230777826e-21 7.907307042236306e-21 1.148127711023354e-20 1.366335697636307e-20 1.422672130425074e-20 1.335575681842238e-20 1.1598812910502063e-20 9.026482102428766e-21 5.74737266157888e-21 1.873317172290778e-21 -2.5057853559673243e-21 -6.999245358910146e-21 -1.1303723994288925e-20 -1.5315169167858413e-20 -1.8956185421837644e-20 -2.212616091787162e-20 -2.4699163223990722e-20 -2.6581830726862537e-20 -2.7556423801288234e-20 -2.7368911595179934e-20 -2.574606657611485e-20 -2.3049332505692946e-20 -1.978897234551647e-20 -1.6524300611001978e-20 -1.3754243272448492e-20 -1.1454520404592588e-20 -9.471783130972696e-21 -7.811828111662418e-21 -6.421445113540757e-21 -5.250345101524241e-21 -4.248192646122745e-21 -3.4139716694102184e-21 -2.7304957591655512e-21 -2.1744651713298085e-21 -1.7190045255197996e-21 -1.3450003798965181e-21 -1.0353591148238976e-21 -7.750119536791642e-22 -5.5564783984588565e-22 -3.7711631691411105e-22 -2.410873862317295e-22 -1.3862273422104312e-22 -6.293728470482648e-23 -7.518083829228851e-24 3.3292883092302066e-23 6.116442446269644e-23 7.7457055202666e-23 8.338060409240823e-23 8.001111307977105e-23 6.899899964615856e-23 5.224935991593019e-23 3.170545338053568e-23 1.153977171723797e-23 -3.345262666257898e-24 -8.740106198866284e-24 -7.941434431826368e-24 -4.251098422597465e-24 -8.2455403185026805e-25 -1.0531245573405581e-25 -2.0594139571013046e-25 -3.837371174443268e-26 1.4067146406755163e-26 1.476075143159485e-26 -8.501580300938118e-27 -1.946137074965717e-27 1.612272277353751e-27 4.819019978477426e-28 -5.731422177412621e-28 -2.573476941649134e-27 4.4561990762304225e-27 5.0381422615156994e-27 -9.027721586372535e-27 -3.3205516804239425e-26 4.748924832120796e-26 2.314926835946691e-25 4.876187066057719e-25 1.7392216448285878e-24 4.3644968586413966e-24 8.043918056005983e-24 1.3145920340125137e-23 9.142902205726647e-24 -1.0813869434473913e-23 -4.689182978434128e-23 -8.760628864501869e-23 -1.2434766433403103e-22 -1.505622311430093e-22 -1.6115845794074805e-22 -1.5259943987580362e-22 -1.2243727949406119e-22 -6.886551343940022e-23 1.562907230822872e-23 1.416777070213663e-22 3.2311768051724325e-22 5.806264738898394e-22 9.279621619861044e-22 1.3890970976598952e-21 2.0067164703068328e-21 2.8331673602901803e-21 3.908424293993637e-21 5.2568414174352706e-21 6.877283391907128e-21 8.783312197116099e-21 1.1011047916379302e-20 1.3613207864810483e-20 1.683215170369554e-20 2.0914032358881265e-20 2.5954344432726624e-20 3.210678977568442e-20 3.777333332410985e-20 4.11510943290567e-20 4.212827074716613e-20 4.0998848839275553e-20 3.8327357380759445e-20 3.4728634269034714e-20 3.0856131510977294e-20 2.7061176055380354e-20 2.3407003094990854e-20 1.9582217602327043e-20 1.5432969190413325e-20 1.0869388388708202e-20 5.860109370626147e-21 4.796425242249275e-22 -5.3010353203788175e-21 -1.141721512426964e-20 -1.6997153526474462e-20 -2.1166477304879448e-20 -2.3080046351429074e-20 -2.204213074158518e-20 -1.7914746414644163e-20 -1.1078927338688654e-20 -2.3885945619104255e-21 6.912045966868422e-21 1.5657880940430404e-20 2.2734980259352134e-20 2.7055888279395205e-20 2.817145029681389e-20 2.644678496921384e-20 2.2967722074883804e-20 1.787404741882564e-20 1.1380824777387666e-20 3.709502652082732e-21 -4.961902851729554e-21 -1.3859756584321757e-20 -2.2383393434157338e-20 -3.032677166077957e-20 -3.7536634429590505e-20 -4.3813752326938894e-20 -4.890875664162341e-20 -5.263677470727483e-20 -5.456664315731821e-20 -5.419533550308129e-20 -5.098181239134401e-20 -4.5641797048094454e-20 -3.918570131921584e-20 -3.2721067900600275e-20 -2.723585937972853e-20 -2.2681997162411555e-20 -1.8755823065169316e-20 -1.5468815512680096e-20 -1.2715608734217816e-20 -1.0396621452442231e-20 -8.412180520093112e-21 -6.760273922241648e-21 -5.406869491953785e-21 -4.30582957274521e-21 -3.403936109212633e-21 -2.663341071267296e-21 -2.0501960376332245e-21 -1.534662137948075e-21 -1.100281995067612e-21 -7.467576785727293e-22 -4.7739608972857755e-22 -2.744977705444624e-22 -1.2462705775280395e-22 -1.4887138841971556e-23 6.592586642649186e-23 1.2111649703631225e-22 1.5337881567482957e-22 1.6510849946479784e-22 1.5843630369154479e-22 1.3663034989643595e-22 1.0346306887883503e-22 6.278246173981275e-23 2.2850807861973418e-23 -6.624220028092317e-24 -1.7306973224092513e-23 -1.5725459632350494e-23 -8.417934577694512e-24 -1.632764357923665e-24 -2.0853749478897903e-25 -4.0780076501493027e-25 -7.5986808450361e-26 2.7855463817070453e-26 2.922892591611438e-26 -1.6834648401706293e-26 -3.8536991969649054e-27 3.1925872422472405e-27 -1.2840922265513228e-27 1.5272139781379001e-27 6.857372963263857e-27 -1.1874137495970331e-26 -1.3424802864563108e-26 2.4055569641404352e-26 8.848053407507301e-26 -1.2654144396850852e-25 -6.168431731189585e-25 -1.2993251772530373e-24 -4.6343883939567455e-24 -1.1629784852794378e-23 -2.1434093989604302e-23 -3.5029060103233017e-23 -2.4362482974836587e-23 2.8815001297504817e-23 1.249495460205797e-22 2.3343866006303844e-22 3.313409630428886e-22 4.0119317742675033e-22 4.294282383282289e-22 4.0662159018229935e-22 3.262504831601675e-22 1.8350135438416704e-22 -4.164575886338059e-23 -3.7751918738778718e-22 -8.609902385038455e-22 -1.5471568227049458e-21 -2.4726791682981e-21 -3.701434811860748e-21 -5.347164142743283e-21 -7.549352949428688e-21 -1.0414518697442132e-20 -1.4007556261975405e-20 -1.8325440380389788e-20 -2.3404308758542545e-20 -2.9340408183369216e-20 -3.62742109851441e-20 -4.4851516851334854e-20 -5.572823313147018e-20 -6.915881795039785e-20 -8.555283042278632e-20 -1.006520926631062e-19 -1.0965258809110706e-19 -1.1225640521879302e-19 -1.0924690969794138e-19 -1.0212836385002468e-19 -9.253908537558283e-20 -8.222028444238315e-20 -7.210811864314982e-20 -6.237108660275501e-20 -5.2179434679014016e-20 -4.112320796590263e-20 -2.8962937254133335e-20 -1.561504410798849e-20 -1.2780714088585448e-21 1.4125316952748386e-20 3.0422695092975396e-20 4.5291186378046464e-20 5.640090655688716e-20 6.149986691535345e-20 5.873420213314153e-20 4.7736235227137273e-20 2.9521282096562516e-20 6.364729450161928e-21 -1.8418069740467493e-20 -4.1722515408118704e-20 -6.058039198521728e-20 -7.209402864310025e-20 -7.506659267798589e-20 -7.047099153196044e-20 -6.120056370241782e-20 -4.762778714237199e-20 -3.032572801365417e-20 -9.884465430036583e-21 1.3221652917372145e-20 3.693117282532278e-20 5.964354186383489e-20 8.080973429179098e-20 1.0002137679910688e-19 1.1674759599503693e-19 1.3032391563067647e-19 1.4025771778119163e-19 1.4540011005955755e-19 1.4441071119655189e-19 1.358478495733071e-19 1.2161866534300729e-19 1.0441553584350647e-19 8.718965653091826e-20 7.257358568681741e-20 6.043921147729913e-20 4.9977396113035405e-20 4.121872538835811e-20 3.3882438132593776e-20 2.770318673101225e-20 2.2415378769787043e-20 1.8013652965601807e-20 1.4407326063187143e-20 1.1473458113340263e-20 9.07024249815053e-21 7.09682808536624e-21 5.4630212347678255e-21 4.08931229022435e-21 2.931848371809736e-21 1.989835603993561e-21 1.272085666802059e-21 7.314359899514826e-22 3.320854538568723e-22 3.9668778812795424e-23 -1.756682706533965e-22 -3.2273107998406775e-22 -4.086983390711316e-22 -4.399536496753543e-22 -4.2217469393427203e-22 -3.640698182580853e-22 -2.7569116841375635e-22 -1.6729225731960358e-22 -6.088903188725944e-23 1.7651117376606245e-23 4.611674115780441e-23 4.190258756302913e-23 2.243071114209714e-23 4.350718717345778e-24 5.556760009630866e-25 1.0866396133856157e-24 2.024770000940034e-25 -7.422460421910893e-26 -7.788437728549099e-26 4.485816932929546e-26 1.026869628363706e-26 -8.5070751625817e-27 -1.498298174333459e-27 1.7819762997955506e-27 8.001286188672968e-27 -1.3854922705331717e-26 -1.566426242524221e-26 2.806840145908706e-26 1.0324042134514693e-25 -1.4765046505532319e-25 -7.197419147676861e-25 -1.5160722037269259e-24 -5.407474237676286e-24 -1.3569808287166775e-23 -2.5009624036644874e-23 -4.0872435639426805e-23 -2.842651291113567e-23 3.362177714925186e-23 1.4579301301385276e-22 2.723797467220337e-22 3.866136297960792e-22 4.681182467446633e-22 5.010633417768222e-22 4.744522014503541e-22 3.806739829732007e-22 2.141121486028878e-22 -4.859289578852977e-23 -4.4049507347695545e-22 -1.0046163815380026e-21 -1.80524589246245e-21 -2.8851593132169765e-21 -4.318889916285056e-21 -6.2391517023263686e-21 -8.80869879178402e-21 -1.215181736898118e-20 -1.6344227752548158e-20 -2.1382400020861203e-20 -2.730850019413981e-20 -3.423483047417963e-20 -4.232529609246749e-20 -5.233342586090704e-20 -6.502454236302708e-20 -8.069555117425847e-20 -9.982433204208352e-20 -1.1744237881963286e-19 -1.2794429254442945e-19 -1.309824656054495e-19 -1.2747094085817447e-19 -1.1916491425867367e-19 -1.0797599959871566e-19 -9.593586714559713e-20 -8.413683968680261e-20 -7.277552395481904e-20 -6.088375089038067e-20 -4.798317892894961e-20 -3.379439178752778e-20 -1.8219868887873587e-20 -1.491273057087254e-21 1.6481632644669802e-20 3.549765909949661e-20 5.284643883690481e-20 6.580942779333544e-20 7.175897159209128e-20 6.853195223294165e-20 5.569935867888857e-20 3.4445876828938876e-20 7.426462189738023e-21 -2.1490481424966208e-20 -4.8682459868987743e-20 -7.0686114483828e-20 -8.412039926860942e-20 -8.75888317826775e-20 -8.22266150921693e-20 -7.14097401660744e-20 -5.557281989334965e-20 -3.5384516509258536e-20 -1.1533343218324233e-20 1.5427223942802453e-20 4.3091849137762305e-20 6.959298366629426e-20 9.429001601801119e-20 1.1670645005992633e-19 1.3622285471957341e-19 1.5206390909663774e-19 1.6365481917507636e-19 1.6965504000036207e-19 1.6850059450113635e-19 1.5850931849679878e-19 1.4190649186115564e-19 1.2183362105484453e-19 1.0173420542297556e-19 8.467995365325782e-20 7.052138292562035e-20 5.831437906930187e-20 4.8094630050820795e-20 3.953453950401334e-20 3.2324495831862956e-20 2.6154601801830728e-20 2.1018601788059715e-20 1.681068520155419e-20 1.33874038565953e-20 1.0583295654017827e-20 8.28068597264471e-21 6.374335513615618e-21 4.771471211717449e-21 3.420924865685919e-21 2.3217701696415774e-21 1.484288724720688e-21 8.534505330706873e-22 3.8748230873137276e-22 4.628612533159501e-23 -2.049723891113329e-22 -3.765674911052346e-22 -4.768753842311457e-22 -5.133445512262286e-22 -4.92599797169985e-22 -4.248021519186342e-22 -3.2168061068553657e-22 -1.951991269168631e-22 -7.104623941002731e-23 2.059559057534305e-23 5.380970910824149e-23 4.889257090092845e-23 2.6172491880439345e-23 5.076484189487104e-24 6.4837113851410175e-25 1.267907480287871e-24 2.362532163853819e-25 -8.660638707434787e-26 -9.08766655250579e-26 5.234118820419621e-26 1.1981669613845994e-26 -9.926183538173535e-27 4.99363390127121e-27 -5.9390963692810216e-27 -2.6667251389016254e-26 4.617666440013285e-26 5.220695925582266e-26 -9.354834997847342e-26 -3.440869608020277e-25 4.920998900778827e-25 2.398806623220077e-24 5.05287232716009e-24 1.802241134233625e-23 4.5226413851706473e-23 8.33538391336358e-23 1.362225391925942e-22 9.474189456836913e-23 -1.1205701758645954e-22 -4.8590921898169905e-22 -9.078064098197316e-22 -1.2885331508413018e-21 -1.5601774877216537e-21 -1.6699792284850988e-21 -1.5812877522759281e-21 -1.2687371062316197e-21 -7.136080971657059e-22 1.6195377452287014e-22 1.4681129523656975e-21 3.3482561794341234e-21 6.016650608166431e-21 9.615862129531059e-21 1.4394300486801493e-20 2.0794284254323004e-20 2.935825183510904e-20 4.0500432984080585e-20 5.447319371742299e-20 7.126476927024011e-20 9.101569353163875e-20 1.141002551959113e-19 1.4106472915763057e-19 1.7442052938785515e-19 2.1671837695797762e-19 2.6894781969417657e-19 3.3270156888703705e-19 3.9142023696904266e-19 4.264217551217648e-19 4.365475922566469e-19 4.2484413490774705e-19 3.971612239518749e-19 3.5987002063372203e-19 3.197418187843638e-19 2.804171887383506e-19 2.425513952263676e-19 2.0291765612907947e-19 1.5992172095205478e-19 1.1263233141287345e-19 6.072446406039738e-20 4.9702210995038564e-21 -5.493114552797053e-20 -1.1830909858740012e-19 -1.7613033432417504e-19 -2.193342974646392e-19 -2.391633562933416e-19 -2.284081186646692e-19 -1.8563874649843692e-19 -1.1480364451723428e-19 -2.475143552188225e-20 7.162499170562404e-20 1.6225233348718269e-19 2.3558766407900116e-19 2.80362395052466e-19 2.9192223127390315e-19 2.7405065750042664e-19 2.379994143552196e-19 1.852170102904642e-19 1.1793200992793213e-19 3.8439138606709816e-20 -5.141693971649619e-20 -1.4361955224376482e-19 -2.319444010454132e-19 -3.142564109266451e-19 -3.8896748200213487e-19 -4.540131307633324e-19 -5.068093131097365e-19 -5.454403150947453e-19 -5.654382740114154e-19 -5.61590656802621e-19 -5.282910280438932e-19 -4.729559572841406e-19 -4.0605567867736116e-19 -3.3906692959342385e-19 -2.82227317306092e-19 -2.350386349175524e-19 -1.9435427214649492e-19 -1.6029317237362823e-19 -1.3176349933605375e-19 -1.0773335767302527e-19 -8.71699000336837e-20 -7.005227723244372e-20 -5.602783628273164e-20 -4.461848296234857e-20 -3.527275352650843e-20 -2.759845370509197e-20 -2.124483454621147e-20 -1.5902695439667322e-20 -1.1401499398411823e-20 -7.738159165801644e-21 -4.9469419877446214e-21 -2.8444400094730802e-21 -1.2914282794029338e-21 -1.5426560207558877e-22 6.831464732019061e-22 1.255050713435376e-21 1.5893639204410634e-21 1.710910922177777e-21 1.641771335639523e-21 1.4158105573378191e-21 1.0721198094347961e-21 6.5057339953595855e-22 2.3678790175625973e-22 -6.864244791870968e-23 -1.7934079744010268e-22 -1.6295260835412626e-22 -8.722952590900243e-23 -1.6919264480117167e-23 -2.160937104530554e-24 -4.2257714193454115e-24 -7.874013822841668e-25 2.886478721517035e-25 3.0288015829397666e-25 -1.7444640235278894e-25 -3.993335311081534e-26 3.308268426835236e-26 3.4766385947474055e-27 -4.1348829982005e-27 -1.8566117449625697e-26 3.2148846388097465e-26 3.6347224414604866e-26 -6.512968195958623e-26 -2.3955822197043625e-25 3.4260691133510604e-25 1.6700832695860482e-24 3.517881836533072e-24 1.254746021560822e-23 3.148727438321463e-23 5.803212767647635e-23 9.484005416208982e-23 6.596061520067622e-23 -7.801575803895397e-23 -3.382970066520573e-22 -6.320278524522118e-22 -8.970952344035966e-22 -1.0862178815886767e-21 -1.1626633920867912e-21 -1.100915075158883e-21 -8.833127892595835e-22 -4.968239660834081e-22 1.1275482230147595e-22 1.0221216464971929e-21 2.3311044140522376e-21 4.188878979610097e-21 6.694701756736217e-21 1.002151916527816e-20 1.4477279730013313e-20 2.0439636831886217e-20 2.8196983153060116e-20 3.7925019517247464e-20 4.9615555090868416e-20 6.336643155129762e-20 7.943823403753807e-20 9.821128701782204e-20 1.2143407263143307e-19 1.5088243925305723e-19 1.872453242474079e-19 2.3163159607464705e-19 2.725123726960935e-19 2.968809309409328e-19 3.0393068458171806e-19 2.957825710664994e-19 2.7650933284787406e-19 2.50546663181941e-19 2.2260883387771926e-19 1.9523046230379103e-19 1.688677533797275e-19 1.412741754464773e-19 1.113397885755042e-19 7.841623743110614e-20 4.227723600731547e-20 3.460332869285122e-21 -3.8243856949329056e-20 -8.236849563008152e-20 -1.2262446795658095e-19 -1.527036857793054e-19 -1.6650896064352397e-19 -1.590210106707669e-19 -1.2924436137340095e-19 -7.99279482872486e-20 -1.7232309403030196e-20 4.986634111536231e-20 1.129623958085048e-19 1.6401950411202995e-19 1.951923136256168e-19 2.032404376452075e-19 1.9079799256418824e-19 1.6569860130863938e-19 1.289507362745373e-19 8.210595605858176e-20 2.676188125328856e-20 -3.579720676707501e-20 -9.998998565603023e-20 -1.6148301011012113e-19 -2.1878981024125473e-19 -2.7080472812983176e-19 -3.160904406688779e-19 -3.5284789916050534e-19 -3.797433558113081e-19 -3.936662206765652e-19 -3.909874538928691e-19 -3.67803775346244e-19 -3.292787071649282e-19 -2.827017761445454e-19 -2.360632507746792e-19 -1.964906993832e-19 -1.6363726330375192e-19 -1.3531222760315208e-19 -1.115984023080466e-19 -9.173563541412757e-20 -7.50055066525547e-20 -6.068893298637256e-20 -4.8771398886457093e-20 -3.900738228672147e-20 -3.106402714088782e-20 -2.4557396492853632e-20 -1.9214439074026576e-20 -1.4790958441725665e-20 -1.1071684705609495e-20 -7.93788757251816e-21 -5.387417645481173e-21 -3.444132266105262e-21 -1.980340258255671e-21 -8.991112181555908e-22 -1.0740223505222208e-22 4.75616090392113e-22 8.737840583335982e-22 1.1065377447771507e-21 1.1911605516660469e-21 1.1430246258654847e-21 9.857075407157716e-22 7.464251630890433e-22 4.529385546906856e-22 1.6485519157991236e-22 -4.778978958539304e-23 -1.2485959496668948e-22 -1.1344992638058692e-22 -6.073044236123743e-23 -1.1779433054790569e-23 -1.5044749207681623e-24 -2.9420424936432683e-24 -5.482000473775702e-25 2.0096077205480443e-25 2.108694871284678e-25 -1.2145207457771251e-25 -2.780217103605859e-26 2.3032637244288237e-26 -1.3243946254003883e-26 1.5751469760850486e-26 7.072597813657209e-26 -1.224681802606332e-25 -1.3846152499573762e-25 2.481057535321227e-25 9.125757634387562e-25 -1.305130620859441e-24 -6.362033624629472e-24 -1.3401057049401758e-23 -4.7798429880162757e-23 -1.1994796431079321e-22 -2.210682270994837e-22 -3.6128478655586994e-22 -2.5127120051800302e-22 2.9719389853229513e-22 1.2887120702913257e-21 2.4076535267586476e-21 3.41740409933408e-21 4.137850001291176e-21 4.429062432913414e-21 4.1938378517040225e-21 3.3649015322844625e-21 1.892607065010896e-21 -4.295286352015733e-22 -3.8936799921236964e-21 -8.880132486122295e-21 -1.595715821541831e-20 -2.5502865618816847e-20 -3.817607862547793e-20 -5.514989961606866e-20 -7.786296539638566e-20 -1.0741388212445791e-19 -1.4447196641213263e-19 -1.8900601610908186e-19 -2.41388750418107e-19 -3.026128451603147e-19 -3.741271122264105e-19 -4.625922386681971e-19 -5.747731605752952e-19 -7.132943232631125e-19 -8.823798618705589e-19 -1.0381115288318296e-18 -1.1309413730195885e-18 -1.1577967771019502e-18 -1.126757264023117e-18 -1.0533375835765816e-18 -9.544351139302965e-19 -8.4800845193376435e-19 -7.43712995430621e-19 -6.432866156515699e-19 -5.381713503381874e-19 -4.241389822847759e-19 -2.9871965974978124e-19 -1.610513664886675e-19 -1.3181845838049738e-20 1.456865358945756e-19 3.137754022991126e-19 4.67126930531173e-19 5.81711022150316e-19 6.343009823184524e-19 6.057763049033581e-19 4.923448208559722e-19 3.0447835540557744e-19 6.56449271292674e-20 -1.8996137947258582e-19 -4.303201556326815e-19 -6.248176432198602e-19 -7.435676729015096e-19 -7.742262805784322e-19 -7.2682789685245465e-19 -6.312140080994874e-19 -4.912262995796602e-19 -3.127752950956915e-19 -1.0194698762385545e-19 1.3636626749656e-19 3.809029215313321e-19 6.151551018179791e-19 8.334602340868704e-19 1.0316064134275245e-18 1.204118286282997e-18 1.3441425379737391e-18 1.4465983763507776e-18 1.4996362869219952e-18 1.4894317659071281e-18 1.4011156152067056e-18 1.2543578102644958e-18 1.0769271522531616e-18 8.992618558988847e-19 7.485137568970757e-19 6.233615278606521e-19 5.15459835512079e-19 4.2512413740544154e-19 3.4945870232600443e-19 2.857267723174263e-19 2.311890646098476e-19 1.857902836680613e-19 1.4859513514634097e-19 1.1833563369590165e-19 9.354920580119312e-20 7.319568706567157e-20 5.634483296777953e-20 4.217659209630154e-20 3.0238672014177133e-20 2.0522884798611788e-20 1.31201128755589e-20 7.543928126771998e-21 3.425082839967842e-21 4.091383544334101e-22 -1.81181771408147e-21 -3.328602870602448e-21 -4.215257112608607e-21 -4.537620011544295e-21 -4.354250383180497e-21 -3.754964887465385e-21 -2.843439941411737e-21 -1.7254288342939584e-21 -6.280009423724782e-22 1.8205111144354082e-22 4.7564156594771135e-22 4.321773894069676e-22 2.3134719911870666e-22 4.487270048196445e-23 5.731163925952501e-24 1.120744812498676e-23 2.088319272272606e-24 -7.655421253523657e-25 -8.032885071062398e-25 4.626608461096223e-25 1.0590988884343176e-25 -8.774077630939971e-26 -2.981607631003325e-26 3.5461260434873666e-26 1.5922528677245256e-25 -2.757124265725909e-25 -3.117182254357369e-25 5.585600966966791e-25 2.054480488123336e-24 -2.938238620724386e-24 -1.4322837369091853e-23 -3.016978216900113e-23 -1.0760854335339836e-22 -2.7003869280676673e-22 -4.976905894324449e-22 -8.133598742139029e-22 -5.65686339585952e-22 6.690724979277103e-22 2.90127609940567e-21 5.420347531836251e-21 7.693597632620244e-21 9.31553647410018e-21 9.971142519518793e-21 9.441581538589488e-21 7.575398017261406e-21 4.260823063524881e-21 -9.669984802791146e-22 -8.765838564102764e-21 -1.9991833434927618e-20 -3.5924333342545573e-20 -5.741457334203864e-20 -8.594576292717476e-20 -1.241589060330685e-19 -1.7529280390805215e-19 -2.418207472153853e-19 -3.252495675705306e-19 -4.255090194611189e-19 -5.434382050471013e-19 -6.812719341352156e-19 -8.422719154102623e-19 -1.0414333444228502e-18 -1.2939861127436686e-18 -1.6058386308545493e-18 -1.986500689184722e-18 -2.337099194335393e-18 -2.5460869080430047e-18 -2.6065464494809636e-18 -2.536667236639629e-18 -2.3713776042869962e-18 -2.1487185971505e-18 -1.909120382425741e-18 -1.6743201460371606e-18 -1.448230356302482e-18 -1.2115844844682038e-18 -9.548635507707251e-19 -6.725071811081326e-19 -3.6257471927124347e-19 -2.967624710551523e-20 3.27983946553852e-19 7.064022042842278e-19 1.0516423100604653e-18 1.30960533374943e-18 1.4280010466520188e-18 1.3637834776926142e-18 1.1084153182791895e-18 6.854717740288037e-19 1.47786366478432e-19 -4.2765980270795805e-19 -9.687792245948246e-19 -1.4066511818464494e-18 -1.673992979389048e-18 -1.7430146670320566e-18 -1.6363067465004348e-18 -1.4210513190591794e-18 -1.105897166269457e-18 -7.041506430292907e-19 -2.295131375898806e-19 3.0700119689594133e-19 8.57526262299239e-19 1.3848979055195698e-18 1.8763679802648608e-18 2.3224542300634698e-18 2.7108299977045456e-18 3.026066423527621e-18 3.2567251251527764e-18 3.3761293054830566e-18 3.353155877498244e-18 3.1543298360645283e-18 2.8239341734090324e-18 2.4244847565960657e-18 2.024507099038475e-18 1.6851280929175537e-18 1.4033730359835896e-18 1.1604540906107765e-18 9.570814457561185e-19 7.86735945474204e-19 6.432563302076595e-19 5.20475656377692e-19 4.182694370988462e-19 3.3453204533926193e-19 2.6640886724188443e-19 2.1060721286087343e-19 1.6478536137106712e-19 1.2684905443364244e-19 9.49521113306264e-20 6.807628665525896e-20 4.6203146927450676e-20 2.953729561640464e-20 1.6983637696209976e-20 7.71088625421676e-21 9.210939858399179e-22 -4.078941859442643e-21 -7.493678599086092e-21 -9.48980238281867e-21 -1.0215537761502219e-20 -9.80271813020895e-21 -8.453547621559636e-21 -6.401432817412038e-21 -3.884455957623171e-21 -1.4138180108295041e-21 4.098511670034542e-22 1.0708111164624966e-21 9.729603673664097e-22 5.208316517763384e-22 1.010218502080945e-22 1.290256042779785e-23 2.5231313753817953e-23 4.701430297928919e-24 -1.723463997719246e-24 -1.8084423536697157e-24 1.0415877534186594e-24 2.3843479648099874e-25 -1.9753069573962265e-25 8.587857350826619e-26 -1.0213827037422378e-25 -4.586130090653519e-25 7.941282951128023e-25 8.978349895965579e-25 -1.6088080690885491e-24 -5.917473926078201e-24 8.462942572501343e-24 4.1253746359315564e-23 8.68973455871557e-23 3.0994246951149014e-22 7.777863775828136e-22 1.4334870119067433e-21 2.3427021294190677e-21 1.6293335753899516e-21 -1.9271145885315515e-21 -8.356480475309702e-21 -1.5612105311254302e-20 -2.2159696474318492e-20 -2.6831330440065478e-20 -2.871965775002787e-20 -2.719437507923699e-20 -2.1819248508827407e-20 -1.2272352612919435e-20 2.7852244968101113e-21 2.5248048607641793e-20 5.758202973004104e-20 1.0347205164634374e-19 1.6536990756545003e-19 2.475476524794387e-19 3.57612110706594e-19 5.048919287364996e-19 6.965108701098068e-19 9.368090280679456e-19 1.2255840759775757e-18 1.565252860894992e-18 1.962252255297624e-18 2.425976885565269e-18 2.999617076264081e-18 3.72703914175524e-18 4.625260944047588e-18 5.721673319021846e-18 6.731494317607835e-18 7.333436935849044e-18 7.507577196603399e-18 7.306305671158697e-18 6.830225656760854e-18 6.188905919412177e-18 5.498796561792843e-18 4.822506712612089e-18 4.171305366892396e-18 3.4896995750243185e-18 2.750272033547925e-18 1.9370073218468833e-18 1.0443158113844472e-18 8.547581728131566e-20 -9.446848067614283e-19 -2.034634415854415e-18 -3.0290217387148305e-18 -3.77202684220811e-18 -4.1130393552762404e-18 -3.928074934504693e-18 -3.1925437604190776e-18 -1.9743489676341625e-18 -4.256657617798225e-19 1.2317789183213077e-18 2.790353038763331e-18 4.051545804675924e-18 4.821564380950315e-18 5.020365998567944e-18 4.71301757249982e-18 4.093022200127267e-18 3.185290772855046e-18 2.0281492858353962e-18 6.610615398414283e-19 -8.842486473216203e-19 -2.4699136283409075e-18 -3.98889032779983e-18 -5.404460546310023e-18 -6.689312753454873e-18 -7.807942755101428e-18 -8.715911152959072e-18 -9.380272230619895e-18 -9.724189408634254e-18 -9.65801955896543e-18 -9.08534537703274e-18 -8.133714171137376e-18 -6.983188988858722e-18 -5.831142326736906e-18 -4.853636598669279e-18 -4.042103836765548e-18 -3.3424298546240474e-18 -2.75666019344686e-18 -2.266017874843313e-18 -1.852756761387416e-18 -1.499114344130227e-18 -1.2047320662439104e-18 -9.635451374675025e-19 -7.673314776166191e-19 -6.066072257914132e-19 -4.746275760897483e-19 -3.653604832542883e-19 -2.734884344306552e-19 -1.9607860024155431e-19 -1.3307788714020245e-19 -8.507560989388137e-20 -4.891759089227488e-20 -2.2209493113019863e-20 -2.6530068616167716e-21 1.1748484167608182e-20 2.1583873786256374e-20 2.7333264365702384e-20 2.942358375290422e-20 2.823454871711573e-20 2.434856327903635e-20 1.8437903171188823e-20 1.1188311318015532e-20 4.072188373016276e-21 -1.1804849982172863e-21 -3.0842331464491748e-21 -2.8023958717242255e-21 -1.5001397044841914e-21 -2.909709642830467e-22 -3.716295426690264e-23 -7.267318618923643e-23 -1.354142397504782e-23 4.964054627796763e-24 5.208815866951105e-24 -3.000061797739696e-24 -6.867583871005711e-25 5.689432243361747e-25 2.5991501831000545e-26 -3.0912564499706847e-26 -1.3880111286194383e-25 2.4034619879324936e-25 2.717334236859664e-25 -4.8691241905282705e-25 -1.790947485718524e-24 2.5613441398278736e-24 1.2485611947453995e-23 2.6299823988468575e-23 9.380530518748277e-23 2.354001219299646e-22 4.338505985020458e-22 7.09028510586232e-22 4.931251910553382e-22 -5.832474444110631e-22 -2.529120144877298e-21 -4.7250635955575654e-21 -6.706718063596855e-21 -8.1206068706082e-21 -8.692117198224832e-21 -8.230485379417406e-21 -6.6036835679035175e-21 -3.714279739428438e-21 8.42952756282394e-22 7.641411443324622e-21 1.7427413473854254e-20 3.131620333747714e-20 5.004982579091196e-20 7.492123486947486e-20 1.0823266548650739e-19 1.5280746876670037e-19 2.108016794986337e-19 2.835288439765174e-19 3.709277280431008e-19 4.737298004661696e-19 5.938832058934963e-19 7.342312630544395e-19 9.078456963329272e-19 1.128002819531034e-18 1.3998531546720195e-18 1.731686643386801e-18 2.0373129080067476e-18 2.2194931754038682e-18 2.2721973830044723e-18 2.211281751046267e-18 2.0671942695584678e-18 1.8730963603329393e-18 1.6642320971057286e-18 1.4595503719435637e-18 1.262461784869539e-18 1.0561711736520009e-18 8.323805829178859e-19 5.862428831161947e-19 3.160663520258004e-19 2.5869724260259814e-20 -2.8591237335961693e-19 -6.157898479976937e-19 -9.16745029860974e-19 -1.1416184076018323e-18 -1.2448271645828042e-18 -1.188846954384498e-18 -9.66235588942101e-19 -5.97544223616386e-19 -1.2882927306024158e-19 3.7280275232526344e-19 8.445112237771764e-19 1.2262160869335583e-18 1.4592651831993414e-18 1.5194332531616073e-18 1.4264130483718766e-18 1.2387690325987789e-18 9.640405822842184e-19 6.138272087177843e-19 2.0007278541672208e-19 -2.676213491291788e-19 -7.475290152760956e-19 -1.207253209834366e-18 -1.6356810264677376e-18 -2.0245465253411103e-18 -2.3631042270601194e-18 -2.6379043794787486e-18 -2.8389758404826405e-18 -2.943063720004807e-18 -2.9230371710370923e-18 -2.749715110974731e-18 -2.4617002231809256e-18 -2.113489291162183e-18 -1.764817875972235e-18 -1.4689719604319361e-18 -1.2233584133981372e-18 -1.0115993618964204e-18 -8.343138981850436e-19 -6.858190960792435e-19 -5.607440169518911e-19 -4.5371276681041835e-19 -3.646168276428269e-19 -2.9162066729191116e-19 -2.3223584133805647e-19 -1.8359202247808275e-19 -1.436478690654748e-19 -1.1057775918799416e-19 -8.2772326896677e-20 -5.9343940014629e-20 -4.027652967647219e-20 -2.574845440818237e-20 -1.4805090143401488e-20 -6.721781464386131e-21 -8.029359519264418e-22 3.555730166728767e-21 6.532447989353215e-21 8.27252238770194e-21 8.905164704501729e-21 8.545297664265446e-21 7.369188118414072e-21 5.5803029652187815e-21 3.3861850110514368e-21 1.2324622215348102e-21 -3.5727980206101374e-22 -9.334559264457734e-22 -8.481562707376897e-22 -4.540231620692639e-22 -8.806351685689967e-23 -1.1247521865973193e-23 -2.1994823595337996e-23 -4.098366058452044e-24 1.5023906145886043e-24 1.5764686923229175e-24 -9.079805378185252e-25 -2.0785011809869484e-25 1.7219290282481233e-25 -1.7568741154533634e-25 2.089509369714824e-25 9.382146064099655e-25 -1.6246001524796606e-24 -1.8367597347248467e-24 3.2912437895469736e-24 1.210576335642782e-23 -1.7313194871113912e-23 -8.439548754452808e-23 -1.7777158812026935e-22 -6.340696010825307e-22 -1.5911684998418163e-21 -2.932578152131142e-21 -4.792618812457882e-21 -3.333233777812385e-21 3.942425278980684e-21 1.7095400063692207e-20 3.193870673426801e-20 4.533354245536826e-20 5.489060963475717e-20 5.87536840491931e-20 5.563331285780822e-20 4.463706373688404e-20 2.5106352784959842e-20 -5.697919874793593e-21 -5.1651591653996464e-20 -1.17799336213042e-19 -2.1167956157781085e-19 -3.3830806167830692e-19 -5.064244591996774e-19 -7.315905328463625e-19 -1.032890505679141e-18 -1.4248979272759844e-18 -1.9164916104951443e-18 -2.5072576420268013e-18 -3.2021403238120444e-18 -4.0143079873309395e-18 -4.962979835896042e-18 -6.136513142205308e-18 -7.624648096453534e-18 -9.462199253500642e-18 -1.170520184093344e-17 -1.3771058783178823e-17 -1.5002492222371965e-17 -1.5358742369751533e-17 -1.4946988042048285e-17 -1.397303998644993e-17 -1.266105019804172e-17 -1.1249248279746205e-17 -9.865717828910219e-18 -8.533512569704174e-18 -7.139106944002661e-18 -5.6264115796724425e-18 -3.962662682045662e-18 -2.136425181610653e-18 -1.7486339666453417e-19 1.9326036694257426e-18 4.162384972936273e-18 6.1966682463297746e-18 7.716682449365296e-18 8.414314083824187e-18 8.03592026031752e-18 6.531195965026644e-18 4.03905508287104e-18 8.708123997492865e-19 -2.5199307589120247e-18 -5.70840793545922e-18 -8.288512590690572e-18 -9.863790032437578e-18 -1.0270491528579578e-17 -9.641728730235889e-18 -8.373363596845807e-18 -6.5163579713782404e-18 -4.14911785218113e-18 -1.3523769205226795e-18 1.808965332918727e-18 5.052864033161583e-18 8.160334150701864e-18 1.1056258860687365e-17 1.368476517609741e-17 1.5973219840041466e-17 1.783071026241075e-17 1.9189837229349954e-17 1.989341111857368e-17 1.9758043115745655e-17 1.8586486032736245e-17 1.6639671754424775e-17 1.4285967048362235e-17 1.19291497521619e-17 9.929402271103573e-18 8.269196553550191e-18 6.8378276668471695e-18 5.63948030784664e-18 4.635741182546044e-18 3.790305856091868e-18 3.0668364016069832e-18 2.4645992955473064e-18 1.9711873991765123e-18 1.5697802645279676e-18 1.2409761362175384e-18 9.709767230436488e-19 7.474418749619002e-19 5.594932076870505e-19 4.0113084006874803e-19 2.7224615510015327e-19 1.7404475252355895e-19 1.0007392460398227e-19 4.5435419294594964e-20 5.427433969066056e-21 -2.403464005730391e-20 -4.4155541364635004e-20 -5.591744680270089e-20 -6.019375064539427e-20 -5.776126437427079e-20 -4.9811450030139796e-20 -3.7719626086249984e-20 -2.2888661726334262e-20 -8.330743286285987e-21 2.4149946241367414e-21 6.309617275813403e-21 5.733044607110146e-21 3.068934009309277e-21 5.952583435768684e-22 7.602668385228203e-23 1.4867229562479794e-22 2.770257699881374e-23 -1.0155291541002909e-23 -1.0656015556073974e-23 6.13742279284883e-24 1.4049465952413991e-24 -1.1639243999788364e-24 -3.7914185122238434e-25 4.509261149797302e-25 2.0247121975954703e-24 -3.5059652621590175e-24 -3.9638153305090595e-24 7.102662876477494e-24 2.612481387360811e-23 -3.736270285287542e-23 -1.8212945501391866e-22 -3.8363939746088135e-22 -1.3683517739262368e-21 -3.433816167793952e-21 -6.328642392297403e-21 -1.0342702875992545e-20 -7.193289220031953e-21 8.507916769150533e-21 3.6892647901506455e-20 6.892519772169348e-20 9.783188257680562e-20 1.184564862229193e-19 1.2679319109258068e-19 1.2005929949090174e-19 9.632890179292816e-20 5.4180742753517107e-20 -1.2296278456389804e-20 -1.114663959024726e-19 -2.54216247656273e-19 -4.56814069024875e-19 -7.300841759729294e-19 -1.092887079123424e-18 -1.5788058176713653e-18 -2.2290250295904865e-18 -3.0749951113186664e-18 -4.135876955694379e-18 -5.410777330729166e-18 -6.910366278627289e-18 -8.663061671729908e-18 -1.071033941901844e-17 -1.3242878684000303e-17 -1.6454343006752402e-17 -2.041986380934002e-17 -2.5260367689769493e-17 -2.971858294222207e-17 -3.237607329130775e-17 -3.314487732487576e-17 -3.225629205455668e-17 -3.015446678299654e-17 -2.732313204185862e-17 -2.427639831774992e-17 -2.1290675887059804e-17 -1.841571567596451e-17 -1.540652418584881e-17 -1.214205792244149e-17 -8.551611094410866e-18 -4.610506300734556e-18 -3.7736541370364707e-19 4.1706458941316054e-18 8.982617123587328e-18 1.3372694613912937e-17 1.6652955640415582e-17 1.8158476955750766e-17 1.7341885402719367e-17 1.4094620682831823e-17 8.716465517706024e-18 1.8792516008008636e-18 -5.4381285299083766e-18 -1.2319009377470494e-17 -1.7886994351330637e-17 -2.1286515791991107e-17 -2.216419628033787e-17 -2.0807296880045233e-17 -1.8070106035227367e-17 -1.4062601739272898e-17 -8.953987768897961e-18 -2.9184911628692144e-18 3.903831943300928e-18 1.0904315632237648e-17 1.7610380055199048e-17 2.3859919613759242e-17 2.953235782776898e-17 3.447094880812645e-17 3.847949904084553e-17 4.1412558006859007e-17 4.293090320584267e-17 4.2638772985908255e-17 4.0110498609083844e-17 3.59091830956112e-17 3.082977903825063e-17 2.5743657845753825e-17 2.1428109980430277e-17 1.7845309058026388e-17 1.475634863916069e-17 1.2170259513094197e-17 1.0004144000296785e-17 8.179655429811949e-18 6.618374846234502e-18 5.318719281110661e-18 4.2539135569031e-18 3.387658368939274e-18 2.6780838307947833e-18 2.0954125916991234e-18 1.6130140363824022e-18 1.207412107126822e-18 8.6565878284425485e-19 5.875196645890931e-19 3.7559649435256454e-19 2.1596403049927762e-19 9.805161790865592e-20 1.1712547712211144e-20 -5.18679562945724e-20 -9.528977729933101e-20 -1.2067249882092393e-19 -1.2990094572633897e-19 -1.2465151270867792e-19 -1.0749543024171098e-19 -8.140069987169481e-20 -4.939477901133465e-20 -1.7978108237804993e-20 5.211692396949247e-21 1.3616458516159923e-20 1.2372180112860533e-20 6.622902599496709e-21 1.2845954584568554e-21 1.640692512393972e-22 3.2084172514400933e-22 5.978346766200631e-23 -2.1915592713652313e-23 -2.2996180467000458e-23 1.3244845532601082e-23 3.0319402233912137e-24 -2.511803180765845e-24 1.1407428657149044e-24 -1.35672374861863e-24 -6.091851772692865e-24 1.0548571102695685e-23 1.1926127633534183e-23 -2.1370132755498182e-23 -7.860302395748903e-23 1.1241501540945219e-22 5.479819493532178e-22 1.1542750099933623e-21 4.1170283523823105e-21 1.0331494030768603e-20 1.9041301119220698e-20 3.1118600998805455e-20 2.164279731127831e-20 -2.5598209851251698e-20 -1.1100077011281052e-19 -2.0737870201249037e-19 -2.9435168564011197e-19 -3.5640595599527054e-19 -3.814890089499311e-19 -3.6122840165827954e-19 -2.8982955289045954e-19 -1.6301626132569095e-19 3.6996500780858973e-20 3.353746252552671e-19 7.648732862449377e-19 1.3744395367819555e-18 2.196641038109923e-18 3.2882243529800393e-18 4.750232453206595e-18 6.706579620993385e-18 9.251892237996677e-18 1.2443820639464319e-17 1.6279677304551482e-17 2.0791565716403485e-17 2.606498814833777e-17 3.222473526110414e-17 3.984451294564651e-17 4.950700635363091e-17 6.143826715692573e-17 7.600213328051809e-17 8.941578855499508e-17 9.741151288654949e-17 9.972465229501919e-17 9.70511215621402e-17 9.072725480433907e-17 8.22084761888912e-17 7.304161570526999e-17 6.405832283822258e-17 5.540828574921515e-17 4.635438029435196e-17 3.6532416874167445e-17 2.5729659437148096e-17 1.3871859844612353e-17 1.1353966480211803e-18 -1.2548432902332533e-17 -2.702645178894795e-17 -4.023509780676615e-17 -5.010458344550927e-17 -5.4634320868167944e-17 -5.2177401085564154e-17 -4.240719310369103e-17 -2.6225668117176312e-17 -5.65419981121602e-18 1.6361968715959372e-17 3.706481993527965e-17 5.3817495439104145e-17 6.404580601832942e-17 6.668652738849306e-17 6.260395633072052e-17 5.436843326746859e-17 4.231085451292555e-17 2.6940311942918356e-17 8.781011162545815e-18 -1.1745653940942132e-17 -3.280835975140227e-17 -5.298523162129402e-17 -7.178853432707583e-17 -8.88554833644705e-17 -1.0371446949503122e-16 -1.157751954188242e-16 -1.2460003679607472e-16 -1.2916835791358448e-16 -1.2828941094238529e-16 -1.2068246516079425e-16 -1.0804175687925377e-16 -9.275909973834398e-17 -7.745623243257216e-17 -6.447182758975878e-17 -5.369207510091232e-17 -4.439816524803899e-17 -3.661726940438795e-17 -3.0099969179074584e-17 -2.461053903394553e-17 -1.9913035950310804e-17 -1.6002697164752804e-17 -1.27989628578909e-17 -1.0192617493131874e-17 -8.057685046188927e-18 -6.304572910059204e-18 -4.853156218909976e-18 -3.6328013826822444e-18 -2.604551041670811e-18 -1.7676999468467593e-18 -1.1300760882060792e-18 -6.497818934996528e-19 -2.9501290355633114e-19 -3.5240208043387357e-20 1.5605765053067032e-19 2.867030697666626e-19 3.6307334645460497e-19 3.9083944788006567e-19 3.750452270524929e-19 3.2342687370757373e-19 2.4491436229609626e-19 1.486165549944289e-19 5.4091650696256897e-20 -1.5680663388377253e-20 -4.0968511527252103e-20 -3.722479466170524e-20 -1.9926658068407834e-20 -3.865026400510046e-21 -4.936432634323783e-22 -9.6533254679556e-22 -1.7987349553530657e-22 6.593853889473058e-23 6.918975578793781e-23 -3.98504278815717e-23 -9.122350086669594e-24 7.557387705558849e-24 6.629927203707083e-25 -7.885194888764795e-25 -3.540546612479181e-24 6.1307643032420496e-24 6.931391959242552e-24 -1.2420188723028927e-23 -4.568359502394705e-23 6.533491457696488e-23 3.1848376161957395e-22 6.708576470035415e-22 2.3927919918523286e-21 6.004601675822749e-21 1.1066687900042875e-20 1.8085937886322468e-20 1.257865353613696e-20 -1.4877537736075666e-20 -6.451299072271526e-20 -1.2052726111280237e-19 -1.7107543062168288e-19 -2.0714099317729279e-19 -2.217191056873795e-19 -2.0994375394094853e-19 -1.6844716176346986e-19 -9.47440270852054e-20 2.1502203473509902e-20 1.9491779649971427e-19 4.445398630561727e-19 7.988161350011374e-19 1.2766747409808263e-18 1.911096441959896e-18 2.760806805524302e-18 3.897824066877729e-18 5.377144509085203e-18 7.232274158164072e-18 9.461651035674854e-18 1.2083933487015848e-17 1.5148814917338897e-17 1.8728822921782276e-17 2.3157391866675938e-17 2.8773174825179597e-17 3.57075516694582e-17 4.4171982824930524e-17 5.196791842669315e-17 5.661498535418974e-17 5.795936824395052e-17 5.640552848253834e-17 5.2730135312152996e-17 4.777907241706144e-17 4.24513481038055e-17 3.723031208815754e-17 3.220296227783743e-17 2.6940886606492092e-17 2.123242028842546e-17 1.4953922412881524e-17 8.062240402835894e-18 6.598844022781924e-19 -7.293075184918382e-18 -1.570761275663317e-17 -2.3384398410655446e-17 -2.912048412742259e-17 -3.1753140316353894e-17 -3.032519341038853e-17 -2.4646807284666006e-17 -1.5242202096655203e-17 -3.286188096979128e-18 9.509477056153255e-18 2.1541850041783396e-17 3.1278404529985225e-17 3.722303727700075e-17 3.8757808766483785e-17 3.638504311764729e-17 3.1598606726320664e-17 2.4590814555309676e-17 1.5657547740828196e-17 5.1034714186871945e-18 -6.826502835738466e-18 -1.9068020758340582e-17 -3.0794697362403444e-17 -4.1723063876055677e-17 -5.164227211862808e-17 -6.027822561002196e-17 -6.728784706843455e-17 -7.241679179369776e-17 -7.507187245635307e-17 -7.45610336387668e-17 -7.013992245268495e-17 -6.279321889811117e-17 -5.3911030650268697e-17 -4.5017096389414927e-17 -3.7470638490401706e-17 -3.1205511225175595e-17 -2.5803946749937162e-17 -2.1281736891275768e-17 -1.7493921187699323e-17 -1.4303497385797363e-17 -1.1573336838176567e-17 -9.300671449611204e-18 -7.438680335987402e-18 -5.923888083544491e-18 -4.6830781843542175e-18 -3.66417995355783e-18 -2.820625300932106e-18 -2.1113624090639263e-18 -1.5137494945679546e-18 -1.0273766699689428e-18 -6.567935147972101e-19 -3.776494116974091e-19 -1.7145980046821943e-19 -2.0481462653000126e-20 9.06997124359322e-20 1.6663005429483844e-19 2.1101600922814159e-19 2.2715350958378635e-19 2.1797401268513536e-19 1.8797374535641476e-19 1.4234275468684519e-19 8.637505613877675e-20 3.143775546732736e-20 -9.113493567550837e-21 -2.3810644984789014e-20 -2.1634824129148215e-20 -1.1581253301290062e-20 -2.2463298641480238e-21 -2.869024056673363e-22 -5.610454553847115e-22 -1.0454137941985861e-22 3.8323080285134156e-23 4.0212666669959297e-23 -2.3160827253895097e-23 -5.3018547647093334e-24 4.392308028862539e-24 -3.413276055612143e-24 4.059523584818834e-24 1.8227747251418848e-23 -3.156292993883126e-23 -3.5684785720623e-23 6.394269199415752e-23 2.3519217598923096e-22 -3.363628073613249e-22 -1.6396449966486027e-21 -3.453765087645542e-21 -1.2318769982874047e-20 -3.091339080273327e-20 -5.697445715145301e-20 -9.311159529029964e-20 -6.475860352344713e-20 7.659358473952992e-20 3.321309187695958e-19 6.205082417648023e-19 8.807445574428344e-19 1.0664203368342764e-18 1.141472674324813e-18 1.0808499674926228e-18 8.672139605955815e-19 4.8776961139781385e-19 -1.1069854047457936e-19 -1.0034906178852818e-18 -2.288615026443653e-18 -4.1125287288646635e-18 -6.572679073725297e-18 -9.838860322253044e-18 -1.421340826127756e-17 -2.0067093086450002e-17 -2.768305118915896e-17 -3.7233781073642176e-17 -4.871124134316622e-17 -6.221149050935564e-17 -7.799036426706966e-17 -9.642125493707862e-17 -1.192207773800538e-16 -1.4813241362068037e-16 -1.8383254430160838e-16 -2.2740982717448243e-16 -2.6754550528335095e-16 -2.9146991621471395e-16 -2.9839117598786644e-16 -2.903915673572519e-16 -2.714696042599735e-16 -2.459801358037756e-16 -2.1855151006499661e-16 -1.9167214719030085e-16 -1.6578993624394736e-16 -1.3869929028968934e-16 -1.0931049902341555e-16 -7.698702411610553e-17 -4.1506704006444466e-17 -3.3972899684409322e-18 3.7546787241396025e-17 8.086719930342823e-17 1.2038945697284843e-16 1.4992044402369435e-16 1.6347410011938364e-16 1.5612262525539873e-16 1.2688869177278016e-16 7.847113402665458e-17 1.6918206270938426e-17 -4.895748140786109e-17 -1.1090352637243107e-16 -1.6103005196163107e-16 -1.9163469602034557e-16 -1.9953613097491475e-16 -1.8732046268229858e-16 -1.6267853673766341e-16 -1.266004446000141e-16 -8.060946582650359e-17 -2.6274102612352652e-17 3.5144770910636476e-17 9.816755863816478e-17 1.5853979744367286e-16 2.1480211002882653e-16 2.658689906074903e-16 3.1032931357441276e-16 3.464168209047481e-16 3.72822075292097e-16 3.8649118090626025e-16 3.8386124037639553e-16 3.6110011353945393e-16 3.232772101350039e-16 2.77549197012443e-16 2.3176071190868304e-16 1.9290941635578193e-16 1.6065477315501972e-16 1.3284599499964643e-16 1.0956438284400715e-16 9.006363923549338e-17 7.363843775725598e-17 5.958280121662166e-17 4.788247876245439e-17 3.829642329889355e-17 3.0497845500966675e-17 2.4109806136117812e-17 1.8864230637404412e-17 1.4521373341346024e-17 1.0869887906957655e-17 7.793208049627645e-18 5.289223567277157e-18 3.3813569958148327e-18 1.9442444930913e-18 8.82722326148083e-19 1.054433921813797e-19 -4.669485118659081e-19 -8.578591864310343e-19 -1.086370466058873e-18 -1.1694507363233989e-18 -1.122191962250979e-18 -9.677419896550092e-19 -7.328206501616213e-19 -4.446830353222951e-19 -1.61850238480997e-19 4.691903473285228e-20 1.2258402646324171e-19 1.1138221608842383e-19 5.962356656342771e-20 1.1564743217413513e-20 1.4770558273447432e-21 2.8884204881834996e-21 5.382087203746508e-22 -1.972980561847563e-22 -2.0702619911953943e-22 1.1923849772170807e-22 2.7295447437358657e-23 -2.2612844442756448e-23 -2.9669171685005137e-24 3.528654681445035e-24 1.5844074364308336e-23 -2.7435389993195945e-23 -3.101824304098802e-23 5.558077481012923e-23 2.044358969297944e-22 -2.9237621602619916e-22 -1.4252282515201498e-21 -3.0021192813753824e-21 -1.0707857848736955e-20 -2.6870867814581448e-20 -4.9523894769830415e-20 -8.093519041173302e-20 -5.628960914871388e-20 6.657832163427221e-20 2.8869939103457615e-19 5.393658610129111e-19 7.655711816824424e-19 9.269660780822276e-19 9.922035176770515e-19 9.395078047070095e-19 7.538079517910005e-19 4.239821282786494e-19 -9.622636881574635e-20 -8.722708941976092e-19 -1.9893435149672458e-18 -3.574749207835891e-18 -5.71319228686419e-18 -8.552263308475846e-18 -1.2354762132383474e-17 -1.7442973950766605e-17 -2.4063009843544607e-17 -3.236481085214391e-17 -4.23413866773184e-17 -5.407623405841759e-17 -6.779173338095488e-17 -8.381244993514663e-17 -1.0363051690165937e-16 -1.2876142214734285e-16 -1.5979309718126328e-16 -1.9767183856992443e-16 -2.325590325094484e-16 -2.53354891464199e-16 -2.593710809403769e-16 -2.5241758103492453e-16 -2.359700201497879e-16 -2.1381376580052488e-16 -1.899719261562393e-16 -1.6660751722114762e-16 -1.4410986137217209e-16 -1.2056179574601141e-16 -9.501611076599981e-17 -6.691950730739352e-17 -3.607887516298872e-17 -2.9529519037314453e-18 3.2636947999305196e-17 7.029242851524515e-17 1.0464643024933768e-16 1.3031570218729384e-16 1.4209697255675936e-16 1.3570684329663704e-16 1.1029578060353717e-16 6.8209692202122e-17 1.4705913881775586e-17 -4.2555349024229505e-17 -9.640083895070974e-17 -1.399724197761362e-16 -1.6657495664320425e-16 -1.7344314138805807e-16 -1.6282490098570138e-16 -1.4140536243272442e-16 -1.1004514556147561e-16 -7.006833326685928e-17 -2.2838316842313585e-17 3.054891300489838e-17 8.533031800020044e-17 1.3780778427427942e-16 1.8671277520234433e-16 2.311017341895047e-16 2.697480644283255e-16 3.01116475872212e-16 3.2406876001484255e-16 3.3595037427084043e-16 3.3366433888204224e-16 3.138796425201811e-16 2.810027797622898e-16 2.412545507252539e-16 2.0145375834229143e-16 1.67682986354538e-16 1.3964623043518626e-16 1.1547396057909927e-16 9.523684540608743e-17 7.828617994451113e-17 6.400887281975784e-17 5.179126725362519e-17 4.162097559805255e-17 3.328847197300262e-17 2.6509700685987816e-17 2.0957014183648387e-17 1.639739351843286e-17 1.2622444149467599e-17 9.448457153303344e-18 6.774109404169743e-18 4.59756658692913e-18 2.9391882401597457e-18 1.6900041144610355e-18 7.672948863150182e-19 9.165879481002319e-20 -4.0588303331924874e-19 -7.456756039901495e-19 -9.443054385241192e-19 -1.0165220124334632e-18 -9.754437582737897e-19 -8.411915102737999e-19 -6.369909717303826e-19 -3.865331048521859e-19 -1.40686188244843e-19 4.0782668511707965e-20 1.0655345991730139e-19 9.681679165857835e-20 5.182666290357048e-20 1.0052427147411159e-20 1.28389821214769e-21 2.5107057764350014e-21 4.67827203589327e-22 -1.714976081963675e-22 -1.7995353714103763e-22 1.0364577568884511e-22 2.372605378639628e-23 -1.9655785994333426e-23 1.2295495051372488e-23 -1.4623445395214025e-23 -6.56610085679918e-23 1.1369774296630113e-22 1.2854575408508274e-22 -2.303378927278822e-22 -8.47222708296014e-22 1.211665102951699e-21 5.9064246820373735e-21 1.2441360118899949e-20 4.4375417629110725e-20 1.1135806339624024e-19 2.052367074576219e-19 3.3541170816870556e-19 2.332763805186785e-19 -2.7591137209356405e-19 -1.1964235225115784e-18 -2.2352336334009394e-18 -3.1726723217288966e-18 -3.841524393292577e-18 -4.1118818137120996e-18 -3.893502079674862e-18 -3.1239282176312087e-18 -1.7570691831239513e-18 3.98771256020339e-19 3.6148439983902595e-18 8.24420103576636e-18 1.4814418542028658e-17 2.3676527326950717e-17 3.5442170715668807e-17 5.1200441274347156e-17 7.228695015998355e-17 9.972162860188928e-17 1.341258611001345e-16 1.7547067966777273e-16 2.241021115691234e-16 2.809417436805032e-16 3.4733463418435497e-16 4.294644738108572e-16 5.336117373377529e-16 6.622129247016635e-16 8.191896669888766e-16 9.637688566556669e-16 1.0499508441658083e-15 1.074883049966118e-15 1.0460663907753906e-15 9.779045480546575e-16 8.860848178675594e-16 7.87279722245823e-16 6.904532050532488e-16 5.97218684826361e-16 4.996310661557208e-16 3.9376492956789766e-16 2.773272978617754e-16 1.4951788644787607e-16 1.2237792448490299e-17 -1.3525349532922037e-16 -2.913049542208607e-16 -4.336744636423898e-16 -5.400528029889174e-16 -5.888766206005922e-16 -5.62394695690583e-16 -4.5708642241167445e-16 -2.8267369994121447e-16 -6.094392386419576e-17 1.7635757138629585e-16 3.995034612182106e-16 5.800723383586379e-16 6.903182847133967e-16 7.1878133097323e-16 6.747773095580745e-16 5.860106574168059e-16 4.560479444341093e-16 2.903764218627797e-16 9.464624379775231e-17 -1.2660059325260877e-16 -3.536251520868946e-16 -5.711017447742129e-16 -7.737733133762923e-16 -9.577295813173367e-16 -1.1178873023863514e-15 -1.2478839490712839e-15 -1.3430025789981883e-15 -1.3922422617467293e-15 -1.3827685154583545e-15 -1.3007769800281104e-15 -1.1645289996391387e-15 -9.998047567581167e-16 -8.348626793575462e-16 -6.949101646312875e-16 -5.787205109007948e-16 -4.785460241498811e-16 -3.9467957042246653e-16 -3.244327918972804e-16 -2.65264919594114e-16 -2.1463284072216837e-16 -1.724852193932838e-16 -1.3795374077387508e-16 -1.0986122418933046e-16 -8.6849835934001e-17 -6.795390126943819e-17 -5.2309793617158714e-17 -3.9156188226900695e-17 -2.8073182838413365e-17 -1.9053175850707395e-17 -1.218054124126539e-17 -7.003685634521319e-18 -3.1798044003013274e-18 -3.798414527609056e-19 1.682064908797999e-18 3.090228400309876e-18 3.913386755059845e-18 4.212664562501377e-18 4.042427056803274e-18 3.486058818644137e-18 2.6398116316828674e-18 1.6018654157624944e-18 5.830282639799911e-19 -1.690132182561415e-19 -4.415789402477245e-19 -4.012275932094781e-19 -2.1477962310405646e-19 -4.165920481235937e-20 -5.320732004261348e-21 -1.0404844312150715e-20 -1.9387670574486162e-21 7.107189868772019e-22 7.457621651625419e-22 -4.295280656850063e-22 -9.832531398327474e-23 8.145735234053888e-23 1.7394555483527391e-23 -2.0687930535958023e-23 -9.28912534555483e-23 1.6084927310737224e-22 1.8185493083662494e-22 -3.258611627186341e-22 -1.198574379522531e-21 1.7141543920786964e-21 8.355879509401461e-21 1.7600926631012704e-20 6.277838756037365e-20 1.5753944452590227e-19 2.9035047306874755e-19 4.74510049487852e-19 3.3001757594092624e-19 -3.903362859869363e-19 -1.6925950059270008e-18 -3.162210887570815e-18 -4.48841530871418e-18 -5.434647151040701e-18 -5.81712403886248e-18 -5.508178800728732e-18 -4.419452807915382e-18 -2.485740589513405e-18 5.641529176976976e-19 5.113969588642747e-18 1.1663176137159918e-17 2.0958140391161572e-17 3.349546955766875e-17 5.014046231677295e-17 7.243387016207862e-17 1.0226519715838887e-16 1.4107735137626212e-16 1.8974941220978885e-16 2.4824039747712096e-16 3.170398351665626e-16 3.974515043725674e-16 4.91378275552841e-16 6.075682801250982e-16 7.549065726234146e-16 9.368400968760523e-16 1.1589168297420611e-15 1.3634546140344118e-15 1.4853772436474364e-15 1.5206491352589727e-15 1.4798819088062475e-15 1.3834526019067097e-15 1.2535541985165538e-15 1.1137735050449961e-15 9.767919177362267e-16 8.44891963395757e-16 7.068336322713205e-16 5.570635915088152e-16 3.923379408380858e-16 2.1152450805529483e-16 1.7312795558957107e-17 -1.9134480290078206e-16 -4.12112562410573e-16 -6.135243097350001e-16 -7.640189436500957e-16 -8.33090551548806e-16 -7.956262856710876e-16 -6.466454878161898e-16 -3.999018293494425e-16 -8.621818598996787e-17 2.4949495170612404e-16 5.651819901351973e-16 8.206348359215645e-16 9.766010319169564e-16 1.0168680357058276e-15 9.546150632244934e-16 8.290358927150625e-16 6.451761923576947e-16 4.1079883810974545e-16 1.338971653977639e-16 -1.7910321427996983e-16 -5.002774056062463e-16 -8.079439865060935e-16 -1.0946657388211532e-15 -1.354910749381054e-15 -1.5814876896168694e-15 -1.765395415732304e-15 -1.899960808932592e-15 -1.969620730369155e-15 -1.9562181010702184e-15 -1.8402237495458018e-15 -1.6474722097123576e-15 -1.4144349921442857e-15 -1.18108960313136e-15 -9.830972203359694e-16 -8.18722417690064e-16 -6.770044500963301e-16 -5.583576370675067e-16 -4.58978729413417e-16 -3.752732740347947e-16 -3.036435025136442e-16 -2.4401678874075707e-16 -1.951647177877157e-16 -1.5542191884804771e-16 -1.2286744929711022e-16 -9.613515817922368e-17 -7.400326326297796e-17 -5.539470990909142e-17 -3.971545764827793e-17 -2.6954752299465336e-17 -1.7231958543554402e-17 -9.908202120617624e-18 -4.498513491237748e-18 -5.373733847730256e-19 2.3796298560351216e-18 4.371775685632517e-18 5.536308120811337e-18 5.959700835110698e-18 5.718864968606661e-18 4.931765610315131e-18 3.734571199677882e-18 2.266177921090819e-18 8.248181469038363e-19 -2.391033531398383e-19 -6.247058376999772e-19 -5.676208837171301e-19 -3.038510860746377e-19 -5.893571848766225e-20 -7.52728915293018e-21 -1.4719848417177188e-20 -2.7427939092173247e-21 1.005461913561041e-21 1.0550377424858844e-21 -6.076579803197997e-22 -1.3910189882854836e-22 1.1523860267145873e-22 -6.38416975751968e-23 7.592908249803587e-23 3.409305328233072e-22 -5.903508193965181e-22 -6.674460775894203e-22 1.1959792675698052e-21 4.399021844744415e-21 -6.291309287525417e-21 -3.066785055785252e-20 -6.459914581444835e-20 -2.3041004735542816e-19 -5.782032645380662e-19 -1.0656478366160335e-18 -1.7415520375277537e-18 -1.2112331022261141e-18 1.4326195390652711e-18 6.212186493103279e-18 1.1605989464022725e-17 1.6473441527806118e-17 1.9946313083157866e-17 2.1350083589169872e-17 2.0216187164629296e-17 1.6220328727380887e-17 9.123190368336434e-18 -2.070572015387896e-18 -1.876937321893562e-17 -4.2806362739243154e-17 -7.69208694901755e-17 -1.2293554778514363e-16 -1.840262282966946e-16 -2.6584779757399054e-16 -3.753351383968303e-16 -5.177840309268425e-16 -6.9642088362855035e-16 -9.110952818383252e-16 -1.1636038966196286e-15 -1.4587318749437165e-15 -1.80346315956411e-15 -2.2299052499910457e-15 -2.770668185320559e-15 -3.438402984443906e-15 -4.253471907552434e-15 -5.004169162358902e-15 -5.451651218349935e-15 -5.5811066132822754e-15 -5.431482237746689e-15 -5.077566145871651e-15 -4.600811305738539e-15 -4.0877863300784135e-15 -3.585034653845606e-15 -3.1009336456890477e-15 -2.5942300822444327e-15 -2.0445420510964002e-15 -1.4399637470271981e-15 -7.76339855675327e-16 -6.354142272192657e-17 7.022764850988806e-16 1.5125412521003004e-15 2.2517653196720452e-15 2.804112721941519e-15 3.0576202594045442e-15 2.920118431336282e-15 2.373327132678433e-15 1.4677252568337257e-15 3.164393343280888e-16 -9.15699543011179e-16 -2.0743383573621477e-15 -3.0119048174513953e-15 -3.584334042710168e-15 -3.7321225528580114e-15 -3.5036408857173145e-15 -3.0427385654486296e-15 -2.367934272886787e-15 -1.5077194181456918e-15 -4.91431245159658e-16 6.573468847316281e-16 1.836124652223899e-15 2.9653266160847857e-15 4.017656600906794e-15 4.9728113041836364e-15 5.8043970117942325e-15 6.479377599305244e-15 6.973261286150202e-15 7.228928035536619e-15 7.179737506144318e-15 6.754013492514503e-15 6.046574251261894e-15 5.191277998653923e-15 4.334850693459465e-15 3.608176446215955e-15 3.0048858771963372e-15 2.484750721825377e-15 2.0492916189329307e-15 1.6845498342414834e-15 1.3773329604302383e-15 1.1144364230251444e-15 8.955936677031036e-16 7.162961494437295e-16 5.704316021262307e-16 4.509497566420274e-16 3.5283654757202853e-16 2.716077735728812e-16 2.0331041449936051e-16 1.457642151141624e-16 9.892970510690547e-17 6.324497810348972e-17 3.6365229272844555e-17 1.6510517021656646e-17 1.972286466526614e-18 -8.73373925483701e-18 -1.6045341009941732e-17 -2.0319425035745135e-17 -2.1873368201307115e-17 -2.098945084243319e-17 -1.810062996957507e-17 -1.370667273025167e-17 -8.317357660559194e-18 -3.027260844252977e-18 8.775578861178618e-19 2.2928023165070925e-18 2.0832892191122986e-18 1.1151981881499552e-18 2.1630661328141316e-19 2.762674048559074e-20 5.402497996268301e-20 1.0066636001961621e-20 -3.6902592886706384e-21 -3.8722129204254456e-21 2.230234057609784e-21 5.105335888704647e-22 -4.2295020115261283e-22 -1.2767621139590903e-23 1.5184944475545446e-23 6.818239692667896e-23 -1.180638182286506e-22 -1.3348153088674404e-22 2.3918348514214295e-22 8.797514604452416e-22 -1.2581899258180452e-21 -6.13317489850209e-21 -1.2918896968697624e-20 -4.607861889622583e-20 -1.1563247080470133e-19 -2.1311582925727947e-19 -3.482926648613678e-19 -2.4224395187412e-19 2.8648209558688414e-19 1.242323221241979e-18 2.3210061237976667e-18 3.2944294758287097e-18 3.988959541045127e-18 4.2697030170632915e-18 4.042955291079154e-18 3.243863067657431e-18 1.8245658221461304e-18 -4.139861842155451e-19 -3.753451361974269e-18 -8.560429669385357e-18 -1.5382745759048436e-17 -2.4584902394041432e-17 -3.680201622146266e-17 -5.3164976276624735e-17 -7.506065156927553e-17 -1.0354811692133532e-16 -1.3927260710171783e-16 -1.8220405355036267e-16 -2.3270177198755866e-16 -2.9172272019931275e-16 -3.606635559466343e-16 -4.459453541343702e-16 -5.540896664555548e-16 -6.876264994264206e-16 -8.506279689230705e-16 -1.0007559893399432e-15 -1.0902453684275436e-15 -1.1161341440927122e-15 -1.0862112465054313e-15 -1.015433295846528e-15 -9.20089757838465e-16 -8.174929736529924e-16 -7.169508451787317e-16 -6.201386375629916e-16 -5.188062644855994e-16 -4.0887763043606218e-16 -2.879717552884606e-16 -1.552576495835318e-16 -1.2709383544610721e-17 1.4044201580428878e-16 3.0248222451385957e-16 4.503154663204864e-16 5.607763008259666e-16 6.11473788452696e-16 5.839754138965546e-16 4.746256910726484e-16 2.9351973395184055e-16 6.328104972362933e-17 -1.831268464893976e-16 -4.1483595126749407e-16 -6.023342391949524e-16 -7.168109117104091e-16 -7.463661309946586e-16 -7.006732052604463e-16 -6.084997949159026e-16 -4.735493231455851e-16 -3.0151962807893943e-16 -9.82777158106366e-17 1.314600809460342e-16 3.6719728420031807e-16 5.930200353050702e-16 8.034695140303719e-16 9.944853903495781e-16 1.160789376476118e-15 1.2957748289163399e-15 1.3945438792370915e-15 1.4456733967174978e-15 1.4358362571954862e-15 1.3506981691984011e-15 1.2092212318806954e-15 1.038175045926796e-15 8.66902645795676e-16 7.215789591683257e-16 6.009301727705816e-16 4.969111947449706e-16 4.0982614862772917e-16 3.3688349359906406e-16 2.754449351722677e-16 2.2286973855642695e-16 1.7910460631407074e-16 1.4324790230226944e-16 1.1407726979011547e-16 9.018276530646576e-17 7.056165475043527e-17 5.431716791824763e-17 4.065876189966981e-17 2.915042000111589e-17 1.9784250351955242e-17 1.2647866735426361e-17 7.272345301799808e-18 3.301725181324651e-18 3.9432104048222915e-19 -1.746700795798735e-18 -3.2088911907053494e-18 -4.063626204735475e-18 -4.374375832457291e-18 -4.1975912751364325e-18 -3.619857381506572e-18 -2.7411203581876414e-18 -1.66332868939611e-18 -6.053834392212329e-19 1.7551987827602725e-19 4.585367934153262e-19 4.1662961661051347e-19 2.230230916403434e-19 4.3258326866332974e-20 5.525062143564439e-21 1.0804177839329819e-20 2.0131933432394415e-21 -7.37997451592997e-22 -7.743874610180509e-22 4.460148659001374e-22 1.0209914566455004e-22 -8.458385301003235e-23 1.3829550847123414e-22 -1.6447949868482456e-22 -7.385324625971572e-22 1.278833128826289e-21 1.4458385611330698e-21 -2.5907613353812e-21 -9.529270969258803e-21 1.3628393468869034e-20 6.643344825383075e-20 1.3993619186020106e-19 4.991196354458468e-19 1.2525176309353984e-18 2.3084324147186206e-18 3.7725953888569735e-18 2.623810361717341e-18 -3.103361821975099e-18 -1.3456970452958398e-17 -2.514115363064269e-17 -3.568514484839864e-17 -4.320816448311657e-17 -4.624905087284793e-17 -4.379278661990904e-17 -3.513687668562519e-17 -1.9762904743987782e-17 4.485264290949441e-18 4.065856926161109e-17 9.272801976113753e-17 1.666276136941464e-16 2.663056267298272e-16 3.9864161596246844e-16 5.758853259771857e-16 8.130592588863554e-16 1.1216352556588824e-15 1.5086024381227665e-15 1.9736349816363085e-15 2.520624881747889e-15 3.1599378350852004e-15 3.906702605432275e-15 4.830471237250195e-15 6.001884374107265e-15 7.448346942619594e-15 9.213968125833541e-15 1.0840145858369432e-14 1.1809491695765297e-14 1.2089920767802502e-14 1.1765800813427203e-14 1.0999139529660767e-14 9.966382283123598e-15 8.855055965190069e-15 7.765983994939874e-15 6.717313574378935e-15 5.619680977333591e-15 4.4289344206694044e-15 3.119283273915296e-15 1.6817262050645711e-15 1.3764610793834438e-16 -1.521286026991911e-15 -3.276500041833409e-15 -4.877824106175441e-15 -6.0743316687845065e-15 -6.623485458201746e-15 -6.325625762193549e-15 -5.1411539452445276e-15 -3.1794186130384825e-15 -6.854770241913712e-16 1.9836100163022187e-15 4.493479582436637e-15 6.524457277152789e-15 7.764466419227174e-15 8.084609167303529e-15 7.58966686084441e-15 6.591249629959287e-15 5.129473050645378e-15 3.2660558676733502e-15 1.064549098819236e-15 -1.4239604224236184e-15 -3.977455813930945e-15 -6.4235589274240986e-15 -8.703140156809723e-15 -1.077221803173506e-14 -1.2573617910176158e-14 -1.4035776222236475e-14 -1.510563837436938e-14 -1.565946962758796e-14 -1.5552912093951352e-14 -1.4630699038625454e-14 -1.309822789564827e-14 -1.1245465422320244e-14 -9.390252824524058e-15 -7.816114343278956e-15 -6.5092524610064904e-15 -5.382523751661131e-15 -4.439222269283311e-15 -3.649110277458423e-15 -2.9836100705974335e-15 -2.4141175822083726e-15 -1.940055401647101e-15 -1.551657017021396e-15 -1.235681898288516e-15 -9.768575914190508e-16 -7.643225136340559e-16 -5.883628854560798e-16 -4.404155838854173e-16 -3.157576903458661e-16 -2.1430370427096507e-16 -1.3700263520451867e-16 -7.877511359021026e-17 -3.5765389039491705e-17 -4.272350282678534e-18 1.8919278031236426e-17 3.4757827723049995e-17 4.401643747187739e-17 4.7382616061863684e-17 4.5467845343848083e-17 3.9210006816961234e-17 2.969170784608113e-17 1.801724278647583e-17 6.557709105146189e-18 -1.900998850772149e-18 -4.9667279202619545e-18 -4.512871271633412e-18 -2.4157683279608722e-18 -4.685685562529711e-19 -5.984576224664228e-20 -1.170301620465351e-19 -2.1806590797320317e-20 7.993925951439744e-21 8.388079314038448e-21 -4.831185707421483e-21 -1.1059297702833718e-21 9.162046429022492e-22 2.750642550809344e-22 -3.2714301767708077e-22 -1.4689127172733278e-21 2.5435506660327593e-21 2.8757137928963117e-21 -5.152930344772684e-21 -1.8953311119738616e-20 2.71063217807531e-20 1.321330534466107e-19 2.7832575736977743e-19 9.927222566047472e-19 2.491193354532642e-18 4.591365173880827e-18 7.503557704342662e-18 5.218747764562936e-18 -6.1722437878527826e-18 -2.6765001048926472e-17 -5.0004230729769395e-17 -7.097570421076215e-17 -8.593864637176545e-17 -9.198689233370618e-17 -8.71016410207155e-17 -6.988567547363273e-17 -3.930788938746188e-17 8.920116751374602e-18 8.086646448451462e-17 1.8442925417759353e-16 3.3141088325358545e-16 5.296642499137325e-16 7.928724017301075e-16 1.1453993822566273e-15 1.6171240977316508e-15 2.23086339821177e-15 3.0005182778850738e-15 3.925440792711018e-15 5.013371981447808e-15 6.284928650040677e-15 7.770200861354297e-15 9.607524316507024e-15 1.1937399679513024e-14 1.481433378881849e-14 1.832605713844871e-14 2.156043438888318e-14 2.348840759257003e-14 2.4046162617881614e-14 2.34015034526467e-14 2.187665567791649e-14 1.9822560293073856e-14 1.7612197337052692e-14 1.5446098342392828e-14 1.336035639534028e-14 1.1177231409119929e-14 8.80890773825559e-15 6.204089247095946e-15 3.3448728724214596e-15 2.737881003772824e-16 -3.0257313895095878e-15 -6.516751169690935e-15 -9.701693158633826e-15 -1.2081478279472657e-14 -1.3173713322767682e-14 -1.2581286044260858e-14 -1.0225439144980388e-14 -6.323661818902421e-15 -1.3633586999904447e-15 3.945297739328978e-15 8.937280329718952e-15 1.2976776024094258e-14 1.544308148800742e-14 1.6079825661557245e-14 1.509541227703284e-14 1.310961612608215e-14 1.0202224598235804e-14 6.495992765306267e-15 2.117320108548793e-15 -2.8321843290407043e-15 -7.910941507580641e-15 -1.2776101010894026e-14 -1.7310057327781526e-14 -2.1425333936810115e-14 -2.5008214101917032e-14 -2.791636252327457e-14 -3.004425753815645e-14 -3.114579767733786e-14 -3.0933862511785464e-14 -2.909963391432632e-14 -2.605163505588327e-14 -2.2366593685111044e-14 -1.8676678974597626e-14 -1.5545805743281417e-14 -1.2946531201761757e-14 -1.0705531473217136e-14 -8.829358409763806e-15 -7.257870776466405e-15 -5.934228984513607e-15 -4.801540954495228e-15 -3.858658328620602e-15 -3.08615609275031e-15 -2.4576995967505476e-15 -1.942912802829985e-15 -1.5201926481937368e-15 -1.1702189798532903e-15 -8.759602293675697e-16 -6.280227836935878e-16 -4.2623660052006076e-16 -2.7248922190518025e-16 -1.566780757844685e-16 -7.113429160156953e-17 -8.496561291823022e-18 3.763012706179764e-17 6.913196438044017e-17 8.754668269670311e-17 9.424169415835552e-17 9.043319738302084e-17 7.79865869497227e-17 5.905511211869211e-17 3.583515766993022e-17 1.3042726308953046e-17 -3.781166032587205e-18 -9.878642073523496e-18 -8.975880288420288e-18 -4.804832827688413e-18 -9.319593918926479e-19 -1.1903104874654155e-19 -2.327665347229824e-19 -4.337226445941011e-20 1.5899490241402002e-20 1.668345692389922e-20 -9.60897739795269e-21 -2.1996346491942918e-21 1.822282339007187e-21 -9.504124308560097e-22 1.1303570544618535e-21 5.075442052332025e-21 -8.788570717265281e-21 -9.936276295855324e-21 1.7804593221669578e-20 6.548821977094636e-20 -9.365879669489307e-20 -4.565514452340865e-19 -9.616829875451124e-19 -3.4300965509773998e-18 -8.607676154766644e-18 -1.5864269805025862e-17 -2.5926565085671058e-17 -1.8031946012139724e-17 2.132673197477695e-17 9.247972289650924e-17 1.7277689620938753e-16 2.4523840282542116e-16 2.9693895971032533e-16 3.1783705570315155e-16 3.009572321880151e-16 2.4147175919129085e-16 1.358179168702383e-16 -3.082178472034013e-17 -2.7941420362087513e-16 -6.372492138613048e-16 -1.1451069707575786e-15 -1.8301211532760987e-15 -2.7395700320065352e-15 -3.957637327808866e-15 -5.587561954542078e-15 -7.708181692497799e-15 -1.0367527849976146e-14 -1.3563361546484546e-14 -1.732242990145359e-14 -2.1715968995205352e-14 -2.6847947480606638e-14 -3.319634851141276e-14 -4.124663586329196e-14 -5.1187143973761234e-14 -6.33210032409589e-14 -7.449656475583818e-14 -8.115818333362626e-14 -8.308536494113752e-14 -8.085791233284055e-14 -7.558919247628891e-14 -6.849179133122277e-14 -6.085444621297399e-14 -5.3370042909890094e-14 -4.616329233899818e-14 -3.862005962960914e-14 -3.043692047565751e-14 -2.1436634231541664e-14 -1.1557341387681076e-14 -9.459916101947423e-16 1.0454655492797779e-14 2.2516982042803024e-14 3.352173466891717e-14 4.1744473620105265e-14 4.55184128421441e-14 4.3471432884349246e-14 3.533140647525769e-14 2.184981112206223e-14 4.710749080241188e-15 -1.3631959495682869e-14 -3.088048211901073e-14 -4.4837928616641464e-14 -5.335961782340634e-14 -5.555972555834225e-14 -5.2158337892827754e-14 -4.529692809136746e-14 -3.525118122133786e-14 -2.2445246030628745e-14 -7.31586350127297e-15 9.785882487115536e-15 2.7334228594013557e-14 4.414454297705353e-14 5.981046994320276e-14 7.402975666162296e-14 8.640948376596316e-14 9.645784762013765e-14 1.0381024444582101e-13 1.0761633365641498e-13 1.0688404465131414e-13 1.005463364431229e-13 9.001475681292443e-14 7.728204068994155e-14 6.453248612193865e-14 5.371455559731094e-14 4.473342780743362e-14 3.699022684799153e-14 3.050759084556611e-14 2.507771721986249e-14 2.0504211428901857e-14 1.6590497607267394e-14 1.3332607840084622e-14 1.0663423943771974e-14 8.491953263676812e-15 6.713239168705483e-15 5.2526377963546884e-15 4.043393299117725e-15 3.0266574521478125e-15 2.1699730261904214e-15 1.4727524736286825e-15 9.41517701340813e-16 5.413618522862883e-16 2.457871078554983e-16 2.9358357309003793e-17 -1.3002071811047434e-16 -2.388673591189428e-16 -3.024948030291267e-16 -3.256277954427408e-16 -3.124686025012575e-16 -2.694626167666545e-16 -2.040498366794748e-16 -1.2381930345433985e-16 -4.506593977557565e-17 1.3064713817997257e-17 3.4133044809799134e-17 3.101383156838551e-17 1.660186547203653e-17 3.2201449157132775e-18 4.112804307294762e-19 8.042650672045387e-19 1.498616200521785e-19 -5.493660176975363e-20 -5.764538477660849e-20 3.3201345656551984e-20 7.600272426774028e-21 -6.296427923914482e-21 -1.9013937384958286e-22 2.261393728854561e-22 1.0153900245679655e-21 -1.758235073431929e-21 -1.9878530019523168e-21 3.561965600317551e-21 1.3101622481396834e-20 -1.8737384967167756e-20 -9.133847914711766e-20 -1.9239769380124354e-19 -6.862383564904959e-19 -1.722079299443832e-18 -3.17383360107776e-18 -5.186832955349718e-18 -3.607279837490588e-18 4.267065186796978e-18 1.850224046516533e-17 3.456677398769131e-17 4.9063624113461244e-17 5.940691902305398e-17 6.358770008443399e-17 6.021040140217664e-17 4.830915234815461e-17 2.717118943407085e-17 -6.168007919901575e-18 -5.59032160796129e-17 -1.2749420363615515e-16 -2.2909961999096186e-16 -3.661479557057149e-16 -5.480979314983506e-16 -7.917917546369822e-16 -1.117883895362176e-15 -1.5421470007993728e-15 -2.074190390357919e-15 -2.7135659356508114e-15 -3.4656246318472e-15 -4.344618264689893e-15 -5.371347686515331e-15 -6.641439234835566e-15 -8.252016257821721e-15 -1.0240757861064473e-14 -1.2668310110854716e-14 -1.4904142692080932e-14 -1.6236899518117256e-14 -1.662246576668162e-14 -1.617683686019823e-14 -1.5122755400202648e-14 -1.3702814797125568e-14 -1.2174846663176809e-14 -1.0677474128609657e-14 -9.235648809370444e-15 -7.726505351028285e-15 -6.08933973868094e-15 -4.288692426153768e-15 -2.3121873500259633e-15 -1.8922371854274304e-16 2.0916494635105656e-15 4.5048992134333274e-15 6.706564445407915e-15 8.351646256529372e-15 9.106680086937602e-15 8.69715393168306e-15 7.068620380626791e-15 4.371421580072263e-15 9.424878384587662e-16 -2.7272553318913947e-15 -6.178089034117352e-15 -8.970490442655049e-15 -1.0675385373704927e-14 -1.1115552721445239e-14 -1.043505719220893e-14 -9.062332390509354e-15 -7.052533631807905e-15 -4.490518175869804e-15 -1.4636622984900468e-15 1.957794932986127e-15 5.4686020777691244e-15 8.831756107656226e-15 1.1965959707282925e-14 1.4810742462830983e-14 1.728749426193337e-14 1.929782133102063e-14 2.07687774398568e-14 2.15302395469601e-14 2.1383730807443158e-14 2.0115776692133855e-14 1.8008779599421067e-14 1.5461415024472518e-14 1.2910682034732391e-14 1.0746397013173327e-14 8.949590177392895e-15 7.400448634472553e-15 6.103501143012222e-15 5.017173905858959e-15 4.102175595993913e-15 3.3191787315370634e-15 2.667389312505198e-15 2.1333793038373146e-15 1.6989442510690996e-15 1.3430860117733986e-15 1.0508709571881679e-15 8.089435845752478e-16 6.055304401543731e-16 4.3413796626662565e-16 2.946485881419403e-16 1.883670777418242e-16 1.0830978954321662e-16 4.917544604336763e-17 5.8753921795887615e-18 -2.6011044388071083e-17 -4.7787708511216564e-17 -6.051758583521511e-17 -6.514593940667911e-17 -6.251350306812582e-17 -5.390977007220467e-17 -4.082321296431137e-17 -2.4772119828550484e-17 -9.016482152496559e-18 2.613411881183316e-18 6.828615359905929e-18 6.204705042639664e-18 3.321435622061269e-18 6.4423139856478045e-19 8.22802747670651e-20 1.6090477247126768e-19 2.9981648412834694e-20 -1.0990830375501094e-20 -1.1532726209708033e-20 6.6423743417433094e-21 1.5205408621295845e-21 -1.2596870442284761e-21 2.310500438626113e-21 -2.747954150689689e-21 -1.2338660179215638e-20 2.1365469766890355e-20 2.415558048108908e-20 -4.3283906521951957e-20 -1.592050177584469e-19 2.2768920051829686e-19 1.1098974832032815e-18 2.3378913280327897e-18 8.338704646828413e-18 2.0925625240164734e-17 3.8566766607249133e-17 6.302886006844491e-17 4.383701654752634e-17 -5.184530712634197e-17 -2.248210516987264e-16 -4.2002682452185565e-16 -5.961838900244432e-16 -7.21870333619897e-16 -7.726748680401007e-16 -7.316399370945622e-16 -5.870291710983656e-16 -3.3018143376411495e-16 7.49250159624185e-17 6.792613088768272e-16 1.5491701206837275e-15 2.783789639040206e-15 4.449082892117819e-15 6.659985171755713e-15 9.62115033056596e-15 1.3583556154857964e-14 1.873886037046271e-14 2.5203829069969805e-14 3.297301994114313e-14 4.211145664764884e-14 5.279231695802267e-14 6.526835176225281e-14 8.070155954938221e-14 1.0027212353426809e-13 1.244378919635314e-13 1.5393578570670516e-13 1.8110401595533516e-13 1.9729866417831928e-13 2.01983704985436e-13 1.9656866764814764e-13 1.837601971815061e-13 1.6650614241524097e-13 1.4793947193882296e-13 1.2974461526990127e-13 1.1222474624450607e-13 9.388687594516317e-14 7.399336697542364e-14 5.21133403292949e-14 2.8096413517356357e-14 2.2998274323652628e-15 -2.5415573409113065e-14 -5.4739547727124223e-14 -8.14925219134623e-14 -1.0148231455711529e-13 -1.1065690292164222e-13 -1.056806098140597e-13 -8.589189361815255e-14 -5.311763000684537e-14 -1.1451934774218187e-14 3.313986654347648e-14 7.507166288473737e-14 1.090027353071664e-13 1.297192787618621e-13 1.3506781781630555e-13 1.2679890750296047e-13 1.1011855146716838e-13 8.569694969813792e-14 5.4565224097277155e-14 1.7785109359395786e-14 -2.3789894975380376e-14 -6.645059916141728e-14 -1.0731711726127343e-13 -1.4540158254707698e-13 -1.7996920735395612e-13 -2.100647914002615e-13 -2.344927438813708e-13 -2.52366703346347e-13 -2.616194586163795e-13 -2.598392440945373e-13 -2.4443203530845945e-13 -2.1882935607851113e-13 -1.8787562333284116e-13 -1.5688095480953467e-13 -1.3058214359828419e-13 -1.0874867395867712e-13 -8.99246528708833e-14 -7.416511528675646e-14 -6.096488468193035e-14 -4.984651762014626e-14 -4.033212957186702e-14 -3.241207476310905e-14 -2.5923186418137183e-14 -2.064425794941762e-14 -1.6320135775244713e-14 -1.2769357833513327e-14 -9.829638102499815e-15 -7.357914267537078e-15 -5.275281573123423e-15 -3.580311732942504e-15 -2.2888598302557344e-15 -1.316065978443171e-15 -5.975129508940276e-16 -7.136697627649189e-17 3.160890036382281e-16 5.80698713218148e-16 7.353788517899729e-16 7.916154396482767e-16 7.596243280778095e-16 6.550745218808601e-16 4.960529661590827e-16 3.010089411019241e-16 1.0955614848911526e-16 -3.1761720407590694e-17 -8.297923646094027e-17 -7.539598916474048e-17 -4.035980669739736e-17 -7.828311318939226e-18 -9.998444398952287e-19 -1.9552002410015184e-18 -3.643202962333281e-19 1.335531158559544e-19 1.4013835808162562e-19 -8.071386147700522e-20 -1.847656989300608e-20 1.530687464711521e-20 2.5290656486178962e-21 -3.0079089006073646e-21 -1.3505796849285906e-20 2.3386433881609658e-20 2.644069200375909e-20 -4.737792018247502e-20 -1.742667903507721e-19 2.4922831156988767e-19 1.214912498032268e-18 2.5591402606614437e-18 9.127876815690003e-18 2.2905872003418204e-17 4.2215835305588534e-17 6.899033174358109e-17 4.797889792010713e-17 -5.676128427727129e-17 -2.4610826623128475e-16 -4.597874886739744e-16 -6.526139385340512e-16 -7.901922092411464e-16 -8.458003405189081e-16 -8.008751659908598e-16 -6.425691617550982e-16 -3.614017141421759e-16 8.20600045239027e-17 7.436127407197147e-16 1.6958791566562064e-15 3.047380214290289e-15 4.8703222372700185e-15 7.290519197008456e-15 1.0531995600716062e-14 1.486948416738199e-14 2.05127825253027e-14 2.7589707220369456e-14 3.609429539477331e-14 4.6097720943706e-14 5.778955165907593e-14 7.144647133257252e-14 8.834042816995732e-14 1.0976328680924341e-13 1.3621623110700748e-13 1.6850594035460023e-13 1.9824553582997718e-13 2.159730418669012e-13 2.2110165309346362e-13 2.1517423966686088e-13 2.0115355297539104e-13 1.8226639334577475e-13 1.6194228095104117e-13 1.4202510435996493e-13 1.228467681725422e-13 1.0277300948702944e-13 8.099638700113854e-14 5.704524088568793e-14 3.0754950968530085e-14 2.51656443634029e-15 -2.7822224461663757e-14 -5.992178035695275e-14 -8.920695996660142e-14 -1.1108881350543287e-13 -1.2113181238507296e-13 -1.1568457918410616e-13 -9.402284421020083e-14 -5.814634278127758e-14 -1.2536716981819813e-14 3.627602596435305e-14 8.217695898166297e-14 1.1931980141143145e-13 1.4199728948611818e-13 1.4785215143452245e-13 1.3880065373384502e-13 1.20541552032506e-13 9.380849208224857e-14 5.973019192517079e-14 1.9468873422331244e-14 -2.6041192357414128e-14 -7.273974415774635e-14 -1.1747431816582181e-13 -1.5916355033645524e-13 -1.9700309864379663e-13 -2.299473329030581e-13 -2.566874690188003e-13 -2.762532031604174e-13 -2.863816676992779e-13 -2.8443286485118644e-13 -2.675673199894595e-13 -2.3954138597452e-13 -2.0565798655164579e-13 -1.7172978636539791e-13 -1.4294185273771481e-13 -1.1904186801167704e-13 -9.84361678994744e-14 -8.118498765300836e-14 -6.673534073050606e-14 -5.4564601839793326e-14 -4.414966603306068e-14 -3.547997037446057e-14 -2.837690309968094e-14 -2.2598319749822012e-14 -1.7864916115366554e-14 -1.3978054280336863e-14 -1.0760087688878853e-14 -8.054413327004028e-15 -5.7746578954007794e-15 -3.919257208410269e-15 -2.50556618992769e-15 -1.4406926639718554e-15 -6.54122412587531e-16 -7.816951124880613e-17 3.4596679724310204e-16 6.356291711970766e-16 8.049567125790032e-16 8.665227946404567e-16 8.315104146644352e-16 7.170715689632342e-16 5.430048856751555e-16 3.2950555286885333e-16 1.1993541760285185e-16 -3.475806546663556e-17 -9.082781913075922e-17 -8.2530343702999e-17 -4.4179506167294806e-17 -8.569095539684492e-18 -1.0944149620542005e-18 -2.1402501747798136e-18 -3.987930022112417e-19 1.4619258353327121e-19 1.5340016610199033e-19 -8.835219982736916e-20 -2.0225212984830384e-20 1.6755495509670274e-20 -1.116011335347627e-20 1.3273106949325598e-20 5.959772151215477e-20 -1.0319859401582885e-19 -1.1667576563013163e-19 2.0906763231269608e-19 7.689908524328924e-19 -1.099778993063407e-18 -5.361043916590792e-18 -1.1292615642217565e-17 -4.0278149218833846e-17 -1.0107598788055178e-16 -1.8628579506469834e-16 -3.044384005433927e-16 -2.1172965122711794e-16 2.5044670295171236e-16 1.0859671835115464e-15 2.02886106886898e-15 2.879741853701582e-15 3.4868339546879057e-15 3.732223541451758e-15 3.5339995099358083e-15 2.8354711674993516e-15 1.5948033864113295e-15 -3.620026830228068e-16 -3.281154802544974e-15 -7.483108528235199e-15 -1.3446728327856996e-14 -2.1490634319217205e-14 -3.21699970422344e-14 -4.64733536607272e-14 -6.561299861592817e-14 -9.051469261120967e-14 -1.217424462225148e-13 -1.5926995982034925e-13 -2.034113071746576e-13 -2.5500298387668147e-13 -3.152658708239243e-13 -3.8981268193345825e-13 -4.843439912334812e-13 -6.010713376555979e-13 -7.435542794415515e-13 -8.747843912351192e-13 -9.530092608218232e-13 -9.756396344968175e-13 -9.494837897967502e-13 -8.876154312716529e-13 -8.042733797851616e-13 -7.145908068646929e-13 -6.26704050066045e-13 -5.420776021520494e-13 -4.534999790753213e-13 -3.574082096851316e-13 -2.5172102884512373e-13 -1.3571203742639292e-13 -1.1106797271810368e-14 1.227668077015862e-13 2.644101590344145e-13 3.9363477559435395e-13 4.901912653739369e-13 5.345072354286838e-13 5.104704548168002e-13 4.148852439924166e-13 2.5657581976597854e-13 5.531797489718284e-14 -1.6007392033070806e-13 -3.626171521853202e-13 -5.265143814316865e-13 -6.265814945328312e-13 -6.524166524051747e-13 -6.124755840464708e-13 -5.319047882475794e-13 -4.1394154758865536e-13 -2.635664775556934e-13 -8.590804825543136e-14 1.1491111903970918e-13 3.209745811660783e-13 5.183716702630618e-13 7.023307159103393e-13 8.693024684952244e-13 1.0146729931914567e-12 1.1326671775425101e-12 1.21900353753649e-12 1.2636968612641574e-12 1.2550977184492097e-12 1.180676386919338e-12 1.0570081869681272e-12 9.074930045874771e-13 7.577801113127092e-13 6.307494400465614e-13 5.252875689810256e-13 4.3436217977315664e-13 3.582390881549849e-13 2.9447815727329797e-13 2.407732159919724e-13 1.9481596943452792e-13 1.565598167201996e-13 1.252166128256441e-13 9.97178650518981e-14 7.883110768567702e-14 6.167982591154878e-14 4.748013135138638e-14 3.554099231543917e-14 2.548127575502097e-14 1.729408110348812e-14 1.1055991144003015e-14 6.357107637582454e-15 2.8862771183985837e-15 3.4482562730759586e-16 -1.5267142959730733e-15 -2.804870930768697e-15 -3.5520352882678753e-15 -3.823688574045201e-15 -3.669176744394493e-15 -3.1641854144794298e-15 -2.3960791858028066e-15 -1.4539726910701412e-15 -5.292086883751812e-16 1.5339688540012382e-16 4.008018718522581e-16 3.641802098103233e-16 1.9494867407465914e-16 3.78126323845255e-17 4.829395887888557e-18 9.444156870038547e-18 1.7597495205762323e-18 -6.45096977049347e-19 -6.769035327654743e-19 3.898684526401935e-19 8.924677780759522e-20 -7.393621791574966e-20 -8.185875516815985e-21 9.735747353005477e-21 4.371454001442453e-20 -7.569547866275984e-20 -8.558100497476186e-20 1.5334960433774093e-19 5.640508721388358e-19 -8.066814748423712e-19 -3.932304134252413e-18 -8.283109819779338e-18 -2.954395201471565e-17 -7.413898932154166e-17 -1.3663988198939243e-16 -2.233033184735267e-16 -1.5530003082697681e-16 1.837067300740651e-16 7.965599618958441e-16 1.4881706122750354e-15 2.1122891863966084e-15 2.5575886882178856e-15 2.737579337860495e-15 2.5921791206840544e-15 2.079805306280522e-15 1.1697720026945506e-15 -2.655496071744325e-16 -2.4067533179955436e-15 -5.488893365142075e-15 -9.863216176744568e-15 -1.5763429330270822e-14 -2.3596750045195242e-14 -3.408826970379371e-14 -4.8127205354927546e-14 -6.639260156961152e-14 -8.929815899846582e-14 -1.1682458426316196e-13 -1.4920224819545308e-13 -1.8704471910830545e-13 -2.312475171023198e-13 -2.859275476886379e-13 -3.5526616678115915e-13 -4.408855367337479e-13 -5.45396595240016e-13 -6.416537362639635e-13 -6.990316386392766e-13 -7.156310648409681e-13 -6.964458472965758e-13 -6.510655015166526e-13 -5.899341623150415e-13 -5.241520079340547e-13 -4.596870495476904e-13 -3.9761350860087705e-13 -3.3264178475485185e-13 -2.6215844772055204e-13 -1.84636891915407e-13 -9.954430217922113e-14 -8.146373725651661e-15 9.004988008033839e-14 1.9394520932470408e-13 2.8873139056375907e-13 3.5955551968037535e-13 3.920612691990449e-13 3.7443033969100186e-13 3.0431864792617484e-13 1.8819872450616054e-13 4.0576108045666826e-14 -1.1741385080994866e-13 -2.659793071744278e-13 -3.8619790097726665e-13 -4.595971164483265e-13 -4.785472265919915e-13 -4.492505128962186e-13 -3.901519160228775e-13 -3.0362598589108296e-13 -1.933260006103373e-13 -6.301368642582645e-14 8.428702279702206e-14 2.3543443042299465e-13 3.802250731464639e-13 5.151589361907109e-13 6.376326442721188e-13 7.442618697610925e-13 8.308105570407884e-13 8.941382173780094e-13 9.269207074440244e-13 9.206131984540969e-13 8.660251839833405e-13 7.753146666215469e-13 6.656454376648927e-13 5.558311925316723e-13 4.626543151219702e-13 3.8529811924518105e-13 3.186044184224637e-13 2.627681840793007e-13 2.1599957996445394e-13 1.7660703513927103e-13 1.4289742244002502e-13 1.1483655813377116e-13 9.184633780609957e-14 7.314302250566165e-14 5.782259935004192e-14 4.5242145123503505e-14 3.482667818402044e-14 2.606932735391999e-14 1.8690531714365343e-14 1.2685229361285305e-14 8.109593304739152e-15 4.662963334865696e-15 2.117108655194654e-15 2.529523299446816e-16 -1.1198245378546343e-15 -2.0573550609620278e-15 -2.6054029228091684e-15 -2.804663644938026e-15 -2.6913325549478837e-15 -2.3209249588624253e-15 -1.7575226105139773e-15 -1.0664908765272822e-15 -3.8817891003412536e-16 1.1251173044943463e-16 2.939852807407175e-16 2.67125018375354e-16 1.4299454097558392e-16 2.7735458978862782e-17 3.542327196811655e-18 6.927277587403056e-18 1.2907700889828477e-18 -4.731775268701814e-19 -4.965071532024014e-19 2.8596763821796793e-19 6.546236837985705e-20 -5.423207856807317e-20 4.501690821544897e-20 -5.3540215735154067e-20 -2.404008348808055e-19 4.162745227233578e-19 4.706393547951926e-19 -8.433192951215145e-19 -3.101914209323243e-18 4.436217600091996e-18 2.162517810623892e-17 4.555205379808112e-17 1.624738578252994e-16 4.077189071907634e-16 7.514326779948437e-16 1.2280169465783777e-15 8.540251021657191e-16 -1.0103183732366759e-15 -4.380644248730484e-15 -8.184080856864871e-15 -1.1616345968689325e-14 -1.406520968968534e-14 -1.5055028763906862e-14 -1.4255385046602237e-14 -1.143759673746762e-14 -6.4329109528958426e-15 1.4605626654424872e-15 1.3235988546121217e-14 3.018602882630447e-14 5.424232798891549e-14 8.669013890670733e-14 1.2976891551201827e-13 1.874662320060457e-13 2.646722553315072e-13 3.65121326441605e-13 4.910885474312745e-13 6.424677914517414e-13 8.205259423699079e-13 1.0286372570588578e-12 1.2717266116318099e-12 1.5724343976976554e-12 1.9537554937660355e-12 2.4246108339109604e-12 2.9993590703853154e-12 3.528715884058957e-12 3.844260542845748e-12 3.935548159092695e-12 3.830041532406613e-12 3.5804769696588693e-12 3.2442907470802262e-12 2.8825273483175614e-12 2.5280074288809957e-12 2.1866387316569336e-12 1.8293317556482946e-12 1.4417142423353597e-12 1.0153907730939515e-12 5.474311618094532e-13 4.4795953220194636e-14 -4.952258928310109e-13 -1.066589017188802e-12 -1.5878570780999314e-12 -1.9773479921372794e-12 -2.1561105375983053e-12 -2.0591511608369478e-12 -1.6735782770720037e-12 -1.0349867275913702e-12 -2.2314847220192329e-13 6.457042807736491e-13 1.462727686870329e-12 2.123859680466768e-12 2.5275124851854717e-12 2.631727255265255e-12 2.4706129652532798e-12 2.145605888798009e-12 1.6697646965414963e-12 1.0631802578647188e-12 3.4653981327148335e-13 -4.635268462371073e-13 -1.2947481823873548e-12 -2.091011201290958e-12 -2.8330679126465424e-12 -3.506601262767836e-12 -4.0929993609765745e-12 -4.568966269391026e-12 -4.917230939331266e-12 -5.097514940587425e-12 -5.062826960621063e-12 -4.762624991297335e-12 -4.2637710113742414e-12 -3.660655635790568e-12 -3.0567428006417505e-12 -2.5443253968760366e-12 -2.118912208364458e-12 -1.752136394326685e-12 -1.445070142391212e-12 -1.1878704349925206e-12 -9.712346702826915e-13 -7.858517025851639e-13 -6.315335225570184e-13 -5.05100892386698e-13 -4.0224370868028464e-13 -3.1799043409443263e-13 -2.4880536933677037e-13 -1.9152645495544257e-13 -1.433662001532143e-13 -1.0278718439251574e-13 -6.976156696013067e-14 -4.4598262331923044e-14 -2.5643815937801813e-14 -1.1643093931720882e-14 -1.3913047113829577e-15 6.15819019068918e-15 1.1314086604459343e-14 1.432805696172491e-14 1.5423903458691674e-14 1.4800679954515907e-14 1.2763687411546197e-14 9.665336427837379e-15 5.865096393068395e-15 2.134798709099646e-15 -6.187029128168158e-16 -1.6167204850211993e-15 -1.4690209695626159e-15 -7.863837212900382e-16 -1.5252785640824146e-16 -1.9480408610279238e-17 -3.8095882249261055e-17 -7.09842510320764e-18 2.602190268952138e-18 2.7304850741551197e-18 -1.5726471682841848e-18 -3.600035339893145e-19 2.982435388681249e-19 9.197921929485234e-21 -1.0939171178318283e-20 -4.9120822173015926e-20 8.505797297333969e-20 9.615930891084172e-20 -1.723234327361239e-19 -6.33740259791112e-19 9.063987393863303e-19 4.4177904364677956e-18 9.304403822141487e-18 3.318578629637792e-17 8.328239021354315e-17 1.5350951201101758e-16 2.509360849682009e-16 1.7464837245816363e-16 -2.0607186265627702e-16 -8.944443995152379e-16 -1.6713314573191976e-15 -2.37244578720863e-15 -2.8727292943343246e-15 -3.0750426354362293e-15 -2.9119201255189417e-15 -2.3366660197244352e-15 -1.3148055510842252e-15 2.969627708227473e-16 2.70144258591788e-15 6.162622809102643e-15 1.107503635925259e-14 1.770118228735162e-14 2.649843760131764e-14 3.82812061282718e-14 5.404824297088119e-14 7.456225307639974e-14 1.0028794077613991e-13 1.312037987129262e-13 1.6756870251423839e-13 2.100718379299509e-13 2.5971873579243103e-13 3.21134427235251e-13 3.9901601782103404e-13 4.95185481247802e-13 6.125751077272249e-13 7.206925231354313e-13 7.851372623235684e-13 8.037774905175633e-13 7.822243128241585e-13 7.312508132640489e-13 6.625895134161476e-13 5.887074399817445e-13 5.163069172623666e-13 4.4659343163274555e-13 3.7362468438882883e-13 2.944649169586361e-13 2.0739941887656545e-13 1.1182986146300536e-13 9.178045801769368e-15 -1.011103640502217e-13 -2.1780160228384144e-13 -3.2426254674371737e-13 -4.038100516007763e-13 -4.403188211407734e-13 -4.205141191227274e-13 -3.4176650400894797e-13 -2.1134741988767278e-13 -4.554866582821833e-14 1.3189283955991134e-13 2.9874998545010493e-13 4.3377141346219047e-13 5.162083092396275e-13 5.37490207093229e-13 5.045827504951396e-13 4.3820283323288386e-13 3.41017165250636e-13 2.1712902543626355e-13 7.076369343433538e-14 -9.46820404340874e-14 -2.6444757385400984e-13 -4.270724713730776e-13 -5.786254552068177e-13 -7.161826646407269e-13 -8.35943491984536e-13 -9.331509970027348e-13 -1.0042792877009197e-12 -1.0411018733406946e-12 -1.0340201245259154e-12 -9.727092159108219e-13 -8.708237274036757e-13 -7.476422190541191e-13 -6.242975442969053e-13 -5.196412505708054e-13 -4.3275556051698486e-13 -3.578460287904796e-13 -2.9513190580818056e-13 -2.42602733632154e-13 -1.9835832750471516e-13 -1.6049665932219016e-13 -1.289794599974114e-13 -1.0315745117758035e-13 -8.215037218461342e-14 -6.494286317299843e-14 -5.0812819085804007e-14 -3.911443634132995e-14 -2.9278402425592894e-14 -2.0990726083847684e-14 -1.424574320069218e-14 -9.106571471645893e-15 -5.2355240859625306e-15 -2.376253587965576e-15 -2.8268455956125234e-16 1.2589641429733776e-15 2.311760360472891e-15 2.9271098700329187e-15 3.1507150848244825e-15 3.0232234505704545e-15 2.6069910915290246e-15 1.9740007888673854e-15 1.1976791542429843e-15 4.357023562147318e-16 -1.2666749839163758e-16 -3.3036041283687924e-16 -3.0008590050570767e-16 -1.6061941297292556e-16 -3.115689322101495e-17 -3.9806132578362695e-18 -7.780878841101747e-18 -1.4500740920865987e-18 5.31503955486196e-19 5.577358760712656e-19 -3.2123019480547326e-19 -7.35310039913714e-20 6.09176727994368e-20 -1.1768029249861333e-19 1.3996103218324538e-19 6.284427704472936e-19 -1.0882036895136416e-18 -1.2303116293906912e-18 2.2045718114039153e-18 8.108757954278341e-18 -1.1596851422471447e-17 -5.653017667190855e-17 -1.1907527686682404e-16 -4.24713274713207e-16 -1.0658001052058803e-15 -1.9643130650779844e-15 -3.2102382997678566e-15 -2.232748587335773e-15 2.640613602067469e-15 1.1450745310913349e-14 2.13931157474631e-14 3.036528442866727e-14 3.6766846079601377e-14 3.935446684506088e-14 3.726445241981884e-14 2.989903757004053e-14 1.6817086436180842e-14 -3.816085420502758e-15 -3.459657650614276e-14 -7.890340105620515e-14 -1.4178594052896907e-13 -2.2660387357167068e-13 -3.3921117077666227e-13 -4.900314157612493e-13 -6.918475978833139e-13 -9.544213730637524e-13 -1.28369996142135e-12 -1.679406177510345e-12 -2.1448518605232293e-12 -2.688857432206685e-12 -3.324296178844051e-12 -4.110351920682839e-12 -5.107134663517778e-12 -6.3379638779931046e-12 -7.840372961046549e-12 -9.224125809670061e-12 -1.0048963762085023e-11 -1.0287585624304209e-11 -1.001178268538055e-11 -9.359411915984151e-12 -8.48061544258595e-12 -7.534963956530772e-12 -6.608250054618637e-12 -5.715915172230682e-12 -4.7819172311261565e-12 -3.768686312993169e-12 -2.6542765622562268e-12 -1.4310285897146905e-12 -1.1713766482434994e-13 1.2944838089342798e-12 2.7880344251125793e-12 4.1506369675364205e-12 5.168772076366627e-12 5.636059062886235e-12 5.3826026837223175e-12 4.374708939412464e-12 2.7054256993308097e-12 5.832775240056393e-13 -1.6879052195158058e-12 -3.823606633017231e-12 -5.551809280709121e-12 -6.606959692316995e-12 -6.8793754027980114e-12 -6.4582169710046815e-12 -5.608640482387352e-12 -4.364781052899543e-12 -2.7791565575627496e-12 -9.058440729374772e-13 1.2116853064151972e-12 3.384512336987575e-12 5.465956500014443e-12 7.40570301983541e-12 9.166327146935986e-12 1.0699177926885788e-11 1.1943360666947407e-11 1.2853730597312976e-11 1.332499895864357e-11 1.3234327843604861e-11 1.2449596359597647e-11 1.1145581414413157e-11 9.569022512202325e-12 7.99037862674364e-12 6.650907738932692e-12 5.538869028249132e-12 4.580109822643469e-12 3.77743321410895e-12 3.105109166363417e-12 2.5388201617561857e-12 2.0542262127337367e-12 1.6508360384936657e-12 1.3203391076932105e-12 1.0514687609789013e-12 8.312293247889237e-13 6.503784375697906e-13 5.006504258998319e-13 3.7475873228005836e-13 2.6868452065640686e-13 1.823550453280205e-13 1.1657785031815418e-13 6.703078846947058e-14 3.0432913068377184e-14 3.634859511611566e-15 -1.60993305203983e-14 -2.957662230979693e-14 -3.745489908823032e-14 -4.0319175232615015e-14 -3.868977190000392e-14 -3.336475471358056e-14 -2.5265341847964363e-14 -1.5331206284649884e-14 -5.579984395806972e-15 1.617723648670094e-15 4.2263672880653366e-15 3.8401274231022926e-15 2.0556364313120996e-15 3.9871763290038766e-16 5.092490579181663e-17 9.958373969029807e-17 1.8555847316703896e-17 -6.802229256998449e-18 -7.137634901760268e-18 4.110980517610419e-18 9.410627392428666e-19 -7.796214515853058e-19 -1.775107532332981e-19 2.1111827558211452e-19 9.479604888673061e-19 -1.6414813974318572e-18 -1.8558101498856758e-18 3.3254769330103886e-18 1.2231164584045338e-17 -1.749279791196651e-17 -8.526789602322232e-17 -1.796023249927788e-16 -6.405948577814213e-16 -1.6075659626883225e-15 -2.962892280290297e-15 -4.842486746258463e-15 -3.3685871881935885e-15 3.981559610686318e-15 1.726975866808986e-14 3.226593541445303e-14 4.5798934966117976e-14 5.545483021788324e-14 5.935835542272547e-14 5.6206903565963274e-14 4.5098924031116785e-14 2.5369023172614907e-14 -5.749779646977468e-15 -5.217294327432888e-14 -1.189968508434289e-13 -2.138374318448478e-13 -3.4176200946136565e-13 -5.115999555310502e-13 -7.390728452669714e-13 -1.0434609177382531e-12 -1.4394874724983541e-12 -1.936122733329561e-12 -2.5329493704315106e-12 -3.2349631189182276e-12 -4.0554677438211904e-12 -5.013878291904731e-12 -6.199464619153394e-12 -7.702892085038618e-12 -9.55933275407389e-12 -1.1825395983934573e-11 -1.39124862039052e-11 -1.515656140416449e-11 -1.5516450127664145e-11 -1.510044285552329e-11 -1.4116475968292395e-11 -1.2791013129379061e-11 -1.1364728127287713e-11 -9.967015729474434e-12 -8.621160992578558e-12 -7.212466681402085e-12 -5.684265305631208e-12 -4.003456292520585e-12 -2.1584877439156604e-12 -1.7680396795387265e-13 1.9522878966620867e-12 4.2049590935058355e-12 6.260129222731979e-12 7.795750090298253e-12 8.500541036270193e-12 8.118250891857082e-12 6.5980753899592195e-12 4.080363404450001e-12 8.796241782944552e-13 -2.545892173172953e-12 -5.767070686835672e-12 -8.373643666502025e-12 -9.965080468159901e-12 -1.0375946004256762e-11 -9.740715716324642e-12 -8.459316559180615e-12 -6.58323202151322e-12 -4.191673275678578e-12 -1.3662040776552236e-12 1.827607677499067e-12 5.1048199568527705e-12 8.244198204202267e-12 1.1169853475636636e-11 1.3825339989411323e-11 1.613728163549224e-11 1.8013836840449057e-11 1.9386921605257205e-11 2.0097731160370316e-11 1.9960986890198478e-11 1.8777404431989507e-11 1.6810590061795674e-11 1.4432696389305839e-11 1.2051656686922119e-11 1.0031362213721192e-11 8.354102382118427e-12 6.908030843030355e-12 5.697376616652461e-12 4.683331138448714e-12 3.829215865887328e-12 3.0983179307144033e-12 2.489896919697231e-12 1.9914184631477034e-12 1.5858894667244489e-12 1.253708968003975e-12 9.80937037049298e-13 7.551068131971541e-13 5.652281663602782e-13 4.052396276085169e-13 2.7503157382964565e-13 1.758221160230753e-13 1.0109232226213544e-13 4.5893619343939933e-14 5.475852791301786e-15 -2.4287631097600642e-14 -4.461404743605275e-14 -5.649568524402441e-14 -6.081487780398991e-14 -5.835638144957412e-14 -5.0323907009789547e-14 -3.810693557188947e-14 -2.3122792666960068e-14 -8.414798784959644e-15 2.4413185307658694e-15 6.37524823285534e-15 5.792212228858894e-15 3.100507244021907e-15 6.013971743494076e-16 7.681744138735504e-17 1.5020068760474737e-16 2.798865625050169e-17 -1.0259793284884e-17 -1.0765806234799044e-17 6.200644006605482e-18 1.41940088469841e-18 -1.1759049734699498e-18 7.447549297086357e-19 -8.857577555106647e-19 -3.977207904199038e-18 6.886900170893798e-18 7.786149363669416e-18 -1.3952146769688797e-17 -5.131660432905948e-17 7.339193216195612e-17 3.577479714009593e-16 7.535400481341864e-16 2.68768483131377e-15 6.744700789448632e-15 1.2431041146673581e-14 2.0316798022559735e-14 1.4132545345654299e-14 -1.6706055400053257e-14 -7.245822053116973e-14 -1.3537621736115955e-13 -1.9215515827948328e-13 -2.326671800710171e-13 -2.4904436086575613e-13 -2.3582139253761287e-13 -1.8921567678924758e-13 -1.0643550503930147e-13 2.4128500804498e-14 2.1890425376217905e-13 4.992743210408059e-13 8.971921956531796e-13 1.4339184398721592e-12 2.1464977675750605e-12 3.1008919858536013e-12 4.377993680781546e-12 6.0395762010208574e-12 8.123275061610744e-12 1.0627338728195679e-11 1.3572726965918657e-11 1.701525721325249e-11 2.1036388734782617e-11 2.6010660568331706e-11 3.2318467873474065e-11 4.010737937244593e-11 4.961490748089064e-11 5.837153801998719e-11 6.359121114219128e-11 6.510118217661382e-11 6.335578952595215e-11 5.922744744501161e-11 5.3666305277954994e-11 4.768214101360994e-11 4.1817849154739265e-11 3.617112875265249e-11 3.0260757515776514e-11 2.3848981495659697e-11 1.679692339475364e-11 9.056115390911682e-12 7.417027358269998e-13 -8.191175569513226e-12 -1.764253991003697e-11 -2.6265261106813078e-11 -3.2708148912285516e-11 -3.566518921263428e-11 -3.406125121967381e-11 -2.768316741819692e-11 -1.7119782909346313e-11 -3.690661576092511e-12 1.0681545493064114e-11 2.4196424437620144e-11 3.513264037155275e-11 4.1809721013102964e-11 4.3533566437964166e-11 4.086838706004797e-11 3.5492125671359674e-11 2.762078874030511e-11 1.7586716464827465e-11 5.732118907814783e-12 -7.667907112073381e-12 -2.141785283765965e-11 -3.4589502015936995e-11 -4.6864453765158855e-11 -5.800588220093715e-11 -6.770592674729506e-11 -7.557925161481599e-11 -8.134019694734055e-11 -8.432247847479683e-11 -8.374874152750312e-11 -7.878287209646486e-11 -7.053086626096137e-11 -6.055413392673008e-11 -5.0564203056795036e-11 -4.208781717182912e-11 -3.505067107798737e-11 -2.8983502832310372e-11 -2.3904054876399242e-11 -1.9649501661157438e-11 -1.6065954747147944e-11 -1.2999382015327594e-11 -1.0446676527041007e-11 -8.35524867011598e-12 -6.653801770538546e-12 -5.260097559831101e-12 -4.115649309232064e-12 -3.1681507646929556e-12 -2.3714915086818753e-12 -1.7002398857014284e-12 -1.1539358830455464e-12 -7.376901447727605e-13 -4.241516636977684e-13 -1.925581069591561e-13 -2.2979665024501714e-14 1.0189747597220742e-13 1.8718021915964718e-13 2.3703181704807235e-13 2.551542280488143e-13 2.448400161070337e-13 2.111394885828819e-13 1.5988235698031417e-13 9.701515012345487e-14 3.530635385644772e-14 -1.024179954895416e-14 -2.6747559594809457e-14 -2.4301734948496986e-14 -1.3008519099279337e-14 -2.523217757030144e-15 -3.222900888391717e-16 -6.301842966233938e-16 -1.174287430592632e-16 4.3046074429800955e-17 4.5169012479565385e-17 -2.6015429031451296e-17 -5.955252376610105e-18 4.9336344140720284e-18 -2.879414729180585e-20 3.424022885566128e-20 1.5380827409975436e-19 -2.663572125340308e-19 -3.0097876946201e-19 5.397627238809029e-19 1.982978635691026e-18 -2.8371693347322403e-18 -1.3815965683023508e-17 -2.9070344298959334e-17 -1.0366619211604771e-16 -2.6024949357679433e-16 -4.800761251943051e-16 -7.860729441588403e-16 -5.497887391114172e-16 6.379576843593575e-16 2.7877669425034273e-15 5.215084846133634e-15 7.406506343664355e-15 8.971208362698047e-15 9.605990766182327e-15 9.100567895753135e-15 7.309335174267312e-15 4.124470522686375e-15 -9.004382472366422e-16 -8.397847288987003e-15 -1.9191582894120443e-14 -3.4513863924779634e-14 -5.5184332381835134e-14 -8.263098180636292e-14 -1.193964484956898e-13 -1.6859912627951463e-13 -2.326206493689945e-13 -3.129128215063237e-13 -4.0941184343452387e-13 -5.229286068745816e-13 -6.556156671657072e-13 -8.106063131064204e-13 -1.002361497887528e-12 -1.2455607129807143e-12 -1.5458923736533927e-12 -1.9125062363545618e-12 -2.2501379924949148e-12 -2.4513267870894086e-12 -2.5094444632576752e-12 -2.442053917868499e-12 -2.2828388510096666e-12 -2.0684691593558315e-12 -1.837859577541299e-12 -1.6119190154045689e-12 -1.3943894341941817e-12 -1.166694641240579e-12 -9.196602679085145e-13 -6.479314713933695e-13 -3.496425998301984e-13 -2.923686026385812e-14 3.15029335165413e-13 6.793222695873022e-13 1.01169320465069e-12 1.2600405317761756e-12 1.3740065249403957e-12 1.3121313321271404e-12 1.0662751147114972e-12 6.591742539489933e-13 1.4168391566741484e-13 -4.1212352085809703e-13 -9.329062607994392e-13 -1.3543517760318523e-12 -1.61166067968776e-12 -1.6780555985080224e-12 -1.5752715206804173e-12 -1.3679886166499269e-12 -1.0645259207207721e-12 -6.776944512787656e-13 -2.206901344792965e-13 2.958740073407637e-13 8.259102413235013e-13 1.3336346294816445e-12 1.8067702636005486e-12 2.2361923765969588e-12 2.610047136647615e-12 2.913501273925235e-12 3.135575998792485e-12 3.250583341203167e-12 3.2285288029288114e-12 3.037130287729191e-12 2.718998469199744e-12 2.3343356984592273e-12 1.949157572867185e-12 1.6223615996659451e-12 1.3510721661189625e-12 1.1171798985834946e-12 9.213747474489003e-13 7.573765924365639e-13 6.192476193071497e-13 5.010422917331812e-13 4.026437108091123e-13 3.220254666525445e-13 2.5643961285121844e-13 2.0271619352896606e-13 1.586009350285268e-13 1.2207760314271908e-13 9.136859295229464e-14 6.549368665563484e-14 4.4435639082788144e-14 2.8392037124263584e-14 1.6308737511404397e-14 7.385308521756384e-15 8.531960555419258e-16 -3.955452429773e-15 -7.237964239779893e-15 -9.154939554819201e-15 -9.848946779882801e-15 -9.446762677419167e-15 -8.143125388461326e-15 -6.16293225533708e-15 -3.7356318643084735e-15 -1.3543193279888827e-15 4.0159269792905636e-16 1.0347879876492461e-15 9.380886354422885e-16 5.017073027626814e-16 9.738044580008684e-17 1.2468268382020477e-17 2.429956378770722e-17 4.5337360135532946e-18 -1.660290493750389e-18 -1.7427800295883127e-18 1.0037062274854286e-18 2.2968057330831694e-19 -1.9030563324569496e-19 -1.6121372168096685e-18 1.917358320537652e-18 8.609291023227096e-18 -1.4907782646441264e-17 -1.6854311352075195e-17 3.0201660678260584e-17 1.110824711791636e-16 -1.5886810180706789e-16 -7.743970607691086e-16 -1.6311386168472959e-15 -5.817849813329553e-15 -1.459982263903566e-14 -2.6908780419272438e-14 -4.3978989790389993e-14 -3.059289922658409e-14 3.616091984037726e-14 1.5684372111320717e-13 2.9303818418411797e-13 4.1594406330278844e-13 5.036382128701649e-13 5.390895396779514e-13 5.104677851007882e-13 4.0958508505923535e-13 2.3039838190579235e-13 -5.222202940995678e-14 -4.73836256705778e-13 -1.0807294770886804e-12 -1.942069196979848e-12 -3.103876623735023e-12 -4.646339741172591e-12 -6.712241238949142e-12 -9.476683422770839e-12 -1.3073382642299823e-11 -1.7583805995961845e-11 -2.3004162964445035e-11 -2.9379824329408854e-11 -3.683161424024484e-11 -4.5535859970455163e-11 -5.6303304422362224e-11 -6.995736507615814e-11 -8.681747314755262e-11 -1.0739775299049757e-10 -1.263526109061009e-10 -1.376512512830712e-10 -1.4091975380451346e-10 -1.3714160347699133e-10 -1.2820526471972553e-10 -1.1616746691979072e-10 -1.032140002402198e-10 -9.052002424641263e-11 -7.829701509787075e-11 -6.55032997674344e-11 -5.1624227375286786e-11 -3.6359180044791006e-11 -1.9603243673356293e-11 -1.6056658840712877e-12 1.773066410433173e-11 3.818933263349714e-11 5.685430286342818e-11 7.080074814497e-11 7.720163189327289e-11 7.372969325204956e-11 5.992352278234214e-11 3.705775953575604e-11 7.988764275555123e-12 -2.3121650828294485e-11 -5.237627609044866e-11 -7.604907369122285e-11 -9.05024431075294e-11 -9.423391182281965e-11 -8.846478146117201e-11 -7.682717189480138e-11 -5.978865470854248e-11 -3.8068622436879916e-11 -1.2407833264408094e-11 1.659822875017466e-11 4.636173236548048e-11 7.487343494269883e-11 1.0144411658732033e-10 1.255611386759832e-10 1.4655810119839507e-10 1.636009009220085e-10 1.7607119876924227e-10 1.8252673688773886e-10 1.8128482540386593e-10 1.7053557694328378e-10 1.5267305478133916e-10 1.310771320230724e-10 1.0945263776837034e-10 9.110441294087873e-11 7.58716117861179e-11 6.273845236567768e-11 5.1743341900439906e-11 4.253382297038237e-11 3.47767831316481e-11 2.813879839992071e-11 2.26131441052816e-11 1.8085983553862105e-11 1.4402986141206671e-11 1.1386136736537697e-11 8.90883345762936e-12 6.857852794576964e-12 5.1333828618150154e-12 3.680373642416349e-12 2.497829498352919e-12 1.5968132080485734e-12 9.181200890615078e-13 4.168074158716819e-13 4.973451352950089e-14 -2.2057667203905364e-13 -4.0518079361944405e-13 -5.130897675360201e-13 -5.52316920097788e-13 -5.299893888461856e-13 -4.570392193522805e-13 -3.4608560412719987e-13 -2.1000061324965966e-13 -7.642347153289181e-14 2.217131749046721e-14 5.789938831937768e-14 5.26045058238664e-14 2.8158652552526246e-14 5.461853050652487e-15 6.976485975091391e-16 1.3641156493230808e-15 2.5419113474713866e-16 -9.317892187287106e-17 -9.777444901616389e-17 5.631390714095802e-17 1.2890928106356623e-17 -1.067950789081328e-17 -2.0203184047534602e-18 2.402901259552171e-18 1.0788510497568682e-17 -1.8680940076636712e-17 -2.1122508408001948e-17 3.784343041508679e-17 1.392235841159994e-16 -1.9909762439630909e-16 -9.707018060347248e-16 -2.0450857492106333e-15 -7.29459760462467e-15 -1.8304184713818775e-14 -3.373000952761254e-14 -5.510551959748242e-14 -3.828781084903788e-14 4.543610114275706e-14 1.967608681580171e-13 3.6751782678090844e-13 5.215997307040214e-13 6.315214262977573e-13 6.759247156411749e-13 6.399686987894354e-13 5.133827678529138e-13 2.88592113197807e-13 -6.593228679410434e-14 -5.947945650720969e-13 -1.3560422850718596e-12 -2.4364035919094907e-12 -3.893587227744364e-12 -5.828148144675724e-12 -8.419135178570227e-12 -1.1886122514871135e-11 -1.6396783056678248e-11 -2.2053260162250423e-11 -2.8850744600532167e-11 -3.684608667779577e-11 -4.619078494950471e-11 -5.710605426688983e-11 -7.060820797568847e-11 -8.772956159666328e-11 -1.0887067935771564e-10 -1.3467635595751446e-10 -1.584443204730238e-10 -1.7261298112153818e-10 -1.767129823307295e-10 -1.7197686534414485e-10 -1.6077193329703955e-10 -1.4567664730295696e-10 -1.294321177912211e-10 -1.1351226180158366e-10 -9.818263142963244e-11 -8.213737180168424e-11 -6.473125820103019e-11 -4.558734015217181e-11 -2.4574016087406767e-11 -2.00377077222219e-12 2.22449566792002e-11 4.790048044910469e-11 7.130641700859308e-11 8.879530518559465e-11 9.68222748728205e-11 9.246920264912065e-11 7.515632221169594e-11 4.6481451568182144e-11 1.0026607382929174e-11 -2.898871142987651e-11 -6.56765349820215e-11 -9.53638280122783e-11 -1.1348938808701874e-10 -1.1816945014969875e-10 -1.1093572677143035e-10 -9.634287439447461e-11 -7.497733681738666e-11 -4.774122494036845e-11 -1.5563375079954127e-11 2.080961148477974e-11 5.8132671580001624e-11 9.388628278805329e-11 1.2720621886516086e-10 1.5744957037543498e-10 1.8378047462837803e-10 2.0515266442675023e-10 2.2079025529400705e-10 2.2888473240873766e-10 2.2732645781253483e-10 2.1384662850096421e-10 1.914477238589479e-10 1.6436787057239143e-10 1.3725228792170166e-10 1.1424453941484318e-10 9.514309620280157e-11 7.867448370269485e-11 6.488677364519762e-11 5.333804123989701e-11 4.361065321486501e-11 3.528661848556384e-11 2.835746124210715e-11 2.2680419251119738e-11 1.8061957625768708e-11 1.4278844844729275e-11 1.1172319418885215e-11 8.600399284842517e-12 6.437923537588411e-12 4.615858223116322e-12 3.132947487694022e-12 2.0030551806942655e-12 1.1519365148068719e-12 5.232350846459547e-13 6.285746414130285e-14 -2.761868035070471e-13 -5.077531146019015e-13 -6.43140582042709e-13 -6.923998567083348e-13 -6.644704733767429e-13 -5.730602121110539e-13 -4.339907904542964e-13 -2.6340030679066587e-13 -9.593457327965021e-14 2.7700387398519217e-14 7.254917741223547e-14 6.594583384342976e-14 3.530680741075045e-14 6.847366928148994e-15 8.741721675102111e-16 1.7104775344021996e-15 3.186461879903597e-16 -1.1683105305000393e-16 -1.2258394490773995e-16 7.06040337583e-17 1.6163315418397117e-17 -1.3390122395938913e-17 9.671815315229462e-18 -1.1503160008356382e-17 -5.1648862754756824e-17 8.943385377188724e-17 1.0111739388856814e-16 -1.8117817700373325e-16 -6.664657507688221e-16 9.53122768583516e-16 4.646491952921632e-15 9.788243809092382e-15 3.491291313575169e-14 8.760965965085267e-14 1.6145655093752103e-13 2.6382447704553424e-13 1.8340842501704623e-13 -2.172472576783354e-13 -9.414875675099247e-13 -1.7587705572758398e-12 -2.4962745787159773e-12 -3.02244586488647e-12 -3.2350704103177716e-12 -3.063135075700333e-12 -2.45749325204874e-12 -1.38188605573638e-12 3.145423988764185e-13 2.8452335905744664e-12 6.487979974740726e-12 1.1657865432873236e-11 1.8631078351511257e-11 2.788885940083135e-11 4.0288107374220144e-11 5.687967622870662e-11 7.846603657224545e-11 1.0553606585501939e-10 1.3806687312436086e-10 1.7633063427640723e-10 2.210524290944149e-10 2.7329072936856645e-10 3.3791024034985636e-10 4.198520085847135e-10 5.210330720738548e-10 6.445391234260542e-10 7.5829176118659e-10 8.261001940919866e-10 8.457191949244521e-10 8.230491737363625e-10 7.694215025490385e-10 6.971777754460083e-10 6.194361913524558e-10 5.432500692134798e-10 4.698894879714414e-10 3.931039453747956e-10 3.098051752653769e-10 2.1818910217518404e-10 1.1762599130181588e-10 9.611502324672936e-12 -1.0643661823103282e-10 -2.2921880682073197e-10 -3.412355013613886e-10 -4.2493424769618987e-10 -4.6334937604396983e-10 -4.4251465730828106e-10 -3.596580232098773e-10 -2.224276566366537e-10 -4.796616698795003e-11 1.3874812340253682e-10 3.1432416636786634e-10 4.5639891598956984e-10 5.431424513977565e-10 5.655386417590437e-10 5.309175547561816e-10 4.6107705164224113e-10 3.5882350871785995e-10 2.2847429198854327e-10 7.447482102687241e-11 -9.960149331598245e-11 -2.782241569086886e-10 -4.4933501140357094e-10 -6.087978924794001e-10 -7.535360804450898e-10 -8.795497196838713e-10 -9.818322286971377e-10 -1.056671447176461e-9 -1.0954119589608125e-9 -1.0879563759391988e-9 -1.0234448104483344e-9 -9.162458933808369e-10 -7.866431037040223e-10 -6.56869097033584e-10 -5.467558477298439e-10 -4.55338488428065e-10 -3.765216785491843e-10 -3.1053568482319025e-10 -2.5526540303855293e-10 -2.0871191035701746e-10 -1.6887449793367015e-10 -1.357126984290815e-10 -1.0854330071154538e-10 -8.644008932667105e-11 -6.833471734790331e-11 -5.346738535933909e-11 -4.1158590828863554e-11 -3.0809327755988584e-11 -2.2089214120263582e-11 -1.4992256017271087e-11 -9.58482334728948e-12 -5.511597903618537e-12 -2.5028635321211164e-12 -2.997271304827321e-13 1.3227153728090205e-12 2.430789535060808e-12 3.078575089813182e-12 3.3141684022084657e-12 3.1803478557698156e-12 2.7427188084381364e-12 2.077007470687507e-12 1.2604558271825856e-12 4.589036968729875e-13 -1.3279873289155825e-13 -3.4733489844565073e-13 -3.156508269160543e-13 -1.6898165993455098e-13 -3.2774358341951796e-14 -4.185160275630434e-15 -8.186331489041755e-15 -1.5252317127208032e-15 5.591678708135887e-16 5.867223994627581e-16 -3.3792937991918294e-16 -7.735915576910643e-17 6.408728631824017e-17 2.282941950919699e-18 -2.7151691067720243e-18 -1.2191554258544358e-17 2.111078200944679e-17 2.386737751615026e-17 -4.276818248994135e-17 -1.5730439659328378e-16 2.249728761218793e-16 1.0966340458898466e-15 2.3099030881134267e-15 8.238844801398924e-15 2.0675195600328315e-14 3.810588804726616e-14 6.227801438855604e-14 4.331964889521865e-14 -5.121403063145083e-14 -2.221173255468638e-13 -4.14986241486822e-13 -5.890360151040907e-13 -7.132207308671728e-13 -7.63421881126617e-13 -7.228858212687698e-13 -5.800172071328281e-13 -3.2625839389923143e-13 7.39787574177903e-14 6.710530539754554e-13 1.5305111936058361e-12 2.7503037135788687e-12 4.395603055570116e-12 6.579966715708703e-12 9.505595164571664e-12 1.3420457832246006e-11 1.8513915590484655e-11 2.4901336469335538e-11 3.2577349422371785e-11 4.1606203400095e-11 5.215900167631792e-11 6.448545428563228e-11 7.973366790054606e-11 9.906970428428464e-11 1.2294592316650353e-10 1.5209040217396942e-10 1.789330853384716e-10 1.9493356937899066e-10 1.9956230451142082e-10 1.9421200292073456e-10 1.8155695117423675e-10 1.6450973142815865e-10 1.461657392272378e-10 1.2818918180940402e-10 1.1087955954414769e-10 9.276173849365784e-11 7.310690838689388e-11 5.1489353120625884e-11 2.7760497315780133e-11 2.273306925954533e-12 -2.510972858665752e-11 -5.408211991563476e-11 -8.051436424650444e-11 -1.0026450808166134e-10 -1.0932908040610874e-10 -1.0441236496915846e-10 -8.486087595747943e-11 -5.247965036559222e-11 -1.131370726661697e-11 3.274320535687812e-11 7.417203810622369e-11 1.0769616109489572e-10 1.2816423644350932e-10 1.334485691152017e-10 1.252787063594817e-10 1.0879824297376857e-10 8.466933262284534e-11 5.391073657329961e-11 1.7571469122979302e-11 -2.3505187600854877e-11 -6.565450238463242e-11 -1.0603110690398793e-10 -1.4365897131758682e-10 -1.7781212337759013e-10 -2.075468352849007e-10 -2.316818818763626e-10 -2.4934158029377557e-10 -2.584834934699502e-10 -2.56724719685028e-10 -2.4150224654918895e-10 -2.16206424890271e-10 -1.8562362053614456e-10 -1.5500036045000332e-10 -1.290167277348771e-10 -1.0744495166345478e-10 -8.884655888911533e-11 -7.327593436964012e-11 -6.02339516661062e-11 -4.924888141921505e-11 -3.9848554934436375e-11 -3.202344670917215e-11 -2.5612347247087638e-11 -2.039670231718161e-11 -1.6124417257111185e-11 -1.2616205720858662e-11 -9.711727197003892e-12 -7.269634100540942e-12 -5.2119677447575045e-12 -3.5373177557353832e-12 -2.2613500969473525e-12 -1.300222434202368e-12 -5.9028960180745e-13 -7.045857303557897e-14 3.1234449066844064e-13 5.737741419973968e-13 7.265924275204718e-13 7.821474607149678e-13 7.505323959407853e-13 6.472285019454002e-13 4.901061887355087e-13 2.97393936155586e-13 1.082320273978175e-13 -3.139199549564085e-14 -8.199057209293892e-14 -7.449430841323046e-14 -3.9876413565965264e-14 -7.734657877854024e-15 -9.879311959728056e-16 -1.931774174100901e-15 -3.599645142984088e-16 1.319536945121225e-16 1.3846105784280825e-16 -7.974770773580885e-17 -1.825527363911475e-17 1.5123585188036138e-17 -3.049427923553873e-17 3.626879838151948e-17 1.6284039135591387e-16 -2.819681929646249e-16 -3.1881780740161773e-16 5.712078758184982e-16 2.101391608084172e-15 -3.0051324277608108e-15 -1.46512663594633e-14 -3.0866837279048255e-14 -1.1009823371192401e-13 -2.7626927750081e-13 -5.091031369981789e-13 -8.317631363833116e-13 -5.779765781692681e-13 6.856437891688365e-13 2.969594518725649e-12 5.546860041948697e-12 7.87246488533296e-12 9.53156868249955e-12 1.0201815069789102e-11 9.659218927010197e-12 7.748770636926713e-12 4.356139824926844e-12 -9.945172692038406e-13 -8.976392409529957e-12 -2.0465585972089355e-11 -3.6771091065135946e-11 -5.876390466095383e-11 -8.796169752501176e-11 -1.2706684363640554e-10 -1.793933681896779e-10 -2.474719579013386e-10 -3.328442780673173e-10 -4.3543781783121867e-10 -5.561106749380531e-10 -6.971494277318757e-10 -8.618927245201027e-10 -1.06568019806752e-9 -1.324092856745089e-9 -1.643176395416075e-9 -2.0326625510520963e-9 -2.391392886943151e-9 -2.605239392780759e-9 -2.667118726880341e-9 -2.5956345580651117e-9 -2.4265175565461147e-9 -2.1986851817428464e-9 -1.9535086720141115e-9 -1.713233410515926e-9 -1.481866877088558e-9 -1.2396993465257361e-9 -9.769922849814981e-10 -6.880563696484734e-10 -3.709053987522638e-10 -3.025578161171281e-11 3.357274810052862e-10 7.229442562231848e-10 1.0762085358120423e-9 1.3401671911230456e-9 1.4613174032510802e-9 1.3956157653482094e-9 1.1343134467554844e-9 7.015269896865717e-10 1.5131936449007688e-10 -4.3753263501861843e-10 -9.912563381942957e-10 -1.4393226889987888e-9 -1.7128892739417002e-9 -1.7835240951326117e-9 -1.6743449292371398e-9 -1.4540949556737075e-9 -1.1316251892381355e-9 -7.205511441274183e-10 -2.34891789135342e-10 3.1408428747473903e-10 8.773994429602941e-10 1.417026589301609e-9 1.919921938840626e-9 2.3763821798471405e-9 2.773791950926952e-9 3.096360408006306e-9 3.332377824768986e-9 3.454548295809268e-9 3.431030577351368e-9 3.227580702670643e-9 2.8895144771879126e-9 2.4807979995920272e-9 2.071542128420112e-9 1.7242863565162775e-9 1.4359887923661724e-9 1.1874285408374395e-9 9.793312668233775e-10 8.050269507571348e-10 6.582121596149503e-10 5.325780161496041e-10 4.2799665290759185e-10 3.4231338294648966e-10 2.726072018327864e-10 2.1550889063751503e-10 1.6862227557615046e-10 1.2980442977698375e-10 9.716630310489051e-11 6.966597197663178e-11 4.728449164026064e-11 3.0231120160068155e-11 1.7385288326576067e-11 7.896409997183832e-12 9.480497611966912e-13 -4.169025833255576e-12 -7.663944948017686e-12 -9.707246839630112e-12 -1.0450622778792563e-11 -1.0028993811597708e-11 -8.649251964982923e-12 -6.5501971218391806e-12 -3.975405252889764e-12 -1.4478018437969829e-12 4.182169255871291e-13 1.0950559126323764e-12 9.953434459173825e-13 5.328890349372368e-13 1.0334929136022376e-13 1.3194732940476605e-14 2.5816298060286336e-14 4.809453446786009e-15 -1.7633443682571962e-15 -1.8501856184084635e-15 1.0656405139590395e-15 2.439544784196599e-16 -2.0209894112493642e-16 -9.059114559824514e-18 1.0771417621448624e-17 4.839869883497195e-17 -8.38193277731044e-17 -9.46817900171917e-17 1.6988771897534012e-16 6.236605270644504e-16 -8.925476487383968e-16 -4.343536511417711e-15 -9.132927669273872e-15 -3.2564242311649026e-14 -8.177196637913781e-14 -1.509285143684116e-13 -2.4742969174594803e-13 -1.7367117076280104e-13 1.9907470049131518e-13 8.742623704569028e-13 1.6368535441135984e-12 2.3255278715684405e-12 2.8174797815115655e-12 3.017522436845792e-12 2.8597062362560173e-12 2.2983536097046702e-12 1.299565126090421e-12 -2.76605537550963e-13 -2.628585064829985e-12 -6.014969288487864e-12 -1.082277792975422e-11 -1.730940022870106e-11 -2.5923230230144248e-11 -3.746265292536456e-11 -5.290688589708029e-11 -7.300385289749078e-11 -9.820963871291877e-11 -1.2850497926839535e-10 -1.641451045144516e-10 -2.0580611190705942e-10 -2.5447045867282224e-10 -3.1468374088594007e-10 -3.910586863506594e-10 -4.853814650701895e-10 -6.005239191002016e-10 -7.065583333127594e-10 -7.697284015364747e-10 -7.879592276939554e-10 -7.66775771937134e-10 -7.16765982706327e-10 -6.494533482814271e-10 -5.770551348919096e-10 -5.061329749456051e-10 -4.378568659065865e-10 -3.6638842953174195e-10 -2.888449298345515e-10 -2.035446363247161e-10 -1.0990228225504888e-10 -9.313999537445206e-12 9.877065919310271e-11 2.1315208959172357e-10 3.1751414014944735e-10 3.9549341745720185e-10 4.3127461673143495e-10 4.1183594047354896e-10 3.346374419607844e-10 2.0682620113292526e-10 4.436857690610957e-11 -1.2948510539305112e-10 -2.929737870043798e-10 -4.2528366708916535e-10 -5.060632477769515e-10 -5.268999474677746e-10 -4.946156980747478e-10 -4.29520073351974e-10 -3.342237130567567e-10 -2.1274931847955467e-10 -6.924137244946503e-11 9.296581963928686e-11 2.5939986379734016e-10 4.188238379056273e-10 5.67382086834744e-10 7.022103086990005e-10 8.195891638461626e-10 9.148652213701273e-10 9.845978877372572e-10 1.0207202081956712e-9 1.0138077954423082e-9 9.537132866086614e-10 8.538117803340329e-10 7.330097530554488e-10 6.120445421947926e-10 5.094194084388242e-10 4.2422906228475236e-10 3.50782901740235e-10 2.8929881786250196e-10 2.3780410132132447e-10 1.9443307271576446e-10 1.573171761930452e-10 1.2642029812037553e-10 1.0110630668617523e-10 8.051241872452985e-11 6.364329034842895e-11 4.979112763319113e-11 3.8322839433696916e-11 2.8680222110478104e-11 2.0555508756290494e-11 1.3943385114406898e-11 8.90601452723208e-12 5.11243001407604e-12 2.3112754005608846e-12 2.6115984098829277e-13 -1.2477157752533288e-12 -2.2774094296242803e-12 -2.8783739931219797e-12 -3.0953486214867827e-12 -2.9681116995298227e-12 -2.5578239043318366e-12 -1.9351397420142263e-12 -1.1721527865929133e-12 -4.238819623784033e-13 1.2750612492707966e-13 3.256971102240838e-13 2.948331615087654e-13 1.5759061168153072e-13 3.060168564078442e-14 3.924312373375651e-15 7.631644868530045e-15 1.425076830164294e-15 -5.2153391648974e-16 -5.475712929805345e-16 3.153460410049286e-16 7.214484776128598e-17 -5.978229376462305e-17 1.0426772400055072e-16 -1.240059768736984e-16 -5.568381227280788e-16 9.642274340851418e-16 1.0900572081104946e-15 -1.9534948187487728e-15 -7.183976028513177e-15 1.0274907244773066e-14 5.00785108852583e-14 1.0546825353600667e-13 3.7616888020453177e-13 9.4403633796864e-13 1.7401292704739306e-12 2.844672813465344e-12 1.980165383151816e-12 -2.335212514901284e-12 -1.0138020153096461e-11 -1.8944276781132933e-11 -2.6891723402918313e-11 -3.256277725618427e-11 -3.4856368498018706e-11 -3.300781060728375e-11 -2.648782631254706e-11 -1.4905620819289915e-11 3.3630211792548105e-12 3.061680585974953e-11 6.984801676625174e-11 1.2552875407759628e-10 2.0063446731633008e-10 3.003495476632397e-10 4.3390529803127784e-10 6.126226737746575e-10 8.451470153533989e-10 1.1367458766192858e-9 1.487175855185569e-9 1.8993716229508366e-9 2.381145228931673e-9 2.9438937121637325e-9 3.640044439053214e-9 4.522840996988137e-9 5.612935542575925e-9 6.9435651228495065e-9 8.169089940849692e-9 8.899572374023865e-9 9.110851147232286e-9 8.866533491070385e-9 8.288738429501787e-9 7.510459193956155e-9 6.673009122319379e-9 5.852357485394382e-9 5.062166038956786e-9 4.235075831435785e-9 3.3378089147386973e-9 2.3509288123266297e-9 1.2676537131902262e-9 1.0410027741257609e-10 -1.1460163972302499e-9 -2.468713607727417e-9 -3.675452037530291e-9 -4.577125727939395e-9 -4.9909522306440005e-9 -4.7664601058131215e-9 -3.8738524848581534e-9 -2.395555441262722e-9 -5.162361797135039e-10 1.4950504399519543e-9 3.3863652373109116e-9 4.9168272673253614e-9 5.851245531606357e-9 6.092471169385081e-9 5.719458639058619e-9 4.9670348734922986e-9 3.865426383275347e-9 2.461144042451018e-9 8.020820691509921e-10 -1.0732558552463415e-9 -2.997557213504752e-9 -4.840917068618996e-9 -6.5587738548548935e-9 -8.117985914420948e-9 -9.475474567369471e-9 -1.0577321786577472e-8 -1.1383564792933958e-8 -1.1800955474962078e-8 -1.1720689879709005e-8 -1.1025730259275265e-8 -9.870849566973258e-9 -8.474572623216913e-9 -7.076445500277253e-9 -5.8901560655546775e-9 -4.905300096817103e-9 -4.056195163341146e-9 -3.3453271023626445e-9 -2.7499069064710078e-9 -2.248395292228534e-9 -1.8192318555111567e-9 -1.4619831109823694e-9 -1.1692895395319219e-9 -9.311733824339879e-10 -7.361255008504634e-10 -5.759608252288831e-10 -4.4335914590421964e-10 -3.3186726188219443e-10 -2.3792607870944417e-10 -1.6147144370146702e-10 -1.0321885932972464e-10 -5.934064735707886e-11 -2.6931087512828836e-11 -3.200871395996162e-12 1.4273266639131755e-11 2.6206252081911166e-11 3.3180783979212165e-11 3.5714887595439956e-11 3.4269288791265184e-11 2.955080348997585e-11 2.2375378124889718e-11 1.3575329994191787e-11 4.938019199469363e-12 -1.4364843297946945e-12 -3.745036437102534e-12 -3.4016233943936523e-12 -1.8206552937597125e-12 -3.531768532478237e-13 -4.5125067530547314e-14 -8.819739754171641e-14 -1.6437397068160203e-14 6.024722570956991e-15 6.322130371128555e-15 -3.641249815090274e-15 -8.334897939858161e-16 6.905177126694403e-16 9.418101910022826e-17 -1.1200330993501826e-16 -5.030172071462153e-16 8.710592783158144e-16 9.845423198529615e-16 -1.7649187463734413e-15 -6.487750669564122e-15 9.280509281566079e-15 4.5215468387476294e-14 9.51895304552004e-14 3.3948407303875705e-13 8.520926827922394e-13 1.5711468525026978e-12 2.5701687413006524e-12 1.7926575699020404e-12 -2.099812416463829e-12 -9.140955239746732e-12 -1.7089022845927844e-11 -2.4263100270570017e-11 -2.938363253985165e-11 -3.1457254260247156e-11 -2.9794469570786304e-11 -2.391796850834617e-11 -1.3474896532507258e-11 2.9989250662776042e-12 2.757661360007764e-11 6.295754084444736e-11 1.1317737171392899e-10 1.8092090900310292e-10 2.7086593010905615e-10 3.913416058451768e-10 5.52562809635424e-10 7.623305522348237e-10 1.025398885957807e-9 1.3415526386779652e-9 1.713443221689084e-9 2.148120392008022e-9 2.6558593688739494e-9 3.2839921999792566e-9 4.080578790320594e-9 5.06425314948216e-9 6.264997484716365e-9 7.37086400393487e-9 8.029942523305497e-9 8.220469596521e-9 7.999895585006654e-9 7.478470765000065e-9 6.776244651030605e-9 6.020709571222198e-9 5.280389020087755e-9 4.567580886750195e-9 3.821477248942521e-9 3.012040725230522e-9 2.1217324548282737e-9 1.1444365519950364e-9 9.470029101328142e-11 -1.0331641694263775e-9 -2.226564763364678e-9 -3.3153623483790287e-9 -4.128910911630946e-9 -4.502272944526273e-9 -4.299661941378098e-9 -3.494285230331351e-9 -2.160559346630612e-9 -4.6509261953626655e-10 1.3494017360683183e-9 3.05567585320842e-9 4.436436702561268e-9 5.279451044147196e-9 5.497037820360089e-9 5.16041927291442e-9 4.481474195556045e-9 3.487466365740443e-9 2.2203616820855626e-9 7.233795244886034e-10 -9.687286495402354e-10 -2.704995793923431e-9 -4.368207311114239e-9 -5.918152275402114e-9 -7.3249328176703666e-9 -8.549696042211905e-9 -9.543817363999145e-9 -1.027127835006209e-8 -1.0647938037775822e-8 -1.0575589812649037e-8 -9.948570881844773e-9 -8.906502357370511e-9 -7.646571025291561e-9 -6.384962443016014e-9 -5.314536718109145e-9 -4.425892804024973e-9 -3.6597423797987377e-9 -3.018335560211119e-9 -2.4811060149542826e-9 -2.0286123880182396e-9 -1.6413916585086693e-9 -1.319056127024908e-9 -1.0549664027945652e-9 -8.401202056603833e-10 -6.641332400453393e-10 -5.196205879836078e-10 -3.999774336376395e-10 -2.9938099940178925e-10 -2.1462012296548773e-10 -1.4563750338469165e-10 -9.307942141478611e-11 -5.349244925536203e-11 -2.4254704355722743e-11 -2.8490842402706268e-12 1.2911406644431128e-11 2.367239026183935e-11 2.9959763179242133e-11 3.22407694468933e-11 3.093094066623919e-11 2.6668094913977623e-11 2.0188653970266342e-11 1.2243868384910574e-11 4.447511947905983e-12 -1.3042365367096361e-12 -3.383534658314729e-12 -3.070788322116325e-12 -1.6430514905793561e-12 -3.18803567215463e-13 -4.076891840489115e-14 -7.958762994762914e-14 -1.483965481432857e-14 5.437138319320843e-15 5.706266797562537e-15 -3.286468577067688e-15 -7.521838589385053e-16 6.231902484448773e-16 -5.512498684497071e-16 6.555713316806614e-16 2.9441611982351484e-15 -5.098285963822754e-15 -5.762673078698498e-15 1.0329855060049518e-14 3.7974541810184444e-14 -5.4320029948112507e-14 -2.646672589853476e-13 -5.572228776927808e-13 -1.9873026672405173e-12 -4.987945628542372e-12 -9.196657216316923e-12 -1.5042792673606754e-11 -1.0488842586394756e-11 1.2299159851824693e-11 5.3517907382544085e-11 1.0004446074749696e-10 1.4203917382022215e-10 1.7201187230932143e-10 1.841472022898108e-10 1.7440836011450628e-10 1.4000090067903056e-10 7.885940942622152e-11 -1.7588771668624767e-11 -1.6148075264704576e-10 -3.6861937692888197e-10 -6.626292716786607e-10 -1.0592274190708768e-9 -1.5857979625307895e-9 -2.2911006951828056e-9 -3.2349342582272317e-9 -4.462966045040853e-9 -6.0030255741964035e-9 -7.853849099199584e-9 -1.0030954980719068e-8 -1.2575612138801443e-8 -1.554798015634055e-8 -1.922511950950202e-8 -2.3888359566097242e-8 -2.9646785577050524e-8 -3.667592257056161e-8 -4.314967649593431e-8 -4.7008003567930976e-8 -4.812346450658416e-8 -4.683232471657919e-8 -4.3779939812159e-8 -3.966904248539733e-8 -3.5245995784044545e-8 -3.091196308145627e-8 -2.6738964042713463e-8 -2.2371052307611412e-8 -1.763239672423928e-8 -1.2420324739426335e-8 -6.69903041060642e-9 -5.536697223095869e-10 6.049038670777638e-9 1.303535720691237e-8 1.9409297464728925e-8 2.417189968414382e-8 2.635761951584686e-8 2.5171567697246512e-8 2.045681191311946e-8 1.2648951808087452e-8 2.723340396853891e-9 -7.899110480347114e-9 -1.788800408218241e-8 -2.5971241297451368e-8 -3.0906412021817337e-8 -3.2180246762404436e-8 -3.0209702727899896e-8 -2.62351390579405e-8 -2.0416168786383386e-8 -1.299846416436283e-8 -4.235030523528485e-9 5.670703411540051e-9 1.583496637625556e-8 2.55715767919978e-8 3.464513974254261e-8 4.288062549632229e-8 5.0050570635192354e-8 5.587029955359699e-8 6.012892071715287e-8 6.233386970879241e-8 6.191026814477076e-8 5.823961343848318e-8 5.213928602615207e-8 4.476362087015729e-8 3.737814421155685e-8 3.11118274742718e-8 2.5909648548723437e-8 2.1424550570858242e-8 1.766969927629426e-8 1.4524701380496764e-8 1.1875751730243728e-8 9.608920753203206e-9 7.721935654805651e-9 6.1759279345971e-9 4.918196981749766e-9 3.887951997728647e-9 3.041960696320329e-9 2.341557807647504e-9 1.752656414737671e-9 1.256457944671674e-9 8.526264135001095e-10 5.449445649642998e-10 3.1319551505169154e-10 1.4203061853480678e-10 1.6714859163274108e-11 -7.555414897120685e-11 -1.3855542092101001e-10 -1.7536747628147245e-10 -1.8872575327700886e-10 -1.8106297192718107e-10 -1.5611291227302925e-10 -1.1818646264577693e-10 -7.168126704900842e-11 -2.6043515659037562e-11 7.627610014988193e-12 1.980340107029687e-11 1.797522802364384e-11 9.618289278791481e-12 1.8661771364312035e-12 2.3861563657228534e-13 4.659052124536391e-13 8.68648545989306e-14 -3.182845256982298e-14 -3.340323164944917e-14 1.923833194989589e-14 4.403222824529689e-15 -3.64807547650745e-15 9.601355890704747e-17 -1.1410028372614767e-16 -5.133961791947254e-16 8.893959891767707e-16 1.0028853561939866e-15 -1.804344525340438e-15 -6.598077423646285e-15 9.455787905871258e-15 4.586109603314501e-14 9.608242688842642e-14 3.4236270091711657e-13 8.608463453941085e-13 1.5935632572732109e-12 2.6288421158462226e-12 1.878745146792656e-12 -2.0206326376655334e-12 -9.112403319765713e-12 -1.7135674795423432e-11 -2.4391891357058087e-11 -2.958788788853326e-11 -3.172599634570996e-11 -3.011867837324426e-11 -2.428901786570993e-11 -1.3879003975815308e-11 2.5672115137526156e-12 2.712243421122691e-11 6.249503791875182e-11 1.1275103887540137e-10 1.8059200649451548e-10 2.7072247407000077e-10 3.9151851978090874e-10 5.532558621086378e-10 7.637862669788328e-10 1.0279066580566788e-9 1.3454568954879019e-9 1.7191480158051643e-9 2.1560839426741476e-9 2.6664959850052717e-9 3.2983392111019725e-9 4.1001918029312736e-9 5.090793852428614e-9 6.300211072681819e-9 7.4136535365521276e-9 8.076225068875453e-9 8.266503621620984e-9 8.043011926106308e-9 7.517448528569506e-9 6.811210950948555e-9 6.0523688639957135e-9 5.3095576272973975e-9 4.594780309409715e-9 3.846485996778907e-9 3.0343221966446616e-9 2.1406282269531018e-9 1.1592938624254917e-9 1.0501941140857281e-10 -1.0281318401131796e-9 -2.227802831473006e-9 -3.3225812014906993e-9 -4.140600495482028e-9 -4.515772380244131e-9 -4.311293298649755e-9 -3.5013876515212097e-9 -2.1614678931325866e-9 -4.58926126312261e-10 1.3627671045003803e-9 3.0759760950187675e-9 4.4627884084915206e-9 5.309441930321281e-9 5.527431445565906e-9 5.18817315967741e-9 4.504744188174245e-9 3.504450004852312e-9 2.229496845799091e-9 7.234188821731124e-10 -9.787030384658323e-10 -2.7249858889919603e-9 -4.397495951240248e-9 -5.955743262842389e-9 -7.369724964443638e-9 -8.600570662515494e-9 -9.599689290841976e-9 -1.0331352742079741e-8 -1.0710875910791426e-8 -1.063904903341421e-8 -1.000882205852555e-8 -8.960265645616712e-9 -7.69189698169781e-9 -6.421741886148451e-9 -5.344442191752143e-9 -4.450372013804047e-9 -3.679596157364651e-9 -3.0344686314521123e-9 -2.4942517707704463e-9 -2.039306053447277e-9 -1.6499371535468106e-9 -1.325798520927499e-9 -1.060224979495971e-9 -8.441685987230192e-10 -6.671879793628979e-10 -5.218599426076012e-10 -4.0154277961252815e-10 -3.003781642955047e-10 -2.151383485928668e-10 -1.457730797636811e-10 -9.294115074210084e-11 -5.317208226874225e-11 -2.382764810088598e-11 -2.371759251555727e-12 1.3401785750333805e-11 2.414936876898246e-11 3.040164533712892e-11 3.2626503412260276e-11 3.1239666942615517e-11 2.6883507288589716e-11 2.0301301558878666e-11 1.2251970028249602e-11 4.37209603800761e-12 -1.41451615603789e-12 -3.4593248264648345e-12 -3.108196114807959e-12 -1.6563556096126036e-12 -3.223834097121298e-13 -4.1678332326610815e-14 -8.015411779202691e-14 -1.503217090680161e-14 5.482738550925365e-15 5.763317339524229e-15 -3.318405387247801e-15 -7.582815985657953e-16 6.286436507578069e-16 1.2043276109863657e-15 -1.4323187665431316e-15 -6.4316144552548174e-15 1.1137025262757086e-14 1.2590607462301072e-14 -2.2563063029349963e-14 -8.297881284156467e-14 1.1867908309706851e-13 5.784459403135372e-13 1.2182856521536715e-12 4.3452289043515535e-12 1.0904669170079583e-11 2.009983126427309e-11 3.285610808387048e-11 2.286672928879231e-11 -2.6983910922542542e-11 -1.1711726845227644e-10 -2.188401793677366e-10 -3.1064146002025725e-10 -3.761464490093319e-10 -4.0263598323097037e-10 -3.812762209159614e-10 -3.059529059729967e-10 -1.7215203547297212e-10 3.889011037588847e-11 3.537282325214727e-10 8.069283812778148e-10 1.4501494912232062e-9 2.3177624241192818e-9 3.4696548148618103e-9 5.0124623713967245e-9 7.076959184375265e-9 9.763011556704477e-9 1.3131466306034948e-8 1.7179506514361667e-8 2.1941027957133257e-8 2.7506270380557194e-8 3.400689640943688e-8 4.204848931234813e-8 5.2246070870671935e-8 6.483820472354003e-8 8.020883676099525e-8 9.436540012502623e-8 1.0280361277235386e-7 1.0524433079310655e-7 1.0242224419701599e-7 9.57479366626522e-8 8.675762060238086e-8 7.708369596980436e-8 6.760375067318516e-8 5.847563340642921e-8 4.89212825031039e-8 3.855630037165312e-8 2.7156167904591584e-8 1.464254058306102e-8 1.201583480266978e-9 -1.3239283162287542e-8 -2.8518508499500048e-8 -4.245820392487503e-8 -5.287392980486508e-8 -5.7654289106504153e-8 -5.506112937342851e-8 -4.475013979007615e-8 -2.76734134134963e-8 -5.964155130945492e-9 1.7269579439959894e-8 3.9117422293210924e-8 5.679677248820837e-8 6.759084412937342e-8 7.037744966972126e-8 6.606865374196824e-8 5.737706755178216e-8 4.465186429538836e-8 2.8430315734026263e-8 9.265667024475872e-9 -1.2397317574264676e-8 -3.462592847998488e-8 -5.591957021171503e-8 -7.576349309141549e-8 -9.377485392014614e-8 -1.0945600882562255e-7 -1.2218409283406852e-7 -1.3149742714402937e-7 -1.3631885965036032e-7 -1.3539158065977811e-7 -1.2736370027566348e-7 -1.1402311440632037e-7 -9.789409912824611e-8 -8.174372086582522e-8 -6.804033736705765e-8 -5.666377982620157e-8 -4.6855344539247156e-8 -3.8643738317152456e-8 -3.176571841130523e-8 -2.5972481311513417e-8 -2.1014982531954873e-8 -1.6888210642082052e-8 -1.3507150827588586e-8 -1.0756544195146986e-8 -8.503442395565407e-9 -6.653295013101363e-9 -5.121542374731948e-9 -3.8336403721561776e-9 -2.748475849004543e-9 -1.865307046179343e-9 -1.192398285962713e-9 -6.85533804757748e-10 -3.1114823845241174e-10 -3.7021256654073786e-11 1.6483892808524096e-10 3.0269014612876533e-10 3.832633023224997e-10 4.125425687257602e-10 3.958502321910598e-10 3.41351006233492e-10 2.584700654537156e-10 1.5682162319307137e-10 5.705115839341351e-11 -1.6583877163661938e-11 -4.325548124888021e-11 -3.9291975844643116e-11 -2.103092339981183e-11 -4.07955617646395e-12 -5.211997678724694e-13 -1.0188025830197422e-12 -1.898668922030247e-13 6.959334298047782e-14 7.30279230220147e-14 -4.206073495466481e-14 -9.627902619681715e-15 7.976350360014929e-15 1.4378050521554057e-15 -1.7107217664167896e-15 -7.673268267483944e-15 1.3283874887658397e-14 1.503865600818298e-14 -2.6892386782354238e-14 -9.920597914688122e-14 1.4173414051846771e-13 6.926476041819603e-13 1.46290594801027e-12 5.220435478823382e-12 1.308767518439205e-11 2.4068448696293152e-11 3.914958581739843e-11 2.6849177767446084e-11 -3.32711974345064e-11 -1.4163767484625607e-10 -2.6377927945532e-10 -3.738822230347203e-10 -4.522982675314638e-10 -4.837102825843355e-10 -4.5743653129026297e-10 -3.660922700032265e-10 -2.0427356408220565e-10 5.07450200566502e-11 4.310238478011647e-10 9.78212848784586e-10 1.754409034962487e-9 2.800958384272339e-9 4.189923669016143e-9 6.049626104362713e-9 8.537404875890058e-9 1.177337515297344e-8 1.583061599147657e-8 2.070524266377389e-8 2.6437650832382334e-8 3.31363045770706e-8 4.096053836287164e-8 5.0635950132809646e-8 6.290045551045859e-8 7.8041125191244e-8 9.652074294573289e-8 1.1354434893565424e-7 1.2370048911050636e-7 1.2664917621153453e-7 1.2326792683375244e-7 1.1524690991171712e-7 1.0442883549493588e-7 9.277929927551494e-8 8.135676185587859e-8 7.035437227118028e-8 5.883936519934174e-8 4.63504550373207e-8 3.261766824695763e-8 1.7546378758101785e-8 1.3599879233890533e-9 -1.6026937759878172e-8 -3.441730715951178e-8 -5.11931049908325e-8 -6.37279451028403e-8 -6.948300935428619e-8 -6.636889467898658e-8 -5.396101069945782e-8 -3.339999802285726e-8 -7.254223394801267e-9 2.0730856013719534e-8 4.7045174902304995e-8 6.833494399835472e-8 8.133382807345726e-8 8.469433817725999e-8 7.951583822523661e-8 6.90625298062361e-8 5.375557689443252e-8 3.42414744565498e-8 1.1185346619330305e-8 -1.4878772403460747e-8 -4.162571106121547e-8 -6.72502287890952e-8 -9.113335995867769e-8 -1.1281385068526209e-7 -1.3169108638516844e-7 -1.4701283403645855e-7 -1.5821919838657813e-7 -1.640145951015143e-7 -1.62890582943042e-7 -1.5322730908229355e-7 -1.3717922463388704e-7 -1.1778201095823514e-7 -9.835996668138378e-8 -8.18772949275522e-8 -6.819090289745603e-8 -5.639055132914958e-8 -4.650998140889429e-8 -3.8232905197081063e-8 -3.126070289263223e-8 -2.529475588942043e-8 -2.0328652039852087e-8 -1.625998570991576e-8 -1.2950014499256376e-8 -1.0238741581440972e-8 -8.012359391623234e-9 -6.169109439136972e-9 -4.619312501124687e-9 -3.31348156406867e-9 -2.2506592329204557e-9 -1.440712395638886e-9 -8.304123319732755e-10 -3.7938157644993374e-10 -4.8889701976809986e-11 1.946869169922256e-10 3.612226665331769e-10 4.5880139933204203e-10 4.94641720591164e-10 4.751671921809747e-10 4.101944873072404e-10 3.1104170251623603e-10 1.892479971891133e-10 6.953651367118392e-11 -1.9051450368813952e-11 -5.1553757956592964e-11 -4.710630628969624e-11 -2.527260174979764e-11 -4.893564986289926e-12 -6.212130873554749e-13 -1.224958565336403e-12 -2.275203403707771e-13 8.361442267120293e-14 8.766010712007521e-14 -5.049631482619454e-14 -1.1569528024745492e-14 9.581375021073724e-15 -7.918911808658202e-15 9.42015728908611e-15 4.2275106862977475e-14 -7.31945005239586e-14 -8.280891707985851e-14 1.482298212178527e-13 5.460269496425088e-13 -7.804984875046881e-13 -3.809509139072681e-12 -8.03527652840525e-12 -2.8667194686904373e-11 -7.190343814384143e-11 -1.3237391672090676e-10 -2.1581940969868878e-10 -1.4904410459320555e-10 1.8050705993251058e-10 7.753807388287207e-10 1.4462814281550202e-9 2.0513794559010906e-9 2.482716579458044e-9 2.6562743375344966e-9 2.5135724465253645e-9 2.0141592358430894e-9 1.1283104095310624e-9 -2.6829720377791887e-10 -2.3513130851090172e-9 -5.349137356997941e-9 -9.602679935965948e-9 -1.533885071418402e-8 -2.2953079901298903e-8 -3.3149488103436856e-8 -4.6791497634177096e-8 -6.453835545930474e-8 -8.679142315801831e-8 -1.1353065740467814e-7 -1.4497872737516615e-7 -1.8173112079500407e-7 -2.2465982799964135e-7 -2.7775439717842397e-7 -3.4506949930532344e-7 -4.2818036203433544e-7 -5.296244156466066e-7 -6.23066350280172e-7 -6.787898867091021e-7 -6.949399449902813e-7 -6.76348540267631e-7 -6.323086290707131e-7 -5.729466754303994e-7 -5.090450719134766e-7 -4.464055822670541e-7 -3.860798157097375e-7 -3.2294046610620565e-7 -2.544530787655523e-7 -1.791357389293292e-7 -9.64701185384786e-8 -7.68366271368535e-9 8.769732052396809e-8 1.8859827290785837e-7 2.806465679207044e-7 3.494249023067335e-7 3.8099731953695817e-7 3.638931935405407e-7 2.958091248169846e-7 1.8301704945971432e-7 3.960655473690821e-8 -1.1388415326442654e-7 -2.582149163483487e-7 -3.7499658910629943e-7 -4.4629867382837056e-7 -4.647197900099798e-7 -4.3628765188650135e-7 -3.789136163491757e-7 -2.949061542049508e-7 -1.878127877956174e-7 -6.12847852217456e-8 8.174448851657381e-8 2.2851493447804406e-7 3.691195553520056e-7 5.001607882190059e-7 6.191090840010889e-7 7.226733193459939e-7 8.067328127337851e-7 8.682264647458801e-7 9.000435910910739e-7 8.938969407481632e-7 8.40880196880951e-7 7.528075758987664e-7 6.463413572915885e-7 5.397366333830993e-7 4.492742391624245e-7 3.7416510815268765e-7 3.0940751671959806e-7 2.5518867416113733e-7 2.0977179864870446e-7 1.7151630477155279e-7 1.3878086541756444e-7 1.115312771105144e-7 8.920588517904073e-8 7.104350034838212e-8 5.616622346766106e-8 4.3949648197822785e-8 3.383541510581927e-8 2.533137652917259e-8 1.8166022395574024e-8 1.2334265995691053e-8 7.890449421353758e-9 4.542551963544526e-9 2.0689799984783752e-9 2.5710427559555535e-10 -1.077729676100357e-9 -1.98986565305415e-9 -2.5237018839375327e-9 -2.7188031244052806e-9 -2.610367906745807e-9 -2.252283697488543e-9 -1.7067160517707665e-9 -1.0370600528271724e-9 -3.7928647315027345e-10 1.0686651639956854e-10 2.8416643404734845e-10 2.5893407815547784e-10 1.387659987465633e-10 2.6892061338858555e-11 3.4240805413340177e-12 6.724213933105186e-12 1.2509075332695741e-12 -4.591451304280711e-13 -4.815692014511183e-13 2.773854358522536e-13 6.352600067648366e-14 -5.2618550777397245e-14 8.907180403661267e-16 -1.0609695111335804e-15 -4.745107359394237e-15 8.209467942191312e-15 9.328017279292479e-15 -1.6586581974462665e-14 -6.168732953735733e-14 8.788435902586453e-14 4.3242455511789574e-13 9.198636862426554e-13 3.2871597821842116e-12 8.21973822606967e-12 1.5027711367864982e-11 2.4130436296108866e-11 1.590540718367081e-11 -2.231496983031864e-11 -9.06697439681756e-11 -1.674577750163287e-10 -2.36475247028303e-10 -2.853914365443527e-10 -3.0450438959171254e-10 -2.86978095271263e-10 -2.2810052213319572e-10 -1.245012970223318e-10 3.8421609074360054e-11 2.8110647887136376e-10 6.299717783946549e-10 1.1241655946802064e-9 1.7898029908961487e-9 2.6724360420511466e-9 3.853189439654504e-9 5.4314859760370775e-9 7.483166072556253e-9 1.005420277030806e-8 1.314134368355605e-8 1.676949503565375e-8 2.100702607004439e-8 2.5956118123995865e-8 3.207044502689124e-8 3.9813023375218805e-8 4.936534285584855e-8 6.102123875598697e-8 7.176460761533743e-8 7.818843557250244e-8 8.007126113193301e-8 7.795731638758161e-8 7.290347800662932e-8 6.606523401983831e-8 5.868716657798322e-8 5.144227232659386e-8 4.4457787115754796e-8 3.71496783982628e-8 2.9228380238330624e-8 2.0523549882434078e-8 1.0974823367602868e-8 7.224534465962056e-10 -1.0284516125094399e-8 -2.1917189220146253e-8 -3.252490030015188e-8 -4.045091852740516e-8 -4.409335156853005e-8 -4.2134855885178484e-8 -3.429060047298119e-8 -2.1273571093282492e-8 -4.709619166016951e-9 1.3024885913835705e-8 2.9698297478138374e-8 4.3181801950812835e-8 5.141516057501944e-8 5.355116971726323e-8 5.0287768440291675e-8 4.368848917238605e-8 3.402116393916692e-8 2.1694438807861594e-8 7.127786502027011e-9 -9.34307829519043e-9 -2.6249085183565678e-8 -4.24497795580304e-8 -5.7554604477911336e-8 -7.127107520634912e-8 -8.32166476280031e-8 -9.291142980210274e-8 -9.99945531578127e-8 -1.0364794135088174e-7 -1.0292428113601248e-7 -9.681062080191976e-8 -8.667380325463904e-8 -7.442988804413836e-8 -6.217168038932645e-8 -5.1763299147857473e-8 -4.3116721962260704e-8 -3.566093220359468e-8 -2.9415964160111794e-8 -2.4182642999410708e-8 -1.9773438245804036e-8 -1.6001292336006353e-8 -1.2861535998228908e-8 -1.0289263888617765e-8 -8.196691844134253e-9 -6.482651149525356e-9 -5.0751453514042375e-9 -3.909838137449881e-9 -2.9300730791024764e-9 -2.104544218230122e-9 -1.4325424648872532e-9 -9.201800828209617e-10 -5.337710686217655e-10 -2.4781027762959903e-10 -3.7879808497549877e-11 1.171799256213254e-10 2.2351011154050122e-10 2.8619563548233537e-10 3.0982822891788943e-10 2.984995084338042e-10 2.584022452161039e-10 1.9665371803597528e-10 1.205007086499359e-10 4.537840471331515e-11 -1.0593487682944054e-11 -3.1797045696511346e-11 -2.950247003358412e-11 -1.5923448810977503e-11 -3.0691225172554633e-12 -3.831364576923786e-13 -7.728371088552222e-13 -1.423010338759586e-13 5.265159667722959e-14 5.506914120036339e-14 -3.1735517042327946e-14 -7.288431094355863e-15 6.030228106976975e-15 2.015373589620672e-14 -2.3977290291562484e-14 -1.0757011484924751e-13 1.8623262376044868e-13 2.1077839386384676e-13 -3.770714311969158e-13 -1.3901935146394184e-12 1.986545282975249e-12 9.703501079130161e-12 2.048388034119725e-11 7.308928019524567e-11 1.8326829597894306e-10 3.371750059275901e-10 5.489557273724827e-10 3.7751229332732754e-10 -4.6363752827165695e-10 -1.9806695175101275e-9 -3.6909548331820705e-9 -5.232995709399996e-9 -6.3316315988403086e-9 -6.772502130031584e-9 -6.406232727060875e-9 -5.129530194787204e-9 -2.8666786572126897e-9 7.000233404075735e-10 6.01904326387057e-9 1.3673206565646897e-8 2.4531855934897185e-8 3.917374327309789e-8 5.86075272798675e-8 8.462929460270508e-8 1.194413672438534e-7 1.6472512915779451e-7 2.2150382113762595e-7 2.897243609693067e-7 3.699531804431276e-7 4.637087474341037e-7 5.732188559607399e-7 7.086477495793085e-7 8.803295131369701e-7 0.0000010922821510899209 0.0000013509809368205663 0.0000015892873101456688 0.0000017314356887950642 0.0000017726777621841081 0.0000017253128202948504 0.000001613016500555399 0.000001461596083874872 0.0000012985606763977758 0.0000011387192522472802 9.847670555635165e-7 8.236392050727424e-7 6.488758633397156e-7 4.5669769614108574e-7 2.4578103615145724e-7 1.9254300660852996e-8 -2.2408321060410176e-7 -4.814797016715072e-7 -7.162841778320733e-7 -8.917296875240916e-7 -9.72275771004971e-7 -9.286716534787972e-7 -7.550006107997799e-7 -4.672410155614369e-7 -1.0133851771096579e-7 2.90295789084932e-7 6.585524706889204e-7 9.565030315292837e-7 0.0000011384214949668341 0.0000011854397345441251 0.0000011129406306842798 9.666127988613337e-7 7.523486750645442e-7 4.791972678427026e-7 1.564698646651189e-7 -2.0835565179292085e-7 -5.827329382856375e-7 -9.413931246368283e-7 -0.0000012756714230990765 -0.0000015791131263253583 -0.0000018433161014532364 -0.0000020577584439242113 -0.0000022146143516419705 -0.000002295748187571481 -0.0000022800364997770567 -0.0000021447888051053054 -0.0000019201526547696055 -0.0000016486228567639321 -0.0000013767432520601242 -0.0000011460191811341231 -9.5444382303117e-7 -7.89269529533745e-7 -6.509706883626369e-7 -5.351190223544091e-7 -4.375327669685414e-7 -3.540293943618441e-7 -2.845201589777814e-7 -2.2757197660016296e-7 -1.8124301188492877e-7 -1.4329384871910227e-7 -1.1213162232351064e-7 -8.633204755924783e-8 -6.463983995107212e-8 -4.636236942804308e-8 -3.148640215890384e-8 -2.015024649051712e-8 -1.1608929650125445e-8 -5.29726404492831e-9 -6.730401428576971e-10 2.734522137965736e-9 5.0637986830681566e-9 6.427980157313153e-9 6.928058385607659e-9 6.653892303435864e-9 5.7429046822937225e-9 4.353573327305923e-9 2.6474865402876916e-9 9.71006624592979e-10 -2.689908940459614e-10 -7.228518547319381e-10 -6.597678274312136e-10 -3.5381217217283327e-10 -6.853201772998044e-11 -8.710454873006398e-12 -1.714777772341194e-11 -3.1870334197516723e-12 1.1706658358852123e-12 1.2275180298021632e-12 -7.070862939342531e-13 -1.6197660044999621e-13 1.3415131618591698e-13 9.45791601060288e-15 -1.1214612125300678e-14 -5.075192457752101e-14 8.80317097931395e-14 9.854282484585864e-14 -1.7927570167594202e-13 -6.451453406848839e-13 9.298975408664852e-13 4.446339191656696e-12 9.172228311683077e-12 3.2591835750139156e-11 8.242446312258829e-11 1.5451013108606496e-10 2.6159983232597385e-10 2.0065840001962203e-10 -1.6247234757676487e-10 -8.34692432050534e-10 -1.6007579281178734e-9 -2.2979596582746356e-9 -2.8023695371974452e-9 -3.020291865173328e-9 -2.8886777953562466e-9 -2.363500113596146e-9 -1.4100322849209491e-9 1.0393062445429536e-10 2.3701882333912166e-9 5.642257443666885e-9 1.0305934906870726e-8 1.661650887434006e-8 2.5017793753729078e-8 3.629974680151721e-8 5.1432502563433156e-8 7.115867155228031e-8 9.593561552319879e-8 1.2576553915901112e-7 1.609178879149747e-7 2.0206712772373242e-7 2.5014696865617876e-7 3.097897802459163e-7 3.8565337164650617e-7 4.7950572377478e-7 5.941567460833297e-7 6.995831128825136e-7 7.620038706842557e-7 7.795420239353712e-7 7.579481676826237e-7 7.080121138267297e-7 6.413902505939866e-7 5.701169910154259e-7 5.005805816087423e-7 4.338006740585133e-7 3.6384895897335584e-7 2.878178544787015e-7 2.0403476547741515e-7 1.1193608139933214e-7 1.2930383017569361e-8 -9.360913987284097e-8 -2.0661165112811516e-7 -3.0981391141637037e-7 -3.869271448315784e-7 -4.222191470273331e-7 -4.027102172787465e-7 -3.2633041286771855e-7 -2.0036994935180972e-7 -4.0567530038513806e-8 1.3030409367592834e-7 2.910513818198499e-7 4.213088531513113e-7 5.00813861964126e-7 5.211177320306789e-7 4.888919207284558e-7 4.242332480834044e-7 3.296823691483433e-7 2.0922089638841308e-7 6.697646307621447e-8 -9.370138345738986e-8 -2.584678146432246e-7 -4.1618201690472496e-7 -5.630092575179871e-7 -6.961396450592085e-7 -8.119693955920741e-7 -9.060106742649233e-7 -9.750466320960168e-7 -0.0000010110688580552696 -0.0000010045816839069184 -9.452441666613355e-7 -8.461632476330483e-7 -7.261291535595747e-7 -6.058958076176986e-7 -5.040341419612905e-7 -4.195835119635521e-7 -3.4679510645636567e-7 -2.8591894604804783e-7 -2.349821135694427e-7 -1.9210511019313554e-7 -1.553931622322138e-7 -1.2482689857535828e-7 -9.978128875899192e-8 -7.940456901270825e-8 -6.271243273044869e-8 -4.900581417847135e-8 -3.7658416413692135e-8 -2.8116883144129633e-8 -2.0077274231522678e-8 -1.3537124966030509e-8 -8.561297805787704e-9 -4.8232156864214825e-9 -2.0735689847756023e-9 -7.16883105809215e-11 1.3926190350738286e-9 2.3834432713871878e-9 2.9513809477318303e-9 3.139947318971042e-9 2.9876914805442592e-9 2.5554952969430683e-9 1.9142951799207734e-9 1.1367289117164554e-9 3.8136120170962354e-10 -1.6515956847375796e-10 -3.438071592858305e-10 -2.9940530651297835e-10 -1.5749995605494209e-10 -3.0961403382483085e-11 -4.140302367149344e-12 -7.596908638112488e-12 -1.4512882197270616e-12 5.217241610032064e-13 5.512493727706753e-13 -3.171169548989898e-13 -7.20935427004215e-14 5.989099575874289e-14 -9.283326736895074e-14 1.1035289013876663e-13 4.961612160267969e-13 -8.593977812309138e-13 -9.699792995908462e-13 1.7425865223914273e-12 6.385774486010038e-12 -9.144846511686585e-12 -4.443180043198966e-11 -9.326535807813418e-11 -3.3245620370536934e-10 -8.353630328029649e-10 -1.543970645715422e-9 -2.5384706684106263e-9 -1.7969148089785133e-9 1.999545857552504e-9 8.8892148610481e-9 1.667678484807485e-8 2.3714284261019642e-8 2.8747143378825485e-8 3.080501250650969e-8 2.9217230887739346e-8 2.3518991540667444e-8 1.3363566362817387e-8 -2.6707858632716067e-9 -2.6603739509473265e-8 -6.107052012593465e-8 -1.1002064364177147e-7 -1.7607964047530927e-7 -2.6382062821652274e-7 -3.8138601218257757e-7 -5.387635387129563e-7 -7.435832645827181e-7 -0.0000010005020029304234 -0.000001309342044654729 -0.0000016727213300718985 -0.0000020975400792557595 -0.000002593784469946264 -0.000003207932000189784 -0.00000398710922334186 -0.000004949533921472631 -0.000006124469100287725 -0.0000072063272722356596 -0.000007850501144838607 -0.000008035986832457042 -0.000007819384366999221 -0.000007308955241129481 -0.00000662244898765078 -0.000005884414700361442 -0.000005161678293884948 -0.000004466049259380038 -0.0000037378502589295124 -0.000002947632370737932 -0.0000020782370254424945 -0.0000011237100142713271 -9.831489124342461e-8 0.0000010036352329311788 0.0000021700099361528005 0.000003234301474435148 0.000004029539576780236 0.000004394356627217999 0.000004195864627298553 0.000003408555860630876 0.0000021055149025762294 4.495217567489012e-7 -0.0000013225131959094827 -0.000002988957567448309 -0.0000043377418742289454 -0.0000051611988644967695 -0.000005373421890519603 -0.000005043915388364985 -0.000004379808970298869 -0.000003407689613510621 -0.000002168583982085608 -7.047833981189584e-7 9.496627614671099e-7 0.0000026471330791276757 0.000004273006225791735 0.00000578794282781159 0.0000071627530423062956 0.000008359572721009387 0.000009331047015632594 0.000010042255190421715 0.000010410902048194097 0.000010340719501845731 0.000009727949618914487 0.000008708888786692737 0.000007476430603967829 0.000006242274575657464 0.0000051953599173765566 0.000004326396956759134 0.00000357724540291586 0.000002950157607713518 0.000002424996013879297 0.0000019827038005914525 0.000001604184028342373 0.000001289082746794764 0.0000010309161686711444 8.208868152027903e-7 6.488440765473769e-7 5.075705514366631e-7 3.906096866545835e-7 2.9226765799217774e-7 2.0940622267458032e-7 1.419736683571553e-7 9.060693564590003e-8 5.193138352830153e-8 2.3382963679364645e-8 2.4981921018409673e-9 -1.2864899164663679e-8 -2.334156438763232e-8 -2.9446937698368916e-8 -3.1636632022096326e-8 -3.0315625870799475e-8 -2.61080067664345e-8 -1.973527060461201e-8 -1.193383830564752e-8 -4.289237251018832e-9 1.3350486142153536e-9 3.340978796672297e-9 3.013923429571587e-9 1.6087258253462928e-9 3.1272296019728344e-10 4.025078634617037e-11 7.78761081797769e-11 1.4570380430620654e-11 -5.324041562431351e-12 -5.5929264329822594e-12 3.2206589467206113e-12 7.364235428540141e-13 -6.103638263178929e-13 -3.238992681949583e-14 3.847868564428484e-14 1.7328358762717174e-13 -3.002471872911056e-13 -3.3820802238307423e-13 6.095454448482477e-13 2.2231124034319227e-12 -3.1882297550494605e-12 -1.5439656692550905e-11 -3.2293445813249796e-11 -1.1497514996719334e-10 -2.892309825913662e-10 -5.362268478415224e-10 -8.878909628514047e-10 -6.405381759238151e-10 6.662474967855361e-10 3.048300251495608e-9 5.745879875537886e-9 8.187610792873919e-9 9.938406179598839e-9 1.0663590683120894e-8 1.013329767338897e-8 8.187845592829544e-9 4.706369893804574e-9 -7.973140224978343e-10 -9.017233845583995e-9 -2.0861703662677493e-8 -3.769707690289191e-8 -6.043057613197269e-8 -9.064153078596296e-8 -1.3114164913053958e-7 -1.853808256045566e-7 -2.5599574215170665e-7 -3.4459896171631103e-7 -4.5114509755569545e-7 -5.765506628757101e-7 -7.232018885291683e-7 -8.945164129410559e-7 -0.000001106645282346352 -0.000001375929781210118 -0.0000017086570249450677 -0.0000021148963435393455 -0.0000024888354648919245 -0.0000027112136706987618 -0.00000277489964523594 -0.000002699636472750296 -0.0000025230295484326067 -0.0000022859219970584627 -0.0000020312951572565888 -0.0000017821562281419425 -0.0000015424857630108225 -0.0000012915645003578897 -0.0000010191834146011273 -7.194091102849134e-7 -3.901913545505967e-7 -3.6470506959935204e-8 3.437755179446431e-7 7.464370796631319e-7 0.000001113930359985054 0.0000013885245919832702 0.0000015144325534363324 0.0000014456932737010073 0.0000011738023052531232 7.241523085683548e-7 1.5292223192823634e-7 -4.582225784733936e-7 -0.0000010329921760319817 -0.0000014983250016460116 -0.0000017824123321076265 -0.0000018554951318293038 -0.0000017415181402319593 -0.0000015120131801690263 -0.0000011761318467651746 -7.480448723979681e-7 -2.4237808059755983e-7 3.290708945747207e-7 9.153130914310403e-7 0.0000014767545936624726 0.0000019997941197234507 0.0000024743662606515165 0.000002887449911912478 0.00000322277532034791 0.000003468406990408774 0.0000035959076855153026 0.000003571916982050884 0.000003360401053958652 0.0000030083234131473615 0.000002582352704750477 0.000002155768800138281 0.0000017940133103714097 0.0000014938281078782766 0.0000012350464767960444 0.0000010184731756451152 8.371393582894608e-7 6.844389309726868e-7 5.537416046032377e-7 4.4493785878449907e-7 3.557920602566339e-7 2.832676679434874e-7 2.2385972956010969e-7 1.7507693435440777e-7 1.3468987233074332e-7 1.0073163861540341e-7 7.211877116719249e-8 4.883539153692619e-8 3.1103954629822806e-8 1.775999952435287e-8 7.917846882652839e-9 7.255826815212212e-10 -4.558348085707133e-9 -8.155441896792962e-9 -1.0244151314219977e-8 -1.0981245757414608e-8 -1.0505913861869016e-8 -9.033877827946268e-9 -6.814983932311653e-9 -4.104419732693089e-9 -1.4536932327086702e-9 4.888414353662587e-10 1.168110472720706e-9 1.0450773018088304e-9 5.559465607177645e-10 1.083537385273225e-10 1.4085691897930324e-11 2.690612085492102e-11 5.06122637796021e-12 -1.842178321277831e-12 -1.9377375460074403e-12 1.1155666509219622e-12 2.547163080122041e-13 -2.1123614343046109e-13 3.938943896432794e-13 -4.679670313884524e-13 -2.107116601309747e-12 3.650879427669033e-12 4.113110840313869e-12 -7.410455622149685e-12 -2.7042785970650068e-11 3.8780817791104365e-11 1.8779918003847024e-10 3.927972397045807e-10 1.3989679104879997e-9 3.519601882526154e-9 6.524542355258734e-9 1.0797162439822014e-8 7.782547517832261e-9 -8.115336763118877e-9 -3.7086694597459945e-8 -6.989110789552273e-8 -9.958097584600032e-8 -1.2086638325804036e-7 -1.2967606014271384e-7 -1.2321209064158372e-7 -9.95318439660292e-8 -5.7167879987774126e-8 9.798113740653045e-9 1.0981073686024143e-7 2.5391877873120453e-7 4.587364339537952e-7 7.352969165739484e-7 0.00000110280918659739 0.0000015954720203443356 0.0000022552454345219784 0.0000031141978668488154 0.000004191939270317096 0.000005487902617306735 0.000007013225092870958 0.00000879693144946243 0.000010880631627540614 0.000013460673173202082 0.000016735769285983692 0.000020782421335528843 0.000025723212900940995 0.000030271282198122782 0.000032976151985320546 0.00003375103829688288 0.0000328359884803825 0.00003068828472465685 0.000027804588795227208 0.000024707624400907964 0.000021677232181229652 0.000018761878735703786 0.00001570964644853491 0.00001239638934396414 0.000008749958844458761 0.0000047454498065406086 4.4297337765591746e-7 -0.000004182032560666446 -0.000009079560184436914 -0.0000135492745886868 -0.00001688906200099349 -0.00001842045171557311 -0.000017584494640737478 -0.000014277655110094302 -0.00000880869558292188 -0.0000018608675551831971 0.00000557259759687652 0.000012563625108118534 0.000018223423279391102 0.00002167869512557666 0.000022567571255959196 0.000021181326918972947 0.00001838996261119697 0.000014304800131450871 0.000009098178414672062 0.000002947959561843889 -0.000004002411662377471 -0.000011132729626819894 -0.000017961402818297483 -0.00002432302683953648 -0.000030095187563442722 -0.00003511948016312648 -0.000039197969632522045 -0.00004218548289091174 -0.00004373615200296529 -0.000043444254488973866 -0.00004087156448998578 -0.000036589436219733165 -0.00003140872565827197 -0.000026220572377690932 -0.000021820755594790716 -0.00001816970339326171 -0.000015022219204544088 -0.00001238805879680866 -0.000010182469140857284 -0.000008325126036132097 -0.000006735427170918731 -0.0000054120258815008025 -0.000004327726867492707 -0.0000034455958219945802 -0.000002723002978299611 -0.0000021296454151164747 -0.0000016384063078527978 -0.0000012253625605864683 -8.773371738569455e-7 -5.941359395987737e-7 -3.7846230205536954e-7 -2.1615093267542013e-7 -9.642838113669917e-8 -8.933073822771874e-9 5.5353135429234687e-8 9.91215735378212e-8 1.245418364489918e-7 1.3352121296875372e-7 1.2775358594269616e-7 1.0986297656855276e-7 8.288805970075215e-8 4.9932436564277574e-8 1.7699663342885003e-8 -5.92921615183693e-9 -1.4205669717173744e-8 -1.2716609343882327e-8 -6.766449336086944e-9 -1.3185169564713592e-9 -1.7119446247282937e-10 -3.2737619460645897e-10 -6.15392022674375e-11 2.2406682805991413e-11 2.3567193340331925e-11 -1.3568082013205379e-11 -3.098474345693968e-12 2.5693963047458868e-12 -1.0573471962582692e-13 1.244907913391154e-13 5.737093257936839e-13 -9.9898443513491e-13 -1.093129369951497e-12 2.059722367840764e-12 7.037843841203837e-12 -1.0326607729347638e-11 -4.726816880878562e-11 -9.268253379384667e-11 -3.252456798140229e-10 -8.381243657343877e-10 -1.6385092771267584e-9 -3.0132468226008966e-9 -2.7748075819374487e-9 5.764131009266e-10 7.210349018864564e-9 1.497090084646639e-8 2.2190157354273455e-8 2.7594967164391085e-8 3.02924312968212e-8 2.973796956079271e-8 2.5538823902225443e-8 1.7319838168383523e-8 3.986563137911137e-9 -1.6185174329589177e-8 -4.558351917582889e-8 -8.803685009148506e-8 -1.460387789311622e-7 -2.2389475202815443e-7 -3.2925899785101934e-7 -4.715689664184931e-7 -6.580960096627256e-7 -8.934509439679024e-7 -0.0000011782854510001095 -0.0000015157084251333447 -0.000001912408485824787 -0.000002376267206728061 -0.0000029561687051894623 -0.0000036999835779564046 -0.0000046247995949727294 -0.000005756731855120161 -0.000006792986670665516 -0.000007395307341852769 -0.0000075505690616472785 -0.000007322685986718372 -0.000006825285486961673 -0.000006178724194097705 -0.000005498200623902028 -0.0000048426633927603895 -0.000004217993130878043 -0.0000035622877925148486 -0.000002845761215581689 -0.000002051925490028817 -0.0000011756939288895892 -2.314401386614921e-7 7.892947254574458e-7 0.0000018794587131953093 0.000002877988374929573 0.0000036241551446281277 0.000003963018955590583 0.000003765974689289838 0.0000030256751279303854 0.0000018191069319281956 2.972027067419972e-7 -0.0000013258153077332292 -0.0000028544545136143907 -0.000004098128977302408 -0.000004856726057261451 -0.000005044678179613216 -0.000004724341062434085 -0.000004090566957572803 -0.000003166753034867365 -0.0000019915562203684175 -6.057932337179394e-7 9.56557711348981e-7 0.000002555845786321487 0.000004083509172161965 0.000005501777846235114 0.00000678408610104698 0.00000789772836999496 0.000008802601547775613 0.000009472834171624779 0.000009830050293800045 0.000009777339625184724 0.000009205905303701135 0.000008238887616467314 0.000007060773987817166 0.000005879631425386511 0.000004883198707159176 0.0000040602221986480005 0.0000033514783679214494 0.000002760426548369244 0.0000022673384903227703 0.0000018530055835833348 0.0000014976881665814366 0.0000012016895011149091 9.590838648735815e-7 7.616739283354822e-7 5.999354795325822e-7 4.6713272152437247e-7 3.572014018978069e-7 2.6474961435627044e-7 1.8684643523502816e-7 1.2354902356532217e-7 7.558512924682472e-8 3.981968427318968e-8 1.382174470240827e-8 -4.7927245257004406e-9 -1.8136770891525128e-8 -2.691270100910195e-8 -3.163168782264089e-8 -3.269314079459837e-8 -3.044587137358185e-8 -2.5489766733406485e-8 -1.854159145248326e-8 -1.0342512243214599e-8 -2.58406639420546e-9 2.734668741078314e-9 3.944025380348948e-9 3.1075729155944096e-9 1.5616683342129895e-9 3.1807609339447115e-10 4.764475256435952e-11 7.467224196994174e-11 1.5267879539629024e-11 -5.215523705629098e-12 -5.611401778786178e-12 3.2178087941015597e-12 7.178914434348771e-13 -6.009423422653913e-13 -9.619186128936146e-13 1.1447293029902905e-12 5.131994714276362e-12 -8.883544670502717e-12 -1.0062682394998329e-11 1.7974231332313093e-11 6.642772607780482e-11 -9.487996932535745e-11 -4.6378685538699305e-10 -9.798497449451185e-10 -3.4998002518795176e-9 -8.775244260273911e-9 -1.612930816679789e-8 -2.618272562614018e-8 -1.7883542815511767e-8 2.2423342830079306e-8 9.500244935992892e-8 1.7676753316408594e-7 2.5044371630420314e-7 3.0288532633740104e-7 3.238265648272349e-7 3.0609502658390473e-7 2.447388623589068e-7 1.3615625044620557e-7 -3.491798771227521e-8 -2.8998899725579736e-7 -6.569687828503107e-7 -0.0000011774225023001953 -0.0000018790390556961207 -0.000002810091359778193 -0.000004056543295524671 -0.000005723789744761502 -0.000007892283413503142 -0.000010610947500690922 -0.000013877049075311785 -0.000017717555509792835 -0.000022205124720830636 -0.000027446819548129177 -0.000033927884362317686 -0.0000421422076788513 -0.00005228229257349329 -0.00006465889955398365 -0.00007606138038765448 -0.00008286577582403007 -0.00008484372537766989 -0.00008258203756739368 -0.00007721172360272203 -0.00006996608470439102 -0.00006216163768224597 -0.00005450767184724519 -0.00004713414333515371 -0.00003941701163758961 -0.00003104751741288105 -0.00002184493614068493 -0.000011746044547084333 -9.005857688718031e-7 0.000010748325265067223 0.000023068308530118015 0.00003430608707101534 0.000042702790086877133 0.00004655820700271137 0.00004447324730735107 0.00003616208314455966 0.00002238790681281557 0.000004871081172889289 -0.000013879239653985507 -0.000031510023138663506 -0.00004577322437663117 -0.000054481601356402665 -0.00005673323055496564 -0.00005326494931746248 -0.000046263233768590695 -0.00003601037095905276 -0.000022939332835088722 -0.000007495450813305686 0.00000996391608763775 0.000027880984775955057 0.000045046375460889486 0.00006104564270793431 0.00007556981330555121 0.00008821621101406219 0.00009848041228914501 0.00010598698822653202 0.00010986814491368537 0.0001091139134547204 0.00010264000415525468 0.00009189078374977041 0.0000788995313609495 0.00006589180856537347 0.00005485174953955008 0.00004568396015684685 0.00003777943314606853 0.000031160510183715024 0.000025615399335804826 0.000020944269820192154 0.000016947413549331077 0.000013620415865601 0.000010894645728063928 0.00000867714905384816 0.000006860746858636062 0.000005369188871553443 0.0000041343023955852674 0.000003096014283351374 0.0000022211785613079986 0.0000015091421926406962 9.664950996626215e-7 5.575648033035791e-7 2.552972635219406e-7 3.375132522332836e-8 -1.2958468977861753e-7 -2.4130410045313565e-7 -3.068154932042481e-7 -3.3095915072804343e-7 -3.180454893952191e-7 -2.7465134892223746e-7 -2.0835575687797512e-7 -1.2688509018503694e-7 -4.6765089053612184e-8 1.2590698397864835e-8 3.448507446712938e-8 3.157610840588338e-8 1.6955121318492757e-8 3.2807891070198434e-9 4.1489672623889867e-10 8.21253367000635e-10 1.522185074630665e-10 -5.600579416006408e-11 -5.869834801855232e-11 3.381554735039183e-11 7.751514012950463e-12 -6.418163521488466e-12 -7.645599326873743e-13 9.156364508186454e-13 4.03738357206614e-12 -6.962843402779205e-12 -8.058218297966581e-12 1.3945406366677181e-11 5.3852166025498524e-11 -7.55920255011542e-11 -3.861537676459713e-10 -8.527175592320597e-10 -3.0562102049653743e-9 -7.532403560396507e-9 -1.3369862404005378e-8 -2.013786647262949e-8 -1.0351733949841636e-8 2.6972222506680957e-8 9.141673197033902e-8 1.627261397217075e-7 2.2595095287729682e-7 2.697154921989908e-7 2.847049170439693e-7 2.640695116411271e-7 2.0312676772617076e-7 9.881208059832299e-8 -6.376444854883939e-8 -3.0479176637064327e-7 -6.498271903133182e-7 -0.0000011357819557941868 -0.0000017874620204247393 -0.0000026482532780808042 -0.0000037954539531845283 -0.000005323602725380802 -0.000007304549094150407 -0.000009781123896866453 -0.000012746879770495774 -0.000016222851025894335 -0.000020273206116708754 -0.000025001035463332585 -0.00003081745027114243 -0.00003814841050198229 -0.00004716603895873775 -0.00005815334037050301 -0.00006830477420032573 -0.00007443797387065989 -0.00007631248210184417 -0.00007439966002269389 -0.00006965473447669242 -0.00006313713704603685 -0.00005604334992090699 -0.00004903254796092772 -0.000042248713310279095 -0.00003515958567963397 -0.00002749824116670792 -0.00001910343718815739 -0.00000991427494900998 -5.9209402738928296e-8 0.000010496810891293481 0.000021611371503761104 0.000031731064863313524 0.000039292847186806374 0.00004278337445398677 0.00004096231147473015 0.00003348369637084202 0.000020991011016498467 0.0000050448081867476694 -0.000012049058765747652 -0.00002810930895576274 -0.00004107118193736408 -0.000048990944935236764 -0.00005108099019328158 -0.000048019125721784636 -0.000041772159687139535 -0.000032602388503558294 -0.000020899377262157177 -0.000007058857748453507 0.000008606918700664905 0.000024703143247008717 0.00004014729546991536 0.00005457004689301094 0.00006768827467361212 0.00007912492351134259 0.00008840360277427212 0.00009514807143098735 0.00009858313838330366 0.00009783483883454524 0.00009198885791923728 0.00008236649742081563 0.00007077977353116289 0.00005918562632173976 0.000049318860631856265 0.00004110558560225411 0.00003402017389612309 0.000028076475724495015 0.00002308815197252668 0.000018881749766658377 0.00001528605982570985 0.000012294124058097831 0.000009843412897620764 0.000007849971637682264 0.000006217291125086522 0.000004876578474841961 0.0000037665245574874652 0.000002833318483087675 0.0000020470057538732893 0.0000014064511875381934 9.16948378431443e-7 5.462894312871991e-7 2.702980602572725e-7 6.60187304016959e-8 -8.628925465602194e-8 -1.9207281387463475e-7 -2.5608032716431404e-7 -2.828058629187129e-7 -2.762674720736733e-7 -2.4229805299232146e-7 -1.8750581515194652e-7 -1.1857521880134916e-7 -4.9414621892121746e-8 3.711311761616047e-9 2.6613672646781157e-8 2.6662927087632955e-8 1.480117333717366e-8 2.792685256102005e-9 3.2338761690486944e-10 7.258593924347299e-10 1.289021145947272e-10 -4.91761730650902e-11 -5.086783274187207e-11 2.936814725548497e-11 6.8137238443859635e-12 -5.6148320024286424e-12 5.775731456328972e-12 -6.893183191258816e-12 -3.0671479407485755e-11 5.300350739731346e-11 6.062925995266014e-11 -1.0677078981270111e-10 -4.024073816977399e-10 5.701191533989213e-10 2.8458940968848718e-9 6.143209791540152e-9 2.1967714980872435e-8 5.460957781131344e-8 9.870936915031622e-8 1.548408238109681e-7 9.387467264387806e-8 -1.667151163535985e-7 -6.263519587302267e-7 -0.0000011396981441838232 -0.0000015986914011783886 -0.0000019210892330647793 -0.0000020411925074938143 -0.0000019119282521382267 -0.0000015009381706506912 -7.858234830106559e-7 3.346933553628126e-7 0.0000020005896657350815 0.000004391331386245586 0.000007770256588927975 0.000012313514803023477 0.000018328652463753257 0.00002636345884247483 0.00003708874737286732 0.000051015478383878116 0.00006845138406788753 0.00008936528275791225 0.00011391788632421064 0.00014256804346794008 0.00017602114860207308 0.00021728238948383558 0.0002694358451428011 0.0003337040028842065 0.00041207711346835223 0.0004843811453886555 0.0005277909938489511 0.000540728237287899 0.0005267349934854732 0.0004928024000339994 0.0004466167299625651 0.0003966135287761262 0.0003473882318663345 0.0002998637766549462 0.0002501636320399147 0.00019635757610047232 0.00013729798645102946 0.00007256688304699086 0.0000030960285590818255 -0.00007142084537573291 -0.00015005792909903018 -0.00022172331773513576 -0.00027527294741271985 -0.00029992567641798953 -0.0002868270185075586 -0.00023384296437539625 -0.00014568748204046915 -0.000033372731734912177 0.0000869348836087429 0.00020001323201179402 0.00029138711293444364 0.000347197551096705 0.00036177789138547035 0.00033987662801137253 0.0002954302786017607 0.00023026737451264652 0.00014714826791797144 0.000048894845199265424 -0.00006224665477258506 -0.00017637123626868223 -0.0002857901293209042 -0.0003878735061376745 -0.0004806334668738576 -0.0005614517258560718 -0.0006270342617707086 -0.0006748518892232889 -0.0006993925584238121 -0.000694340532638538 -0.0006529999159526163 -0.0005846511566812685 -0.0005021940744564232 -0.000419657817184977 -0.0003495157868694153 -0.00029120082706101237 -0.000240907815315707 -0.00019875781033162844 -0.00016341551800513247 -0.00013362900799293522 -0.0001081542958744418 -0.0000869530192850994 -0.00006958502664801629 -0.000055456692978480235 -0.000043884541267583084 -0.00003438189669100819 -0.00002651432339200178 -0.00001989973907227445 -0.000014326369144134139 -0.000009788137975071362 -0.0000063248555001605036 -0.0000037087882255582514 -0.0000017680949104365021 -3.3877648934705284e-7 7.208755267801968e-7 0.000001451235850678549 0.0000018863847242605976 0.0000020576556138697695 0.0000019929967294673633 0.00000173402646316655 0.0000013283134214678785 8.241669725762011e-7 3.236320172345017e-7 -5.368483389191171e-8 -2.042372544787686e-7 -1.949585137762593e-7 -1.0636088786552776e-7 -2.0334274579973908e-8 -2.471052741733102e-9 -5.185827476170054e-9 -9.422504229343708e-10 3.5268794141567585e-10 3.673056218558802e-10 -2.118191308940237e-10 -4.8832649395209324e-11 4.0341805806867055e-11 -1.5796137678044543e-12 1.914445867955465e-12 8.176368704911854e-12 -1.3995680692166674e-11 -1.6903007639147423e-11 2.7562086921056092e-11 1.1503879446221106e-10 -1.5574414452087572e-10 -8.732238201284728e-10 -2.0915179561085712e-9 -7.471055768753774e-9 -1.7807125496258755e-8 -2.9655756287706565e-8 -3.8574298674982855e-8 -4.594638842793136e-9 9.602250733860635e-8 2.598616621921134e-7 4.3645950529087253e-7 5.891788400354792e-7 6.900717163748401e-7 7.147509558964862e-7 6.441289367537349e-7 4.651957816184507e-7 1.7034390692281665e-7 -2.830612446041812e-7 -9.503538914889216e-7 -0.000001899484750511149 -0.0000032248720586275255 -0.000004990599576806447 -0.0000073090461734212815 -0.000010380478414774097 -0.000014449028011475413 -0.000019699044299400142 -0.000026237273081433652 -0.00003403285816819327 -0.000043128645670789625 -0.000053685969816100465 -0.00006599385976535437 -0.00008102837916272178 -0.00009982552776248045 -0.00012282275609390686 -0.00015075196335694908 -0.00017665851512907606 -0.0001925963860689882 -0.0001978056278198293 -0.00019328992468627568 -0.0001812876724219599 -0.0001643573580159862 -0.00014565903201610743 -0.00012698731537839824 -0.00010881876996367809 -0.00008987939826299922 -0.00006951764686409131 -0.00004731815699651517 -0.00002310201132715015 0.0000028264202788333947 0.000030496811223419494 0.00005944782190601984 0.00008574126443922211 0.0001053939322235451 0.00011453838305121349 0.00011002294191238716 0.00009060148601995773 0.000057778990143491945 0.00001566179126932623 -0.00002956397427155158 -0.00007200260389873396 -0.0001061483618188027 -0.00012704339141982615 -0.00013272990131264588 -0.00012502117973634604 -0.00010902172788088377 -0.00008544412945484309 -0.00005530147364357015 -0.000019604345873709614 0.000020868235146010764 0.00006253080245864253 0.0001026005617060985 0.00014013028222983908 0.00017436315580673985 0.0002042653073608216 0.00022851586422036212 0.0002459822576012247 0.000254675051769842 0.00025246398746740003 0.00023722062170313327 0.00021244053422190615 0.00018275662497151124 0.00015308143802769268 0.00012773478956980259 0.00010656567469077732 0.00008828906893724245 0.00007292003124382137 0.00005999127067699587 0.00004907519073016932 0.00003975639786500634 0.000032006746477106275 0.000025661371330010696 0.000020501372014683123 0.000016276026218101625 0.000012806330458102875 0.000009933485097364055 0.000007518869783911884 0.0000054841010149706585 0.0000038241528315592665 0.0000025504835468349596 0.0000015793994630759777 8.490152764178317e-7 3.0133665457601555e-7 -1.1292890243407522e-7 -4.0631761455426377e-7 -5.907942837624235e-7 -6.78509010530655e-7 -6.803185741041749e-7 -6.109760017125825e-7 -4.86785723230128e-7 -3.2402547094646477e-7 -1.554777520548772e-7 -1.911199259885534e-8 5.127712247666681e-8 6.123510733223747e-8 3.588354797520857e-8 6.503772700644028e-9 6.533945833207011e-10 1.8121226592362168e-9 3.0431663146131285e-10 -1.225251864525783e-10 -1.2418146833068424e-10 7.191986426384625e-11 1.6961518517988932e-11 -1.3888641459435377e-11 -1.3198536125103878e-11 1.5738107359435345e-11 7.020028140925697e-11 -1.2139492171287942e-10 -1.382563756089604e-10 2.4407629709597805e-10 9.19975597364014e-10 -1.3115999786927695e-9 -6.40801428364817e-9 -1.3541208554789357e-8 -4.890502599951909e-8 -1.2301532072480807e-7 -2.2528130202500047e-7 -3.5859837618899913e-7 -2.369075427429683e-7 3.2372369836467893e-7 0.0000013241967299650412 0.0000024460979341245504 0.000003453217305953067 0.000004166355938332742 0.00000444304797613847 0.000004181904443322479 0.000003314036187470636 0.0000017926642987070448 -5.985890149305884e-7 -0.0000041603276381463295 -0.000009279154099092242 -0.00001652370795924953 -0.000026274871573513373 -0.000039198815876866575 -0.000056482662598939894 -0.00007958070765176432 -0.00010960223079471693 -0.0001472186295277016 -0.00019237490213352268 -0.000245431468018771 -0.00030739271310819286 -0.0003797840463808964 -0.0004691943488955301 -0.0005823905859278673 -0.0007220658471702902 -0.0008926352003878234 -0.0010499191326540694 -0.0011439827827500859 -0.0011716166353365454 -0.0011408188583069835 -0.001067075020280716 -0.0009672839594456027 -0.0008595634395415875 -0.0007537162003872143 -0.0006515976699434406 -0.0005446950474518529 -0.0004287752936961936 -0.0003013643162787889 -0.0001616239429614215 -0.000011645294868410665 0.0001493187486001294 0.00031941198048019944 0.0004744885577947358 0.0005903341947165306 0.0006435484412011621 0.0006148950892968653 0.0005003075083808357 0.0003102208172308867 0.0000683358661473627 -0.00019076082617605899 -0.00043438644756058016 -0.0006313291552737663 -0.0007515118643117772 -0.0007825823515668824 -0.0007347578498950174 -0.0006381877994492413 -0.0004967839407453764 -0.0003165036826422544 -0.0001034609376133933 0.0001374660221516612 0.00038473513459285876 0.0006216336714131183 0.0008424698282702884 0.0010429887280361716 0.0012175948915212032 0.0013592678304417533 0.0014628157266852188 0.001516270899539997 0.001505735431671986 0.0014163034207922893 0.0012680773566924937 0.0010890957284458115 0.0009099050393758416 0.0007576906927031779 0.0006312001393096884 0.0005221277223905343 0.00043074487575858327 0.0003541374148439397 0.0002895752179062625 0.0002343481863342485 0.0001883787018156373 0.00015071518945186326 0.00012007295085159429 0.00009497291050647843 0.00007436078869899262 0.00005729455341811851 0.00004294503647453839 0.000030855754442349734 0.000021016411042237455 0.000013515389609459365 0.000007857818014981125 0.0000036690624993878176 5.912142817153612e-7 -0.0000016849958513109173 -0.0000032475060466054972 -0.00000416996421238202 -0.000004519793982951234 -0.000004357580029126996 -0.0000037743511389341175 -0.0000028745157808323613 -0.000001764465376287553 -6.673432610727068e-7 1.5436361456849336e-7 4.7333705038231364e-7 4.4177276195510284e-7 2.390729264051688e-7 4.596638491640646e-8 5.578137257692708e-9 1.1470218761073912e-8 2.0781828527436613e-9 -7.735725556742055e-10 -8.086757156626672e-10 4.662288671780214e-10 1.0742767455176772e-10 -8.875910282771812e-11 -1.2539363730038005e-11 1.4572891119293554e-11 6.93769870066892e-11 -1.2157500898251267e-10 -1.2822294677070062e-10 2.5843786573914884e-10 7.882202157798247e-10 -1.1826517247620201e-9 -5.233657047373193e-9 -9.794590400839485e-9 -3.196747547893165e-8 -8.263314967016825e-8 -1.7204324441124806e-7 -3.6732672546214496e-7 -4.056985080358606e-7 -9.662336415410862e-8 5.980569636295085e-7 0.0000014500334343902163 0.0000022713216922110023 0.0000029161404175434736 0.0000032977094592593093 0.0000033761108263198293 0.0000031167274408642567 0.0000024663893713670112 0.0000013535924026591706 -3.699036569351927e-7 -0.0000029359489199654658 -0.000006763548887821057 -0.000012114203707392061 -0.000019428540435379307 -0.00002948595821142943 -0.00004325559738688029 -0.00006149214732830704 -0.00008469924244207307 -0.00011307238212697724 -0.00014702406307067715 -0.00018724747301343236 -0.00023425077671405324 -0.00029384065140239146 -0.00037137272445974227 -0.00046845392434217346 -0.0005871705297266462 -0.0006948755149066787 -0.0007555854394007656 -0.000768694719911135 -0.0007419493764005304 -0.0006883521254621464 -0.00062141590276212 -0.0005529577218920767 -0.0004886461985756099 -0.0004284412996582034 -0.0003651898175280361 -0.00029557783199775844 -0.00021781719706101305 -0.00013129931625416698 -0.00003747670306676616 0.00006490107654227361 0.00017556380382962553 0.00027750599715006596 0.00035378386958078594 0.0003880700196511084 0.0003666620541177082 0.0002905688804581216 0.00016867243911355655 0.000016389210211259703 -0.0001448964538977313 -0.0002969965495124009 -0.00042182205400222834 -0.0004981322235326142 -0.0005164495594067541 -0.00048273194305910056 -0.00041699935115392943 -0.00032145805529222875 -0.00020013287104540117 -0.00005739809665312568 0.00010291884294000865 0.00026664023459782636 0.00042269172256643984 0.0005670471716908633 0.0006970257156088351 0.0008096545296626973 0.0009014021874961144 0.0009702093084395453 0.0010079547602725898 0.0010040809078090604 0.0009463694967193393 0.0008463807143005966 0.0007232993488275175 0.0005997278465313343 0.0004963843003361766 0.00041168150108727514 0.0003388378178462047 0.00027845016235192294 0.00022840726947672264 0.00018654094500425046 0.0001505213950842545 0.00012049197844881155 0.00009587691773246516 0.00007585115196040337 0.00005944246058314611 0.00004597367923536671 0.00003482996125418475 0.00002545761159861599 0.000017555020997989602 0.00001114112640246321 0.000006310007123266522 0.0000027538018281199336 2.2721324856549546e-7 -0.0000015191123589337038 -0.0000027141925076741893 -0.00000344948158997589 -0.0000037830554197013018 -0.0000037511307317750925 -0.0000033827437262457813 -0.0000027392483144372995 -0.0000018976161502045053 -9.383145912167259e-7 -6.841337348205923e-8 4.680538055790117e-7 4.756639298933866e-7 3.1658986150180114e-7 1.4443007339491654e-7 3.1811825563994705e-8 6.190902050586558e-9 7.235171636541141e-9 1.7678571797053043e-9 -5.470689131291892e-10 -6.064402095195844e-10 3.454378353540986e-10 7.368231692965682e-11 -6.28540052493384e-11 8.77119736742624e-11 -1.0358833675241104e-10 -4.735285596740762e-10 8.229517345370442e-10 9.116240515570521e-10 -1.6975794773600742e-9 -5.865392632320628e-9 8.480566856754767e-9 4.072311983461252e-8 8.424740106037129e-8 2.914285596298191e-7 7.303232057766648e-7 0.0000013785735215555225 0.000002430156439115734 0.0000019543161045406375 -0.0000013451417069730284 -0.000007567453025992275 -0.000014724918481096672 -0.000021286194179631683 -0.000026076779152367976 -0.00002824193866744183 -0.00002723151740655326 -0.000022644974131639013 -0.000014119336820533322 -5.082321475043316e-7 0.000019910917346617584 0.00004946372963001813 0.0000917854626845776 0.0001492528295557525 0.00022596715072418892 0.0003292167212355805 0.0004679675291227908 0.0006490928263945274 0.0008768654614529058 0.0011515299235860448 0.0014757242411370846 0.0018556466678656554 0.0022992698872224136 0.002850794646524926 0.0035538413631213623 0.004424198129874275 0.005485982040342365 0.006460503508378837 0.007035071334727602 0.0071929150213331456 0.006988200502061757 0.006521954988721244 0.005903289657500648 0.005244271018519035 0.004603895887958248 0.003990888230298361 0.0033492274342970508 0.002651716947648871 0.001882613943601208 0.0010361669149537914 0.00012497626259249192 -0.0008571817570386474 -0.0019006555273898588 -0.0028546024615763526 -0.0035677762180938667 -0.003893984864445096 -0.0037123619150713186 -0.0030048643889703224 -0.0018399551402893336 -0.00036379323561896494 0.001212166343808944 0.0026946587773804187 0.003897924148755133 0.004633304225809595 0.004821510151784613 0.004523595799492365 0.003925649755196919 0.003050980783669526 0.0019366488741011834 0.000621231772458997 -0.0008635982131516328 -0.002385983771983736 -0.0038433522878806954 -0.005199882849915398 -0.006429431139026329 -0.007499142341109309 -0.00836823772974581 -0.009006833613524204 -0.009340844356356027 -0.009282205769010081 -0.008734996831418162 -0.007818002681025222 -0.006705050223988101 -0.005590046058905924 -0.004647117862225992 -0.0038665360289224945 -0.0031938870669423794 -0.002631978327159252 -0.002162483566105833 -0.0017676751030613635 -0.0014294292774141213 -0.0011477906057495014 -0.0009170424564396906 -0.000729338820522748 -0.0005755820984654525 -0.000449340014963534 -0.0003448430566261031 -0.00025698136958902137 -0.0001829309990275318 -0.00012268375688306266 -0.00007687189192996609 -0.00004251473214726789 -0.0000173286216305395 9.087523582478654e-7 0.000014156476503797025 0.000023048203697198425 0.000028065300769646988 0.000029601754874325463 0.000027998632079949333 0.000023813928559880012 0.000017704222014780992 0.000010342102435638009 0.0000032581342856198116 -0.0000017520007477914074 -0.0000031793067260808047 -0.0000026633479374189634 -0.0000013762633130111777 -2.745715739457568e-7 -4.0046194645293505e-8 -6.807039476848446e-8 -1.3680166565485946e-8 4.801583835220909e-9 5.098981395697011e-9 -2.9284861774265233e-9 -6.581936749104713e-10 5.494090212628005e-10 4.335476440347865e-12 -5.020030763931357e-12 -2.4585213293034123e-11 4.403583962641556e-11 3.712116056295098e-11 -5.490343885540199e-11 -4.1132373782273024e-10 8.508748125425767e-10 -7.856433160841185e-10 -1.2120397231192956e-8 -2.0066454005322975e-8 6.363095907174785e-9 1.0798646986996059e-7 2.794655432554516e-7 7.782098730547854e-7 0.0000017471220445871273 0.000003137486875503836 0.000004585656483951514 0.000005779229967536104 0.000006453828070792764 0.0000064019713124161015 0.00000547068116156037 0.000003513666804059448 3.605213572461713e-7 -0.000004375171086161785 -0.0000112170624641432 -0.000020832280620119393 -0.00003422872087447326 -0.000052039000634100995 -0.00007530183249231405 -0.00010583807634860609 -0.00014586998897795318 -0.00019704445494073502 -0.0002602691315524194 -0.0003351798418287903 -0.000422007569311362 -0.0005219070928307333 -0.0006368217152960771 -0.0007752411391750677 -0.0009450130194936516 -0.0011482444821350212 -0.0013865252467525752 -0.0016075640879041513 -0.0017511498782624903 -0.0018050770494824327 -0.0017707266797265967 -0.0016607855454317635 -0.0014935875576568313 -0.001303717291555501 -0.0011119667694131539 -0.0009259252291469237 -0.0007355647786796755 -0.0005359248396209996 -0.000322487355166715 -0.00009104938599008324 0.0001581288753632248 0.00042349660290367196 0.000696898274207078 0.0009446253737963642 0.0011310981505731634 0.0012209202004594794 0.0011854302730982588 0.000998826193715551 0.0006700533739710565 0.0002422192839494299 -0.00021415691329256933 -0.0006396021370562716 -0.0009821945840448397 -0.001196002694646517 -0.001263635084661019 -0.001203044202746881 -0.0010629375123026074 -0.0008510708628011131 -0.000577742460992517 -0.0002527806867670891 0.00011609535447250337 0.0004990474558036206 0.000872452879767492 0.001226958815551143 0.0015539189809913052 0.0018421908470355277 0.0020771921750158203 0.0022402158276175867 0.0023135666424060858 0.0022832797674816464 0.002140533232121884 0.0019147803250356735 0.0016463609019903031 0.0013788203778451072 0.0011504597758049803 0.000959519730052164 0.0007943341936312111 0.0006553893543183821 0.0005388639590221088 0.00044088298777513623 0.00035729466794644563 0.00028795747964800847 0.00023136850377660143 0.0001855030945201929 0.0001480028561397931 0.00011725006380234244 0.00009182736005109651 0.00007050147983764411 0.00005246653600816275 0.0000376134314551917 0.000026027692691859123 0.000017025585215471345 0.000010127481020773855 0.000004874517167632127 8.558145286069718e-7 -0.0000020813794749591077 -0.0000040693254149520255 -0.000005222962763469155 -0.000005622844628660251 -0.000005374995981707905 -0.000004592900033929333 -0.0000033795207514533384 -0.0000020582755379121854 -9.70739546649496e-7 -3.9228983958525617e-7 -1.0704173560831542e-7 -8.789632798542566e-9 -7.890860416438856e-9 1.8795053245206923e-9 7.486148459250512e-9 2.0959672428363496e-9 -8.383021635569246e-10 -7.869390943445296e-10 4.54187925338592e-10 1.0059712127859825e-10 -8.481563175519737e-11 -4.112235179164174e-10 4.82547351968434e-10 2.2451242438053067e-9 -3.920590822240296e-9 -4.2020894921668765e-9 7.94232006653574e-9 2.773222765685464e-8 -4.215600869942281e-8 -1.6718588307312565e-7 -2.691832414259017e-7 -0.000001048075302722386 -0.0000030083084911575105 -0.000006447329351217899 -0.00001258300690505579 -0.000014735318405816067 -0.000008085851419481896 0.000008352419895813343 0.000028762920917869537 0.000048729553909919065 0.0000649964254423532 0.00007548542440753154 0.00007915742799252165 0.00007541153119517715 0.00006370078405969819 0.000042387984683542786 0.000008250755877473378 -0.00004363673362548605 -0.00012178595933755151 -0.00023185675307831795 -0.0003837845472944453 -0.0005952559878957253 -0.0008882585121576176 -0.0012801135188132283 -0.0017826867914080672 -0.0024011420218389232 -0.003146021920567603 -0.004035139950961246 -0.005084270750370764 -0.006428276915315451 -0.00819979036439894 -0.010448150823014016 -0.013254375643184026 -0.015802335868809022 -0.01719275606335251 -0.017447333226562594 -0.016793925429653904 -0.01557975231642286 -0.014145673074403387 -0.012721732365547711 -0.01140649282556501 -0.010176562024903708 -0.008859093881963761 -0.007372490030230028 -0.005681214834614292 -0.0037886318707793278 -0.0017446819016632257 0.0004914949996613333 0.0029405977757326817 0.005201347550677743 0.006883847680483799 0.007618235171546981 0.007092949157547447 0.005429415906990915 0.0028614658113853904 -0.00030009671783587426 -0.0036649373080959147 -0.006858059075683531 -0.0094800485995481 -0.011054795709696221 -0.011364155974208513 -0.010533621769311623 -0.009002631181697078 -0.00681289019669283 -0.0040485982621777765 -0.0008049171398615008 0.0028351555015058818 0.006530789101504224 0.010018830471586292 0.013212379112428757 0.01606228377078137 0.018512824259388747 0.020501351276969167 0.022037993465347034 0.02293580668871462 0.02291812169931568 0.02163495884524569 0.019365133171184504 0.016556915261832506 0.01373169278604053 0.011367433796524017 0.009430686934147867 0.00776709572726244 0.006387801503956875 0.005242189166744908 0.004280999776579507 0.00345374027786941 0.002762841064505522 0.002195233654423214 0.0017324091458909728 0.0013527832199952013 0.0010409150470232452 0.0007826534110378467 0.0005652167638981946 0.0003822777982332489 0.00023472151616913902 0.00012487542970666127 0.00004514848757922152 -0.000010598502912124941 -0.00004849623672649269 -0.00007400956962190897 -0.0000889461191055531 -0.00009447048397656599 -0.00009138454401147736 -0.00008046692382377281 -0.00006330018525512622 -0.00004187030602571273 -0.000018312549415904902 0.0000028054530937692047 0.000015943243979949748 0.000016515531619305503 0.000011616182367185132 0.000005523901042869459 0.0000011721413190953681 1.685473557955613e-7 2.2485038553933235e-7 4.475563685737735e-8 -1.4301082209549438e-8 -1.6092360242964243e-8 9.199192200612575e-9 2.036168584453446e-9 -1.7082508959692877e-9 -5.372327951925433e-10 6.335926808696345e-10 2.9305427161281435e-9 -5.142082488094515e-9 -5.2142761543209325e-9 8.625547045286021e-9 4.306064522494014e-8 -7.462739139464747e-8 -1.1650196400541996e-7 2.779852099679075e-7 -1.8571085499397605e-7 -0.000003318105084161002 -0.0000107586742105918 -0.000021464439140095943 -0.000042686748969530585 -0.00007814945105312268 -0.0001257459798620209 -0.00017384819726869258 -0.00021227609951406605 -0.00023239906059052435 -0.00022790386131087004 -0.00019343863997602968 -0.0001235395032375167 -0.000011608107873183921 0.00015555119625739808 0.00039710424422842146 0.0007379540366616461 0.001216379858613727 0.001851972303656734 0.002678940412323152 0.003762339229360562 0.00518086226008614 0.006992975730721423 0.00922925824576507 0.01186529803009705 0.014899609604546539 0.0183689791743336 0.022352368091105086 0.027117863888631587 0.03288656661254695 0.03968109583235185 0.047490570684566386 0.05474050542226751 0.059599017188237506 0.06155082729008746 0.060513951398950966 0.056773893438444065 0.05083584910945475 0.04396010361161848 0.036965890361406566 0.030216431675086704 0.023380903412698897 0.01629257844627735 0.008772872366460696 0.0006351808551443653 -0.00816321391644263 -0.017521111476411434 -0.02706669568232013 -0.03571091420098137 -0.042262476355337156 -0.045508565437771785 -0.044464050162101754 -0.037881948012972594 -0.025976482681795428 -0.010404299163479833 0.006131671074105318 0.021520677917980412 0.03397331694872828 0.041819446754885935 0.044462019608150445 0.04255708949435485 0.03784970839889788 0.030624304535916167 0.0212572585907615 0.010099241903182902 -0.002587852003696087 -0.015820830781261997 -0.028820787910696033 -0.041272530785658956 -0.05284788603457405 -0.06311802388938072 -0.07150699094742992 -0.07718055856820223 -0.07951347806453252 -0.07814701360811857 -0.07306833387389512 -0.06523168574514342 -0.055989666000492676 -0.04682455934648516 -0.03901460534385128 -0.032490102383318925 -0.026853075119141947 -0.02213173748115913 -0.01818584458357756 -0.014874348767604654 -0.012050066100155505 -0.009713899887868365 -0.007814062172949023 -0.006278747228741623 -0.005025595178825949 -0.0039975458749356135 -0.0031457579269084344 -0.0024288284833940106 -0.001823302500187867 -0.001322376527384035 -0.0009245861571663911 -0.0006123768572401612 -0.0003710037426188297 -0.0001860187883130984 -0.00004442387001748388 0.00006046294036011351 0.00013351920746787471 0.0001782675580797257 0.00019738758918489725 0.0001940926419430162 0.00017148747703762122 0.000132069517311985 0.00008550595405803134 0.00004551639869770841 0.000025562378394919043 0.000013530554803428682 0.0000058815314251348945 0.0000014403219001657455 4.625462659547508e-8 -9.331393002874052e-8 -5.593541198460676e-8 2.307354345421817e-8 2.0322292726430512e-8 -1.1676968741356313e-8 -2.422270743375581e-9 2.10643269133034e-9 -3.064576567089261e-9 3.5390879812183218e-9 1.7224081828794083e-8 -3.048047227376121e-8 -2.949598130516518e-8 5.6349416113271305e-8 2.2109392421031227e-7 -3.896798488283596e-7 -6.295708191716086e-7 0.0000013887905111387958 1.9638030786220235e-7 -0.000013280838185611321 -0.000050912127145544605 -0.00012354927253751665 -0.0002520986804253962 -0.00044058601423722384 -0.0006703899684464528 -0.0008872188336489406 -0.0010463345826634916 -0.0011092836066858979 -0.0010409532350224343 -0.0008089190324283522 -0.00038361274846894765 0.0002635772840183105 0.0012156982592319344 0.002578376144331919 0.004478590684362199 0.007093420551539982 0.010525531481569489 0.014950888798334184 0.020691751133395133 0.02813638087983604 0.03756854556643102 0.04912817902031727 0.06266591689078992 0.07815335712005009 0.09576870193124971 0.11597941339897015 0.13984631905296524 0.16835830072434718 0.2017462873421679 0.24018770037485962 0.2762764524879778 0.3011948122730818 0.3121134422602348 0.3081874304480594 0.29040130744078035 0.26094333262920216 0.22614492562569782 0.1901583769129253 0.15492669406536871 0.11914354563910937 0.08210391763389545 0.04298543818149644 0.0009056614373044468 -0.04429840440737603 -0.0920183009312704 -0.14029553050952917 -0.18377356558942454 -0.21661619371823726 -0.2329090569237953 -0.22792685063012208 -0.19509335754099574 -0.1351460915030729 -0.05617714379001613 0.028233817419722747 0.10671176170093269 0.16964146448111672 0.20914603035275295 0.22253496966605116 0.21322819380817823 0.18985608292495498 0.15392316063713324 0.10727284425744177 0.05157552267480202 -0.011966948397926874 -0.07835884168127286 -0.14364919424152056 -0.20628100000102856 -0.26460814477258915 -0.31637860195665657 -0.3585638425612585 -0.3869242633238018 -0.3984177931625877 -0.3913893583946449 -0.365858303447616 -0.32710763424965794 -0.28182588834216965 -0.23691444015802704 -0.1982333495724515 -0.1656234667026004 -0.13737789848525958 -0.11352131371312815 -0.09342324309475061 -0.07647795210880641 -0.06207190275769891 -0.05015361296688209 -0.040450812371005646 -0.032601576373133434 -0.026191816163750666 -0.020933915119676266 -0.01658143734896231 -0.012925723082184468 -0.009836153346274138 -0.007278586205868309 -0.005247819369523359 -0.0036383359574959787 -0.002373144617718901 -0.001380915206991794 -0.0006000864086921821 -0.000007348608570851053 0.00041940813444841195 0.0007009963014397739 0.0008532250207603486 0.0008923701574645158 0.0008333256665410753 0.0006877693823515213 0.000494748929804531 0.0003020577914071481 0.00015642049093569948 0.00006495195859911446 0.000020515564085028083 0.0000062532763579088854 6.2890729071459e-7 -7.447522156554073e-7 -2.1471689093517033e-7 1.1559121045724046e-7 9.427100928078162e-8 -5.520321501873109e-8 -1.2876245873534525e-8 1.066223279958603e-8 -1.2151374870779216e-8 1.4119184937341128e-8 6.75959339715199e-8 -1.1911470350647798e-7 -1.1901089459983377e-7 2.2419490489769198e-7 8.689688298942345e-7 -0.0000014748277109665067 -0.0000031769115257926816 0.0000018840307596869829 -0.000008280371848761159 -0.00006422695100981521 -0.00020097002138775284 -0.0004503236335894583 -0.0008305505130244536 -0.0013242503616970834 -0.0018736250451137026 -0.002360697056474677 -0.002687774280999156 -0.0027693217232800556 -0.0025246225215079547 -0.001869031548698844 -0.0007231880282564728 0.0009891043661090894 0.0034858959717472627 0.007046353489245617 0.012003599440489033 0.018816720630275622 0.027721466776815553 0.03913836510402599 0.05387607518526794 0.07290115506323519 0.09691625177537037 0.12624310465359775 0.1603717428890537 0.1991165269326333 0.24287108344281477 0.2929475336664847 0.3514295393441547 0.4200978672949756 0.49908131123249494 0.5882299001442597 0.6724000846041351 0.7330661078161601 0.7619928249962429 0.7552147487782946 0.7130228780893524 0.6390787291431687 0.5497344679840832 0.4563255015998517 0.36480406730693976 0.2724961207895258 0.1778695241927717 0.07873522564078375 -0.02750145654425324 -0.14176776835259614 -0.2619632735340304 -0.3822038658584448 -0.49021520094727605 -0.5721700911502166 -0.6137837484791808 -0.6036952976454937 -0.5216042045554057 -0.3679594144215357 -0.16422161220810158 0.05323405397202548 0.255020927922761 0.41691720418016576 0.5192175616537223 0.5556445351591053 0.5351023840694611 0.4793362558021018 0.3923155393461722 0.27876282856493345 0.14283055719869708 -0.012652837819308217 -0.17590524357803844 -0.33759358732197986 -0.49396634297653 -0.6406400485470601 -0.7715137740685253 -0.8782474846082103 -0.9483070073298145 -0.9741950171039916 -0.9533508325170681 -0.8890502330907665 -0.7940388945262693 -0.6841913977543237 -0.5757014484368626 -0.48197661656975027 -0.40271744692093525 -0.33406262624297106 -0.2760814020539702 -0.22722647961769618 -0.1860343185974448 -0.1510648423240573 -0.1222014772000627 -0.09876599543309497 -0.0798489876400943 -0.06442097808165179 -0.05176325945500987 -0.041271194898462996 -0.03244367492034943 -0.024986918958631338 -0.01878590199196202 -0.013786839886124485 -0.009775031083136685 -0.006578692340218635 -0.004039291469430838 -0.0020215966557910565 -0.0004629688337603118 0.0006925261818714738 0.0014948341659576305 0.0019834317339303856 0.002193231704370389 0.002151186727898681 0.0018734169031210147 0.0014336859085049268 0.0009486291277723137 0.0005510467897430183 0.0002709931835198042 0.00010559226960058172 0.00002763664024878543 0.0000030764049904545124 -2.406931254035005e-7 -2.9176517668989134e-7 2.1993694727310405e-7 1.492131677248205e-7 -8.848309268857302e-8 -2.070200487127573e-8 1.7228030299953236e-8 -3.3170935632597235e-8 3.899102015547071e-8 1.8130276632265644e-7 -3.175947742547065e-7 -3.2937128212087847e-7 5.846564637200744e-7 0.0000024574768623715945 -0.000004050915730676297 -0.000009966164877560263 -1.5114229206829324e-7 -0.00004311159087446721 -0.00021769686382506226 -0.0005931290244134519 -0.0011988894559524356 -0.0020029143746387317 -0.0029289452767656187 -0.003861301351560851 -0.004646747039017681 -0.0051169349780908376 -0.005104607249015663 -0.004468653926528272 -0.003073113849632141 -0.0007565156824277011 0.002691617582947784 0.007668529271612428 0.01468974235966467 0.024384229472805476 0.03767426502556963 0.05503711157929831 0.07725869197686842 0.10579592902545751 0.14239755741331234 0.18831007082110593 0.24407376023442368 0.30875101634543345 0.3819399850235457 0.4641612692391358 0.5572877072042988 0.6648944228243066 0.7892610289034211 0.9294698780348717 1.0817600776770773 1.2256192877739727 1.3351910433619998 1.3922315253623592 1.3845510348981145 1.3078404891667958 1.1657836326968356 0.991746212984816 0.8088154823788394 0.6295060795932345 0.4501832965094462 0.26881432428008684 0.08105745741593899 -0.11942808092540862 -0.33584409432089984 -0.5633494815325352 -0.7889139578375487 -0.9912236294542419 -1.1453246524919158 -1.2249916796004259 -1.209526547754802 -1.053836062263458 -0.7559116697785178 -0.35787402013552483 0.06541502549451257 0.45653786807504027 0.7700591616652049 0.9702489936647511 1.046021028736747 1.014338295230228 0.915840136563742 0.7586406707958916 0.5520479191298412 0.30406962526835607 0.02043181378608512 -0.2792695045318559 -0.5791216958691794 -0.8716670718261786 -1.14778792193464 -1.3953871214320506 -1.5978887948071223 -1.7274565680503726 -1.7709984369091227 -1.7272892968458688 -1.6084601520291795 -1.4362461232595731 -1.2381944668155114 -1.042748020905914 -0.8735980931271204 -0.73017328047699 -0.605668810015703 -0.5003319694748055 -0.411727561392318 -0.3372444046522376 -0.2740093326845783 -0.22188833173735162 -0.17965805947569136 -0.14565512566152292 -0.11794891687075715 -0.09524925940293531 -0.07647653225962606 -0.06073116573416775 -0.04737604358724958 -0.03617491032570034 -0.027046944852238287 -0.019616769538085967 -0.01362216722002067 -0.00881690194861333 -0.004974758162308632 -0.0019613667209389574 0.00034180380289135795 0.0020332563850021593 0.0031720869800764676 0.0038034382210965236 0.003954537058698875 0.0036253219109451122 0.0029821749582716974 0.002224896297039587 0.0015471951650052036 0.0009104580762702981 0.0003980701601789937 0.00009072838380998122 0.000007459371639111465 0.000004838187811596626 -1.9928324862247517e-7 2.513252385076696e-7 7.973322174047076e-8 -4.9168992956950116e-8 -7.27144706819969e-9 7.985756131014794e-9 -9.402481308755928e-8 1.1033097072998896e-7 5.150471226369993e-7 -9.025398748763942e-7 -9.358678880219422e-7 0.0000016900992284162698 0.000006845309272710365 -0.000011210993898515997 -0.000029207013882577413 -0.000007445428001459262 -0.00013384753845806804 -0.0006247303902490164 -0.001708911275165648 -0.003734315756790112 -0.006027250623142948 -0.007914533789673215 -0.008929281008039691 -0.009008822044243319 -0.008123140489712237 -0.006169581932083627 -0.0028081859162838096 0.0025219488483477575 0.010245045019958255 0.020509385223945784 0.03476583858991327 0.05445282889169731 0.08090291811500383 0.11512295646904343 0.157794718318971 0.21019205200304675 0.274719499727764 0.35408209838646465 0.45013491372497705 0.5633536760042734 0.6905509926654191 0.8297085243170763 0.9813589069046369 1.1523708621311628 1.3371419630640482 1.5331505504472176 1.7414383145724759 1.966201836053741 2.197784000189479 2.4107252989830013 2.5565832915859854 2.591879719971661 2.487395100284534 2.2344629163739764 1.8906377816017588 1.5043270999563094 1.110372946874123 0.7153652233211095 0.32021609248960436 -0.07980555983327871 -0.4915119846265844 -0.918156796753398 -1.3449596277405511 -1.7437048126601054 -2.0895474467713435 -2.349991857631234 -2.488478434048208 -2.4754928519757016 -2.211548396076077 -1.6747777390484866 -0.9292471054797881 -0.09395886507196999 0.6821572460231312 1.2758134914993307 1.6506352522158791 1.808681676054357 1.788925427181483 1.6535773415204031 1.4173962181813573 1.093602510291836 0.6921921023120031 0.21770639623366528 -0.29488078119244376 -0.8176034881472538 -1.3394137642506294 -1.8431847625646616 -2.303542031839303 -2.684230411083285 -2.923442969215742 -2.9963353245757425 -2.90890561439306 -2.7000211830291816 -2.429196416806084 -2.13935849311174 -1.854813268718522 -1.586996574830825 -1.344818007442204 -1.1320711532934389 -0.9451282143040091 -0.7813832928861627 -0.6402988977277327 -0.5232802359984516 -0.42742427346058026 -0.34986260380558953 -0.2874672539926151 -0.23706850088915696 -0.19620627882345199 -0.16274945221148374 -0.13487328362097384 -0.11152379347870452 -0.09193526208285707 -0.07548862868399112 -0.061413360665070325 -0.049134986800876856 -0.03825688049364266 -0.028574575809123287 -0.02022190509691026 -0.013167619486982937 -0.007252089435482899 -0.0022901294099413904 0.001786767544535869 0.005006161623769648 0.0074262901567332985 0.008590575823081387 0.008058803526124496 0.005663496813968958 0.0032021720268086288 0.0013493444511921435 0.0002930171578060613 0.000018952059056429225 0.000017342813582216968 0.0000018095077473205436 1.6491427449529974e-7 -6.849987542035719e-7 3.477732954977767e-7 4.9617238149978794e-8 -4.858525548624513e-8 -1.8710786065248433e-7 2.220432490148943e-7 0.0000010078432524513763 -0.0000017568260411395436 -0.0000018761918477936401 0.0000031555020366348523 0.0000143204038184472 -0.000023148920637002145 -0.00006127530516706699 -0.000020042631440126615 -0.0003346742831739654 -0.0014596522498499386 -0.003820824107287588 -0.008078773817702986 -0.012344309984929306 -0.01494963430828106 -0.014991410055168618 -0.013069112765744966 -0.0093347009911353 -0.0035272481026683527 0.005135652856974236 0.01754177225665578 0.034525844083255215 0.0567411156328658 0.08709626760423383 0.1279164649990722 0.18099183485560502 0.24710385615638678 0.32843599685551306 0.42750116532895094 0.5466304914361234 0.6884777509509472 0.8544111012799319 1.0443436992097215 1.2558947218013086 1.4871787262025826 1.7370475579486746 2.0082032717689136 2.2860482888150493 2.56446961939377 2.849413152024794 3.135267468983251 3.4491952293617625 3.7942842814237125 4.074482110047774 4.183033754271045 4.044243997306331 3.635643355316106 3.0625931956479024 2.4006246671784948 1.701096419259748 0.9969107247990567 0.3020421862560602 -0.38441886950873655 -1.074714518672324 -1.773363538509019 -2.4555515329080917 -3.0757528365041087 -3.6004250708081815 -3.9856930595428812 -4.183346270681975 -4.156298837532042 -3.7547788453719644 -2.9231020419158598 -1.725296763628012 -0.34262092334710986 0.931757516700188 1.8596198539031996 2.446229516806088 2.719456269357536 2.741905441284452 2.5858455080382567 2.2788356675389516 1.8386515238218195 1.2771453827485975 0.6037934224831663 -0.1391858910944776 -0.9138115165630142 -1.6964134650799485 -2.45633201939147 -3.154880639509219 -3.7390410630064506 -4.105780266383264 -4.228220837086349 -4.125738943876301 -3.855505997472255 -3.5258784857618806 -3.1885370373451973 -2.845879145064374 -2.4894902370934777 -2.144239385575562 -1.8323280560266644 -1.5426151295955128 -1.2806378658029682 -1.052820496946384 -0.8658134543046825 -0.7118905944650555 -0.5862849231896997 -0.4848104819770838 -0.40288941638839 -0.33740718718919327 -0.28528491213249674 -0.24342337620298096 -0.2077178106106356 -0.17735827512338337 -0.15260103831733696 -0.13047293182753933 -0.11009684967800082 -0.09103293954720382 -0.0730525351727143 -0.056918434582566645 -0.04266558110514571 -0.029855749365603042 -0.01826899534903355 -0.00790816104564014 0.001232771961983116 0.009272307550183635 0.015673794840425675 0.018232765106074585 0.014324638273621343 0.008536293119525428 0.0035095828990649516 0.0007099767194659472 0.0000200624408558265 0.00004992752354423091 0.0000037040113795074967 -9.52193905873451e-8 -0.0000021189882082539226 0.0000011104591634092446 1.9412075494176702e-7 -1.7413032150676294e-7 -2.861237158853527e-7 3.46724147348452e-7 0.0000014920893037260901 -0.0000025743199080888638 -0.0000029042581196558713 0.0000042014878979744555 0.000024009504063690164 -0.00003811960874591936 -0.00010130124211264115 -0.000039211940741397455 -0.0006864864066662862 -0.0028550698819045975 -0.007031749195393679 -0.013351394809723886 -0.018740310323254912 -0.02083654409914072 -0.018757831872223924 -0.014205809764036032 -0.00727896908960316 0.002907388364872762 0.017717479114124444 0.03789824869827209 0.06469407788550624 0.10009058552840996 0.14815237029037281 0.2112041962104646 0.290556955810729 0.3868681105686831 0.5055963047286781 0.651297239559531 0.8244113658869769 1.025824189104146 1.2551206646806357 1.5117492342037553 1.7993735956118735 2.120306462187526 2.4699238275309487 2.829562584361945 3.1876149361792847 3.5411217182443373 3.9001510530062156 4.215090413753765 4.5640264166359215 5.00555684469076 5.403477020897857 5.5641745335554305 5.360037653086563 4.778400059614916 3.989483692930047 3.082261932925176 2.099916599052242 1.107942277603851 0.14241457645066966 -0.78940590308091 -1.7134017393269634 -2.6377733641720376 -3.536862151277159 -4.357036108420128 -5.043593684540158 -5.532796598089624 -5.7606106724553365 -5.679356590348406 -5.135246689106683 -4.038145611817693 -2.4126867111716788 -0.5293552200328357 1.1757936517485004 2.3673039066417823 3.136388705035366 3.530178114661408 3.619314129298486 3.467224078006558 3.1214518735056296 2.606004465408224 1.9352461357288278 1.1350076533716427 0.23690269301662248 -0.7207292179286613 -1.6944835940879803 -2.6346529100872007 -3.4956420518331117 -4.2258823617485195 -4.699282270897616 -4.895813467992071 -4.8452732671788095 -4.600882973824634 -4.299462138872162 -3.9853289044875373 -3.6330752154235606 -3.233670878299312 -2.824265650901814 -2.4398417720547285 -2.0632262684753764 -1.716832923704076 -1.4172047062928252 -1.1701847019787321 -0.9647566000385266 -0.7953309359376579 -0.6574940432402511 -0.5463553006509232 -0.45894361887341956 -0.39204686289178114 -0.34100032954437526 -0.2959089529645374 -0.2567582785108094 -0.22692578133077504 -0.1993556743389219 -0.17313937459884743 -0.14796845303479417 -0.12338875975448763 -0.10088172772074647 -0.08026717511489015 -0.060749615724437676 -0.04228702460170978 -0.0251208387854724 -0.00927839128459771 0.005342727288723245 0.01950180531586604 0.028941620581141594 0.026746945758649984 0.01742812476708407 0.0072776056857171735 0.001380972554838698 -0.00001195193934304936 0.00011552972692759823 0.000002370866541132909 -5.70630856486527e-7 -0.000003935590836992955 0.0000021193209689291867 4.6589416703155073e-7 -3.7874975496002305e-7 -3.544622703940291e-7 4.443629142172761e-7 0.0000017475209130698264 -0.0000029590512681417065 -0.0000036641486226531575 0.000003883592415659437 0.00003423432918938415 -0.00005326766263055543 -0.00013973710278562462 -0.0000699898665846032 -0.0011897389484907843 -0.004954791774801423 -0.011567068879360055 -0.018806022295291682 -0.02178384938637997 -0.019361721332794568 -0.016056483900029506 -0.010529693317410877 -0.0022657335844689917 0.010055557743644318 0.027931123243095435 0.052605006031252274 0.08478601556463322 0.12729457091787968 0.18377192407243798 0.25315361078966986 0.34212623047621543 0.4463858240769096 0.5811432885102024 0.7327188347013766 0.9212407749255778 1.12202053833232 1.3685232860066472 1.640076990843748 1.943475179164204 2.279984160801179 2.645259749317016 3.020788883148907 3.3997618608358273 3.7550498920605593 4.078093769025278 4.357915018670176 4.5654080417638525 4.84264731530632 5.076055742641636 5.116551738973235 4.6906935071961335 4.082161326921676 3.3410587930741062 2.451121759527449 1.5393300627032898 0.5393280728882374 -0.43790332200567855 -1.4241314858425467 -2.4194308132407873 -3.322877988948741 -4.207717962346664 -4.985154784386766 -5.582810273124749 -6.027879262973249 -6.225464723580824 -6.094661450187454 -5.476711101192685 -4.243464276994898 -2.5208887857722955 -0.4194379043366272 1.3501956577001786 2.6718804512813454 3.4474558505843187 3.93007964080688 4.065231531941432 3.9875689013411395 3.6895806545759102 3.233497565969559 2.5806964224127698 1.8101077450340497 0.9528980562605142 -0.000028371571847502202 -0.9393632521724603 -1.9168716926098963 -2.778916489473098 -3.5118327354997545 -4.061063743694351 -4.353993492415539 -4.419548528169584 -4.293181627248845 -4.0950383588379315 -3.8241351168399627 -3.512255536074043 -3.154432229046109 -2.7852714966886425 -2.3910623392972803 -2.0383876577866396 -1.6935022825708748 -1.4162016800006836 -1.1643565165993846 -0.9470007302314111 -0.7767130236468038 -0.6427999202150233 -0.5329138607742739 -0.4504968164343921 -0.38305075326248506 -0.33818974682346886 -0.2957243555761394 -0.2615476083991309 -0.2332443614903476 -0.2106929505569318 -0.18608579090324692 -0.16626982221829148 -0.14405575233109794 -0.12299153498417424 -0.10156924200838927 -0.08026573404096092 -0.06054800170413465 -0.04072356260000991 -0.02271708818488322 -0.005446788192301576 0.010832371416332991 0.025286669027649488 0.04129288287927521 0.03190212879241903 0.01328122059906625 0.002396287503707864 -0.00011715542038378494 0.00022892859781415087 -0.000006982250373195181 -9.37741386252373e-7 -0.000005717382705719806 0.0000031655950047692282 8.826826307826129e-7 -6.53582502488838e-7 -3.817147686245335e-7 4.94452861092705e-7 0.000001772597866010728 -0.0000029365558895736483 -0.000004027162355335548 0.0000028136137402531946 0.00004148286883403948 -0.0000632128638940243 -0.00016979255946781164 -0.00012652606951464834 -0.0017043945641881306 -0.006974768003866875 -0.015799113147773713 -0.02183785572972843 -0.019952998957648214 -0.018333021530857925 -0.01575504491795317 -0.011201211869026631 -0.0033497625402401712 0.007215967098673095 0.022181872701205696 0.04489102871551689 0.07385719437217352 0.11128111594491044 0.16446159698870164 0.22468508589014982 0.30591494925899176 0.4022286175840678 0.5197362111927368 0.6605149536412611 0.8255858090540683 1.0176300977404624 1.2298652704666184 1.486636709401298 1.76867794617927 2.085068794297587 2.420356089523926 2.770418009650416 3.125923115225848 3.4647941857621185 3.778409341750882 4.057050192832539 4.243308375995698 4.398714874147812 4.534925121982345 4.409890205828349 3.949698486265471 3.196367194632039 2.382978809999397 1.4658458519993587 0.5668692952014629 -0.3303812721312301 -1.2047159178178461 -2.079916202404427 -3.0261267751937324 -3.9175761183353957 -4.740509956980758 -5.450310468587016 -6.0156395074059965 -6.373123216042212 -6.490019727908035 -6.281716724460123 -5.679569248396166 -4.290949856942476 -2.539118332410588 -0.40620124859041046 1.2895514152648222 2.630615935310177 3.5366698578563445 3.990500443487464 4.243086490738655 4.203336983725239 4.00093297178256 3.6444494137544927 3.1206305748277767 2.371564753733157 1.5774274174598324 0.6945068802572454 -0.20095043843631435 -1.1174402881586665 -1.9944849312852395 -2.8065262499026 -3.404316564899449 -3.862033860561769 -3.9500015682660248 -3.8455088402864823 -3.656375856976163 -3.3607485472960055 -3.040208861537324 -2.692755455843228 -2.3544758435972386 -1.9988356502118438 -1.6733237880454719 -1.3843424786843803 -1.1273318895691862 -0.9093927208941318 -0.7322475685444824 -0.5942546360241546 -0.4855844622116044 -0.3951787263387603 -0.3378377134473118 -0.2925312985135804 -0.25715390319892234 -0.23281989791066082 -0.21132890303456914 -0.19317757825531343 -0.18011363984617307 -0.16519143763548078 -0.14905964079793152 -0.13357080013380765 -0.11581710109887539 -0.09831207446663377 -0.08008963161603139 -0.06183271721771761 -0.04388834016553112 -0.026485561791067487 -0.009757181809663416 0.006091243757397308 0.02058151660102969 0.03564892788957063 0.045276194392591645 0.018132961494792994 0.003206224725937756 -0.00017558440026268834 0.0003359175985538406 -0.000011896420191695751 -0.0000024188527372617957 -0.000007753330129227488 0.000004412048571018615 0.0000013620941128844386 -9.78932049258761e-7 -3.68322356540318e-7 4.898326339824122e-7 0.0000016213246167833975 -0.000002627942709133809 -0.000003971920113479518 0.0000017266289236528967 0.000043288876147490824 -0.00006432954882319938 -0.00018696193604865048 -0.0002087807045902136 -0.0020923507594042094 -0.008150860531114891 -0.017942833705567082 -0.01970251038363133 -0.01895356398607488 -0.01739692306550024 -0.015423343737638855 -0.01183854484016548 -0.0057757502553436035 0.004051124353859839 0.017029652593356523 0.034167749542431965 0.06265748864302269 0.09396590366341244 0.1409724156538863 0.19721998072755492 0.2668944707787899 0.3531918011981716 0.45155550758203195 0.5841624679028843 0.7249998595944378 0.9079204933227959 1.09329259563592 1.3270553515997228 1.5887807079604395 1.8684009790156855 2.1865315653341715 2.51205494651775 2.84270775170054 3.178403839090007 3.4784574314657273 3.7428052738202218 3.8798995665944167 4.0202910105055185 4.062773755078125 3.75215436178538 3.0569604344169945 2.287744297855429 1.4352678301820938 0.5109104812364677 -0.351786008652564 -1.211212442193524 -2.0604731212889056 -2.883981083272512 -3.6647891268448634 -4.462057103032333 -5.204822373710406 -5.8892560707974555 -6.384641785643707 -6.714178698149183 -6.7386579472066 -6.459039818419879 -5.859015858858281 -4.372355930490738 -2.5656151451496934 -0.4420342904461144 1.3500941647439082 2.61338603932488 3.567543763728315 4.149420200223091 4.390758830275616 4.474371013921972 4.317762137752216 4.027356194421776 3.602983541653336 2.929321054526175 2.1770847580914143 1.3659330514377819 0.4869566670291291 -0.3859829317346666 -1.2701359317914722 -2.114320114690812 -2.7476186179651125 -3.3557557484429905 -3.6016120542977474 -3.4553986370356187 -3.209048102028584 -2.8960362167195264 -2.5679984880900664 -2.2376537908107625 -1.9063692824421965 -1.5934262203620086 -1.320773069801624 -1.0587779743778387 -0.8437336852152133 -0.6609253161014185 -0.5212492886410045 -0.40346822978450253 -0.3203104908945785 -0.26645779976264206 -0.22786326987833455 -0.1947480664433465 -0.1793570129287754 -0.17022574285927863 -0.16089162715696276 -0.15572389114018131 -0.15078924218024561 -0.14282865473581033 -0.13432821556037738 -0.12267975641701527 -0.11020269720837413 -0.09524026356207402 -0.07987192030298867 -0.06377247634692114 -0.046934697210089804 -0.03032258425062917 -0.014015328300105124 0.0013247625915681468 0.01626711918488754 0.030704357372633412 0.04451996131932272 0.019996847186711134 0.0035362286390097264 -0.00013549114491224188 0.00040335071037653127 -0.000007027246963642127 -0.000005158056861036117 -0.000009958672353632383 0.0000057850437162445895 0.0000018065005178858786 -0.0000013044122337497825 -3.229368469582118e-7 4.367101174634044e-7 0.0000013678539391443566 -0.0000021771520774884536 -0.0000035682205947185587 0.0000011362915499032056 0.00003906239240655234 -0.00005594604574085311 -0.0001897858385475435 -0.0002980288140267479 -0.00226434803414437 -0.007991917040984097 -0.01679942922310818 -0.017422899369268705 -0.01677435822586413 -0.016056157653974817 -0.014844967460199967 -0.012092963334514081 -0.00742460973117064 0.0001264258694019165 0.012064184817834134 0.02670482935521968 0.04956071150497923 0.07874651543569215 0.11714137005840895 0.1666027606704039 0.2255565837854395 0.3032696646542735 0.3898438405984064 0.5007874707652556 0.6302797751009643 0.7813895614702626 0.9596973437277647 1.158922881364292 1.388818019764019 1.6417341607267066 1.9323595479803861 2.2261325177832094 2.5386417748565444 2.838702812413431 3.109191628503253 3.359715997876776 3.5837033197402577 3.6922909070035574 3.4650293935947447 2.9544459346163134 2.2824220550107097 1.3666431176269613 0.371675133659296 -0.5255746811526442 -1.323277342388858 -2.120792714015295 -2.9071593031069702 -3.6504114977565525 -4.345831194817253 -5.035282973048515 -5.673338000774273 -6.262691548178101 -6.7010544219261545 -6.9537999601019385 -7.045893309147892 -6.610310554961651 -5.915358696851 -4.5665036350209105 -2.6561672296153263 -0.5157463401431135 1.2732117172151027 2.64345935544086 3.513596064757477 4.242262976133754 4.5896665292176095 4.745554196223939 4.626430165428114 4.338820625032365 3.9731575410418145 3.4606155126207203 2.804337691836519 2.0397151916274 1.2437193636546253 0.3752379862116443 -0.48992320031020226 -1.2754957685854 -2.009139740581463 -2.585333432522708 -3.019752176556425 -2.984029697728436 -2.6740859644880444 -2.3787893432051486 -2.059845188335478 -1.7626244964335251 -1.4687423205465155 -1.1809609756526473 -0.944966922878345 -0.7295011969941526 -0.5611640504356441 -0.41427274015155396 -0.3006182802502895 -0.21936069597454094 -0.16721561512140262 -0.13112116907802066 -0.11295424016870079 -0.10480731248445388 -0.10866362528375854 -0.10887791840158519 -0.1156424662232543 -0.11996299364145466 -0.12107655396494103 -0.1215852967543073 -0.11861720771103866 -0.11263663444302517 -0.10397921311688563 -0.09308344545406991 -0.07950898458815357 -0.06544056835566513 -0.04998741876644355 -0.03409948605472781 -0.018652470105692008 -0.0032984101050151575 0.011651730517723715 0.026575562759495804 0.03842871066171457 0.01963705206650322 0.0035547145712230828 -0.00005411785578129293 0.00043744177124886225 0.0000014823903042716521 -0.00000784966926481729 -0.000011719420979195784 0.000006894429389519967 0.000002132863869083143 -0.0000015549260177133338 -2.5654935035600835e-7 3.47242392616152e-7 0.0000010788026681166941 -0.0000017057145123288548 -0.0000029056410901428686 0.0000012234441604465449 0.00002971236932887008 -0.0000401482662399123 -0.00017663991293733543 -0.0003920119240495351 -0.00215672403165829 -0.006749363530271334 -0.013478643462820898 -0.014146421832580717 -0.01414967799544694 -0.01398612906725503 -0.01348871916043614 -0.012158531156288474 -0.008522834825498581 -0.002506325504348665 0.005719693909665735 0.018775601327605355 0.03670129791206291 0.06164922496152019 0.094078771400341 0.1336258532680796 0.18811641385481695 0.24932098084973742 0.32471866794551923 0.4167324996572981 0.5310341609835361 0.6584998479508016 0.8051533920836416 0.9779204384055923 1.1730531999087326 1.3998785883866545 1.6442876823704773 1.9090633628968285 2.172332911837449 2.4456590359800137 2.713428163985537 2.926668160600115 3.1377563648246625 2.991445038105017 2.751282482977735 2.0866724521707942 1.1751723286956066 0.1729345346197618 -0.7749644872200913 -1.5891255107262294 -2.3503037645214557 -3.10151295987951 -3.7854002609380766 -4.407125907505444 -5.0185477470317785 -5.5893555780890845 -6.153943064096575 -6.627646235982673 -7.000360136627745 -7.246318761306155 -7.185770724725483 -6.7418493014643595 -6.00163220490713 -4.650981339641092 -2.813838303333229 -0.6521820826385031 1.1379616509242139 2.590749517446795 3.5595396753792268 4.2289050237129775 4.733667782486718 4.94150408239925 4.929386924039606 4.711053461363039 4.384684175350544 3.9636037732286376 3.449086949437403 2.7789768352873034 2.082822538650487 1.2631019313837983 0.44107994442263426 -0.37128440523100675 -1.188246331011942 -1.8707720389751317 -2.278797137732039 -2.2285849258645616 -2.016124390558719 -1.774623811038742 -1.501635105709439 -1.2403769485919036 -0.9840562553512581 -0.757566615296909 -0.5571913510884897 -0.39036094925806675 -0.25793335040826904 -0.15045662506886046 -0.0882287332997738 -0.0365611395005007 -0.01339187795026058 -0.0057687474301468785 -0.001488286288274804 -0.020338469734529976 -0.03416769938290853 -0.05296343985775032 -0.06854302696820133 -0.08325409979082705 -0.09568691177554263 -0.10369565144038435 -0.10582937656877255 -0.10332840740774021 -0.09951313203399675 -0.09133432668938886 -0.08094232742595045 -0.06774708381721786 -0.05348160877722619 -0.03864873460816791 -0.02319758090965863 -0.007961463914308423 0.007059581989004084 0.02216418544548249 0.0351606237951756 0.018660955790930005 0.003468078179500789 0.000022821369776342054 0.0004482524808420191 0.000009176845834499573 -0.000009660278121452239 -0.0000128071146901408 0.000007578439134947674 0.000002310955910844299 -0.0000016995587970897983 -1.7921857266753467e-7 2.385406712609983e-7 7.736424217775354e-7 -0.0000012294857362916468 -0.0000021018687450850025 0.0000016650773279554817 0.00001770386107323397 -0.000020686472894498565 -0.00015327160525826456 -0.0004812099335088891 -0.0018728632384995036 -0.004923875283740987 -0.009103522788166968 -0.009823803784566331 -0.01068633761164298 -0.0113255809226184 -0.011649195042190245 -0.011182725468044092 -0.009093817471449236 -0.005456300575222132 0.0014085094231214164 0.010292468621840049 0.024193145994140543 0.04445599952801398 0.0694349411748476 0.10546350183785023 0.14347521056491047 0.19826094458237284 0.25852637940990997 0.3273379133731713 0.4184872213879349 0.5267756176460632 0.6428572522760895 0.7928683904853571 0.9468390912793226 1.1271157397774272 1.3337171709115965 1.531058922163768 1.7619283342529206 1.970716644407851 2.118912301906331 2.2894467807822325 2.352217147525648 2.19550915893099 1.8008329474575349 0.8312812387383219 -0.22476706262916243 -1.1487438084356323 -1.9959093451117276 -2.7381387423133052 -3.444267667721415 -4.047694254832023 -4.649695025080405 -5.182448796951432 -5.69214444522635 -6.131440242669543 -6.611745170283114 -7.0158924205279165 -7.3594470154555856 -7.47721553854632 -7.296079053911162 -6.95767512942395 -6.0628118262527755 -4.737451922003923 -3.0062514057308607 -0.8232185027860401 1.0260239199714976 2.510237162651872 3.5179322516985048 4.322318660136685 4.7960638225485885 5.154141810909239 5.156547557069138 5.0544480782030545 4.806131882434156 4.519078808476504 4.085128952418949 3.6135985242491553 2.9729220578180935 2.302954418809788 1.5079146896356614 0.6546336882296019 -0.18746478484076204 -0.9146995291555304 -1.413225562045703 -1.363564303296514 -1.2627970249058298 -1.0617021514375475 -0.8843447824025907 -0.6607934682155878 -0.4757208936704625 -0.31643704558245356 -0.16551962356375352 -0.04499348425923785 0.04057876412930745 0.0983767478719173 0.13795884508190012 0.14463880681521055 0.13949741936428758 0.12380408263188253 0.0959617345987503 0.06476490692607696 0.03220776850471565 0.005610393398733686 -0.02855838738419592 -0.053066491036214476 -0.07307069337649244 -0.08565048660948824 -0.09449891203199719 -0.09844831871930242 -0.0961343495882868 -0.09104455141384954 -0.08185361413537359 -0.07116833734065213 -0.05737497208895819 -0.0429875071734003 -0.02795105462852418 -0.012698024697326367 0.0024865304948469566 0.017703518698380837 0.03299261878507999 0.017519062228573717 0.0033308106989337312 0.0000843529109086194 0.0004479787163306947 0.00001508318971573012 -0.000010895341105064646 -0.000013391208146401153 0.000007958201779854412 0.0000024051664184661928 -0.00000177906887510001 -9.805925409945987e-8 1.2526434833389795e-7 4.4834922746623427e-7 -7.187018401894051e-7 -0.0000012563123047819354 0.000002028670332295182 0.0000054594273437912156 -9.409222539846314e-7 -0.00012713428585457893 -0.000556990228555237 -0.001559459760293889 -0.0029828941429163674 -0.004428855368243927 -0.004954429153354774 -0.006258413232409742 -0.0076684086107909645 -0.009242853882205276 -0.009944355946901035 -0.009525160066909533 -0.007081795419983651 -0.003914320328321882 0.0026180662119525866 0.013202073554455681 0.02712256956376545 0.04542689261471923 0.07282611280087992 0.10183193914286814 0.14062769605078418 0.1896504548393684 0.2457677907487467 0.30982026142839186 0.38385210653523555 0.47554930580652743 0.5895040776097039 0.7090770995695479 0.833686195709842 0.9689186133704417 1.1215580376650056 1.2650318571245305 1.362921294378193 1.4620029624685111 1.5294323185348409 1.3145089994952408 1.1051754927026898 0.44881501668091983 -0.5098598749347962 -1.5661250993607692 -2.4983112485033905 -3.242527072590471 -3.930683302120288 -4.519374589836653 -5.038002375222981 -5.497200111939937 -5.941549935975537 -6.332516531480692 -6.705045308033624 -7.1183837385413415 -7.414577244163275 -7.675335621699531 -7.666327210353284 -7.451704263586187 -7.06490182051568 -6.170671268504804 -4.819186947657771 -3.0446909532809 -0.8932881246040926 0.8819092835059648 2.4249815548352087 3.467107576959122 4.28870567208489 4.8729235567909015 5.255938966928789 5.428337629337911 5.430708680547639 5.273229556157031 5.092865452315183 4.849849388451142 4.436564216655462 3.983527347794647 3.3442994707157725 2.6033164275442098 1.8356612756286914 1.0290314183740854 0.25180618528254717 -0.2908007312338349 -0.41881884653480234 -0.3462007937868411 -0.2930696087679072 -0.18325243984528014 -0.058450714873800116 0.06571841617233115 0.1594045280280938 0.24248933082932145 0.3014753572694639 0.3339824516376173 0.35719913571545114 0.3500904001911136 0.3234170796374937 0.29113835769529867 0.24848113120406604 0.1910526348007002 0.14749749939468373 0.09835508516296783 0.04895575908276609 0.012500132949186784 -0.024810619375088046 -0.0511077954435255 -0.07240305363015627 -0.08538287820090355 -0.09340223185905713 -0.09462035500306436 -0.09079764973212251 -0.08472014645845596 -0.07406205106462152 -0.06194019676401122 -0.04782350023351301 -0.03280568678702725 -0.017550972290794727 -0.0020730574311560953 0.013364210519690315 0.028110709911205387 0.016056681547101794 0.00311954424693724 0.0001410380123886854 0.00044609472076675993 0.00002044674738188199 -0.00001231036014216685 -0.000013834609873091112 0.000008279847019914417 0.0000025061450980494883 -0.0000018583227553534202 -1.3357872108818743e-8 5.3311617463337264e-9 1.207159847547109e-7 -2.1284371671813706e-7 -3.6398732442485976e-7 0.0000025497792307842123 -0.000007792925867360047 0.000020227192472549347 -0.00009717055157119167 -0.000624206295819945 -0.0011767744937714907 -0.0007246451951760869 0.0011436703971128657 0.0016542391704978568 -0.0012753440901290295 -0.0036455847285841426 -0.005932374359877567 -0.008019724423042555 -0.009575655263083531 -0.00943472963025574 -0.008021640132246436 -0.004580994567548473 -0.0006695236839962713 0.010198438967889474 0.021538858679913182 0.037525302571186456 0.06250354843187934 0.08095713515021537 0.11602484523743992 0.15389911667681788 0.19746315464734196 0.2464522418687858 0.30484884091131503 0.3623321499170449 0.44951305739754716 0.5201287107301343 0.5954340065168406 0.6572218875745991 0.7145002576855025 0.7284974345992464 0.715699490057765 0.5316120231315439 0.3102479556289742 -0.1543093806531704 -0.9696580005213913 -1.9537434237446694 -2.9355579281928845 -3.8852132348979747 -4.581685049994937 -5.124716624524415 -5.597297943383068 -5.984694664953769 -6.381350492639382 -6.6885962050703665 -6.9622226726553285 -7.2990761469437215 -7.606526415803718 -7.780155877898663 -7.923506289977351 -7.843240893825451 -7.593133233449908 -7.145667063667693 -6.178142354332871 -4.824119891482727 -3.026987881256131 -0.9866955110545125 0.824473704109923 2.3032430656213654 3.4602092907968993 4.309471338758036 4.922883178680409 5.388126453622403 5.662680417415316 5.69219505529169 5.7407708273369416 5.72256973218357 5.607115979462317 5.364934276669627 4.960980532970866 4.461810461276117 3.825163518810821 3.0879806726830092 2.330677077672721 1.5382017856631536 1.0549353339861842 0.7455324426828935 0.591105737064505 0.5458451080140725 0.5523543228973434 0.5815682223712849 0.6078544354369739 0.6306652978253464 0.6499880543732599 0.6404226006495106 0.6459558218349833 0.6096311230707397 0.554966618444979 0.5007111175399223 0.43498387065427424 0.362798470411987 0.28539081893371593 0.2176416391194701 0.15242710983593383 0.09700070576577999 0.0450997521337942 0.0036129696921240765 -0.036503278886243 -0.05929830552244831 -0.07957578084964567 -0.08882260055906707 -0.09381840309111632 -0.09228616975322436 -0.08774354672717638 -0.07833507940308854 -0.06633746001575211 -0.05261544639848231 -0.03780399897205851 -0.022243318725427542 -0.006603816029835199 0.009194673333440456 0.02437320754940348 0.014662859669380971 0.0029087157811061816 0.0001903779058885612 0.0004436938461248555 0.000025277942470215513 -0.000013658902382670943 -0.000014246734800710962 0.000008579903957626955 0.0000026010894703452084 -0.000001932658407943368 7.455363192470603e-8 -1.2053699506217804e-7 -2.097261190192997e-7 2.901373392358257e-7 5.700648212616519e-7 0.0000032060010183153143 -0.000021933453846630777 0.00004265954545277303 -0.00006385957056973401 -0.0006831965102515518 -0.0007341652603013356 0.0018203212387001898 0.007415456674645455 0.008148883382254852 0.004399773697813267 0.0010341125690051102 -0.002575573087552577 -0.005952546921396204 -0.009060674667847912 -0.011982175838381985 -0.012561221549128688 -0.013040410745188507 -0.011433281615439536 -0.010054711179975126 -0.0020734472649584093 0.003934990790371625 0.01501616048241027 0.02939768825145059 0.04696785013808748 0.056633227791582294 0.0749487341153303 0.10891101007696762 0.12533583098075693 0.14514642894987215 0.16885308898587187 0.19993512995842033 0.203496881967145 0.20392315631001312 0.1603949528844409 0.06046239050840634 -0.12115528286901238 -0.3677131996938717 -0.7425192863818674 -1.4302176801455957 -2.2570637287750954 -3.402965881796761 -4.396442057646285 -5.271913883581302 -5.8265525347379095 -6.290399142451426 -6.6712486303432055 -6.980685747926123 -7.186272906418916 -7.367265256670125 -7.558322806919089 -7.713187477468315 -7.935908248311657 -8.07141316223948 -8.123800685591602 -8.026630314466471 -7.748940876079588 -7.179005795621945 -6.211277844950525 -4.823720309772847 -3.0857156653501523 -1.0484207963137484 0.7722126007274055 2.2001221487336906 3.393635710239805 4.322545193355828 4.979791488182716 5.508951485869027 5.824325772809352 6.020737696166025 6.185124324391634 6.243275379212852 6.2676964187461 6.214207388703042 5.965096772840635 5.587480780993389 5.106943275613286 4.480613489696837 3.823213339328599 2.973696586890421 2.3230233825593856 1.8585804673529855 1.5730721074649698 1.3909212839819067 1.2677127360697078 1.206443063593571 1.1540643613195198 1.1110146094506959 1.043898359682848 1.003291470972168 0.9185204945709778 0.8404620888391788 0.7555731661960648 0.6675263934106455 0.5631436419602773 0.46376717634244025 0.37965092601081707 0.28584608592866895 0.20834540366260235 0.13682521713994694 0.07427784144097486 0.025969738903950403 -0.0178673577643746 -0.05196213812978298 -0.07383838787300515 -0.08709381316987692 -0.09421409056563844 -0.0943127550463406 -0.09117027200032399 -0.08245401275210855 -0.07118294895634089 -0.057445989836796524 -0.042711665302788464 -0.02678078881528495 -0.010853805929306112 0.005050140488328283 0.0207434586724918 0.013604090611684067 0.0027518449944669192 0.00023122348346182414 0.0004436331958050795 0.000029581299207843286 -0.000014859289403135961 -0.000014732169566267005 0.000008907271838496938 0.0000026945776648975964 -0.0000020074135078723122 1.6537777014254908e-7 -2.512894601012749e-7 -5.460703665979071e-7 7.980895862197466e-7 0.0000015404706290685127 0.000003936522034519001 -0.00003671334469872625 0.00006598933567928693 -0.000027683032468442972 -0.000732983245040756 -0.00024482633052120103 0.0045860488232960924 0.014155073587546 0.01508517550028869 0.010482578625447634 0.00560055541157742 0.0010678441500983989 -0.003984212807378218 -0.009015654659011607 -0.013351748926202577 -0.018128218184027874 -0.02121497971549403 -0.02431827554218762 -0.02788073797940602 -0.02789415541239869 -0.028623626998806682 -0.03004437023640503 -0.026747940172033607 -0.032028113088016966 -0.029915598787187823 -0.03118530270958521 -0.04076874994547852 -0.05533891120309928 -0.05043757682620187 -0.08828133754819134 -0.12812029387855736 -0.17714834696714402 -0.2599894343820549 -0.3875726663229865 -0.5750794362332668 -0.8293075619824276 -1.2587814552917043 -1.7904511453103078 -2.5209190442317655 -3.4049158859744764 -4.569920128746748 -5.689268795157304 -6.486277445531342 -7.040656009720595 -7.416848005976679 -7.63988017682165 -7.775023017830816 -7.7949346220968465 -7.9025015087292845 -8.010085364294676 -8.085484506136103 -8.193080141655049 -8.191375445527168 -8.16800893407815 -8.030464566062605 -7.678328498303372 -7.085256085442358 -6.156304441026263 -4.793435499162739 -3.0605062626803843 -1.1128405454311274 0.6635190096962273 2.1169575130299685 3.2886925031291505 4.248121421489445 5.039902231416056 5.606061380261838 6.048959327962793 6.335267518120676 6.6065918291588375 6.713604036186894 6.848402578179694 6.945820574162225 6.853883879435206 6.632909345203812 6.315184715784081 5.837756171947915 5.230389543381231 4.23860178539944 3.406334017507076 2.8894108254547586 2.4793982898928837 2.1967529900197076 1.9676825424488305 1.7880428893548794 1.65551280791781 1.5361819856243488 1.4196943473279857 1.3065806724075169 1.1941975571104164 1.0670025140321977 0.9380028004406 0.8136231959807885 0.6848067340211016 0.567316985824291 0.45258798885811785 0.35069779331479445 0.2537181247947018 0.17142888642522752 0.10116484411211188 0.04251455730991062 -0.0030327397735152224 -0.04323186647036394 -0.07029785682541329 -0.08644717036507461 -0.0951091368680771 -0.09740227477005362 -0.09406677081469242 -0.0872864641391968 -0.07560816601056952 -0.06221205571751057 -0.0472228989106699 -0.031176306250563977 -0.014990306858030406 0.001429404193203227 0.017365999210145762 0.012887554271411689 0.00265740115100313 0.00026741217186184525 0.00044657548937243624 0.00003357682612444071 -0.000015916150777129658 -0.00001529988881790949 0.000009268038580700109 0.0000027885202262094763 -0.0000020840534956580235 2.584619088984304e-7 -3.8499013865947326e-7 -8.926941436085368e-7 0.0000013228531954626481 0.000002535776808541722 0.0000046473981021222555 -0.00005172483763526879 0.00008964832313245483 0.000010359484344210604 -0.0007701465111554371 0.0002673187155392256 0.007497065472921491 0.02150966543311336 0.02275456167206954 0.016496229983164235 0.010443410899085516 0.004275472280987619 -0.002558731716476389 -0.008415440647661351 -0.015584240791217667 -0.022371063630111588 -0.03121946157988316 -0.03782236229335991 -0.04396425816981121 -0.054226051517049845 -0.06383464584331004 -0.07165862170156427 -0.08483031192838728 -0.10045838449529791 -0.12188386397288646 -0.1387113979381366 -0.1721192562283467 -0.21730267410156923 -0.2628961556462144 -0.32763175868555044 -0.4072023361787739 -0.5262772504740338 -0.6690221310340053 -0.8734150987440069 -1.1380570082968833 -1.4892622112381422 -1.9801533641175395 -2.6003896542107805 -3.409747385625651 -4.3941959122423775 -5.5776187660543695 -6.738971685406213 -7.601897801228642 -8.019641704589628 -8.297976625889357 -8.306778986188363 -8.287472652974321 -8.287460430012036 -8.281400090670402 -8.275990487586233 -8.271276726991664 -8.24353395202494 -8.167396055191624 -8.100616031863435 -7.991398104424726 -7.605383557257908 -6.982765919039768 -6.044384971272366 -4.727353980996397 -2.9641833230395256 -1.1372177103215653 0.5839990764253017 2.0006437693308143 3.1794331531976305 4.203387418773158 4.99856920891861 5.690788038806369 6.1454000420140895 6.560780282953356 6.911492243513875 7.1237444366790275 7.340302486111864 7.508704798352568 7.572403164626152 7.460377112431336 7.192832475326162 6.753846068201109 6.120053055056 5.2435664283667744 4.412394122492758 3.75750736866628 3.2252628848253138 2.8217067316863513 2.525968073988285 2.2961824330871248 2.101491640062936 1.9355539461258824 1.7595347909805064 1.5981186006596098 1.4215978576981976 1.253232209838672 1.094284848361882 0.9433522770028702 0.7921047215334034 0.6525438702354859 0.5217669597307087 0.4017409624592445 0.2965758814724656 0.2033150530004958 0.12401958161896824 0.05954328777003027 0.0050508594279984045 -0.03636469003551536 -0.06665707959341426 -0.08638996464293333 -0.0967180383898372 -0.1011263465963654 -0.09744530975519534 -0.09072896260337371 -0.08026773851451886 -0.06665344986604806 -0.05149574053067928 -0.03507578332667682 -0.01853172546880994 -0.0018518033967319138 0.015421675199565221 0.012126515169654066 0.0025648233668498846 0.0003107791193541186 0.0004501281908717802 0.00003793578416956291 -0.000017005628962084652 -0.000015850605145463456 0.000009624599428533838 0.0000028853051336248893 -0.000002162063948445626 3.469972405375962e-7 -5.122706206728291e-7 -0.0000012208649018927495 0.0000018177407628972421 0.0000034920279949180604 0.000005288164046540591 -0.0000658539967333007 0.000111607731993379 0.00004915059147620666 -0.0008017595012646479 0.0007914448235353408 0.010157777322201255 0.027641689375967237 0.02961843293495984 0.022287477232354275 0.015122873833252008 0.007327471043179699 -0.00006111416324545678 -0.009347554586116 -0.01793928263771363 -0.027869923315231943 -0.03884791724015418 -0.05081571162699711 -0.06302998300522276 -0.07821904620516185 -0.09591871252447434 -0.11551230377141891 -0.13736618724493946 -0.16598380684136155 -0.19715560366879561 -0.23878665876206953 -0.2958452586735659 -0.34654457266344635 -0.4415180262716446 -0.5343956032171024 -0.6669227618379375 -0.8035051401054025 -1.0101957742364227 -1.283712689899609 -1.597986572140398 -2.022062201211933 -2.5348053403544655 -3.1787807992991426 -4.0154578468936 -4.964700585726278 -6.032616751107603 -7.221726966776247 -8.20929131846651 -8.480989041045698 -8.626743435760154 -8.695371335170604 -8.615952481155261 -8.549410819247246 -8.46533175838568 -8.379520685316386 -8.25571541535075 -8.164748318373068 -8.040948174302027 -7.962825835408676 -7.8774625838926 -7.5580855902199255 -6.883420027102998 -5.900398265431257 -4.700370566328462 -3.0090421442594875 -1.1658384952922067 0.501402241902887 1.8856092934639843 3.0663574681328707 4.1068793824719165 4.921311877873367 5.625348720321068 6.181675988216259 6.663759029837319 7.076511062306876 7.45924006363872 7.730837245665228 7.990000852239276 7.960958330567836 8.01359539452917 7.752293427790998 7.377130247595948 6.632257897259678 5.696034043005677 4.925875999013734 4.3007746549983334 3.7886523515991755 3.373193460673361 3.0162925762150192 2.725801405692336 2.4825141547444005 2.2423070694385276 2.032293139688235 1.8139474947152834 1.6067700424401923 1.423618965226759 1.2369683965077711 1.0499954718690574 0.8859777305029919 0.7221596862363047 0.5814278669787862 0.4496498593514832 0.3278115966912008 0.23003145371530945 0.14211614839163286 0.07192407341839664 0.010395311732487453 -0.03202505174628441 -0.0657677172068374 -0.0861636000396793 -0.09938170190220809 -0.10400956388983221 -0.10139437724740763 -0.09434928324351423 -0.08408049372701641 -0.07070263032145827 -0.05516530928480825 -0.03864029187527713 -0.021780423032366922 -0.004725515772020442 0.012721383810391028 0.011283147976031417 0.0024688524111378188 0.0003627106428881179 0.0004553824258551466 0.00004277813704694772 -0.000018218498763624562 -0.000016414219988807406 0.000009999816128334723 0.0000029953989112779574 -0.0000022485529210982878 4.274590582995848e-7 -6.28770139966957e-7 -0.0000015130601729734693 0.000002253257575927154 0.0000043700069832629894 0.0000059178362613233 -0.00007883904395003019 0.00013156150204355645 0.00008667951771106032 -0.0008264443560549493 0.0013077574941437087 0.012598767545756074 0.0329361002418892 0.03673493990517107 0.027537861215196434 0.01952921221601885 0.010475912061081867 0.0009623582241483213 -0.009162050553588484 -0.021225564271279754 -0.034126228577581734 -0.047623211609118525 -0.0628525172348425 -0.08194823202910155 -0.10172339661410792 -0.12473042600745549 -0.15166951091254743 -0.1862152641964721 -0.2248649281460307 -0.2734008861161916 -0.32856472203647097 -0.3983414620188538 -0.4778208025417716 -0.5761820952652638 -0.7025208317417271 -0.8465993289632971 -1.026080278677784 -1.2724499969926308 -1.5434180659410814 -1.9198387122700775 -2.3600950292607217 -2.8769090614039285 -3.528111845814234 -4.252526971864624 -5.187047246777424 -6.256693400804987 -7.388298347062948 -8.277581142490261 -8.645286015562965 -8.827048086557785 -8.690397644145044 -8.573525356497973 -8.42747802578367 -8.326475771607344 -8.212307553712959 -8.147093837645668 -7.995207958262661 -7.825952685242968 -7.736170613561866 -7.605884093935835 -7.298235791789023 -6.691399555685582 -5.792034543154871 -4.559566059701927 -3.0752883057440727 -1.2422491629755643 0.4050543739546542 1.7808732317326466 2.9311957466096943 3.9044859333395636 4.730046989342807 5.396264885816234 6.0792369401060355 6.609542238829588 7.076895746878041 7.473103101853684 7.828374413126775 8.033151878817431 8.095033376554708 7.945976233608156 7.746033693053172 7.382294180639405 6.759885002318991 5.987377886910025 5.276786386773053 4.6424569543325065 4.134200654759089 3.7028399566800894 3.32286915697922 3.024050679519386 2.731206454285301 2.482609340299196 2.2328428579171935 1.9872999651114727 1.7751395441923994 1.5493771170306354 1.33535405846319 1.1415978749283338 0.9556564722922792 0.7825091408301874 0.6276566084092509 0.4841845743140886 0.3558849890921392 0.24654857339302688 0.15684240062623028 0.08155648194409693 0.01681425449806381 -0.028379391814045824 -0.0646934457604362 -0.08863235603174567 -0.10089136775802061 -0.10645933141312916 -0.10525291690107651 -0.09824045912688294 -0.08749982646726806 -0.07389494811861069 -0.05827401109321061 -0.04162933992005378 -0.024632765945400023 -0.007280219937291582 0.010735440196362784 0.01049039007814252 0.002382833169632651 0.00041438706507184527 0.00046163037139713276 0.00004743213714125548 -0.00001940251733617072 -0.00001694601093926479 0.000010358905509799226 0.000003105699956858912 -0.000002333844364998772 4.988647557252594e-7 -7.339309801986097e-7 -0.000001760658669846537 0.0000026134409660230643 0.000005152657923620072 0.000006656920723985054 -0.0000909885719226674 0.00015028716704295215 0.00012089621371758065 -0.0008389940206783388 0.0017975634584378732 0.015088773314140547 0.039113091519919596 0.04276564677699694 0.032757439136516735 0.023065560868166936 0.013187701419342 0.0017237018012893435 -0.011000456054144722 -0.024055646359722845 -0.03980099950665611 -0.056159991194822484 -0.07637946490654422 -0.09943055665519916 -0.12468000193046838 -0.152126632691907 -0.18681131015599162 -0.22845917575457556 -0.276530584266206 -0.3324173440656231 -0.4010355281289031 -0.48081438965199874 -0.5747603520018321 -0.6886232195664005 -0.8259913377913707 -0.9946842570278034 -1.1808527683005923 -1.4296336565621932 -1.7231067159652174 -2.0650689991016384 -2.50633052005037 -2.9905958180859464 -3.6111100965861627 -4.335581088559254 -5.102380524921459 -5.964352605917743 -6.905378848282742 -7.907432104987405 -8.566342960629548 -8.525611841913276 -8.397407714685595 -8.25907284002868 -8.122158730308518 -8.024668405257767 -7.918658148863754 -7.797059242736318 -7.685657287760128 -7.555680619602499 -7.428352894970565 -7.287691847576999 -6.943304142296043 -6.4140784459968305 -5.554379225578276 -4.435819972499227 -2.964147993760868 -1.2688691653552884 0.3412393304430637 1.6495024753454324 2.7911634617409264 3.6926897833640284 4.475132092308484 5.168890566075686 5.803599091165264 6.36315343490996 6.90305256282066 7.302343473864656 7.57684272228695 7.754777686150074 7.883911470150958 7.727741006984647 7.424690171897339 7.203479473955707 6.610617836928678 5.898192773021746 5.2372757638724 4.710404273158857 4.222389968974619 3.846681648548639 3.4973339690145635 3.175326774956445 2.887934258828533 2.6138217063754174 2.3597837612332353 2.1205662406230976 1.872114071134279 1.6411295866563493 1.4192437051795332 1.2024248019223176 1.006580033105871 0.8243670041051699 0.6577710854385904 0.5108200139789976 0.376894633743961 0.2635303071743683 0.16398273774499858 0.08745347794520732 0.0205106952942848 -0.027349408397280596 -0.06335967761296708 -0.09170948283856738 -0.10203333191929417 -0.10826257370329119 -0.10827710558520033 -0.10104694325389872 -0.09016126355480711 -0.0764212360213427 -0.06090052542383041 -0.04391130751199349 -0.026612982768519686 -0.00893380734681786 0.009191382977393291 0.009973554360797655 0.00233031195238367 0.0004513821966081516 0.0004670455485749505 0.00005078816504644873 -0.000020264372205015745 -0.000017356734287167506 0.000010632964282724915 0.000003189131308706036 -0.0000023983377770448797 5.608595747871034e-7 -8.277327121979713e-7 -0.0000019582041727702787 0.0000028860248327695056 0.000005848152274225647 0.000007497296539287355 -0.00010219729562526562 0.00016724656711193924 0.00015405967355405708 -0.000849818675255315 0.002296857380286579 0.01737975642355269 0.04479408285027399 0.04861220883816992 0.036986477138721136 0.026795426556985025 0.014698419849107518 0.00183869922760089 -0.012191031270394942 -0.02788876629010625 -0.04582645803043537 -0.06556935965478325 -0.0891735460381195 -0.1144636008814485 -0.14424293394461013 -0.17842734041666183 -0.21712135164997057 -0.2614961468067667 -0.3158891419165888 -0.37763525296606715 -0.4469072432528515 -0.5362744646107988 -0.6327317468828974 -0.746424730899044 -0.8874786159089307 -1.042370865652822 -1.2382260099132425 -1.4634538938766006 -1.7289846379990914 -2.0311667923076597 -2.444734425258883 -2.87121284357126 -3.388712183914032 -3.9729989335699356 -4.596090749871435 -5.3481097420962325 -6.162775090935076 -6.995469598467519 -7.634727445094212 -7.673120152743202 -7.572421151246983 -7.577771964679399 -7.595452628191594 -7.491102494450793 -7.409995696822984 -7.337754806678666 -7.255461778263644 -7.119733262496391 -7.0620812432374205 -6.914484108117933 -6.561828330026045 -6.051948951018083 -5.254627272629574 -4.325750642299244 -2.9400961492051567 -1.220282640163864 0.33292634534273563 1.5276281469513897 2.5719609671207175 3.417241771771561 4.201801447152638 4.8877648989104285 5.4584186415770475 5.960888823529986 6.471613823950678 6.847004515279144 7.178471738470909 7.385385772972102 7.529649886863651 7.267055410895207 6.877714928078299 6.610364138636534 6.094275717674074 5.5727964045570495 5.057513224826159 4.569943451101887 4.172532477802779 3.7865109219300828 3.491141995070937 3.2086594085794764 2.954092298992515 2.6864649516595787 2.4240991642431045 2.173899709840854 1.9226369582706249 1.680872013026868 1.453219761681153 1.2363972530713363 1.0367637464685668 0.8477194840926685 0.6767119800402331 0.5254691540540374 0.3876242867599296 0.2707484447592516 0.17109217430060836 0.09083315720328083 0.022695483837503704 -0.02661784225447447 -0.06485935495457755 -0.09041717298624771 -0.10510838379541307 -0.11077496961649734 -0.1100957703253081 -0.10308389228234444 -0.09208729776716645 -0.0784213353184789 -0.06260441734326477 -0.045831511085107635 -0.028070857942356208 -0.010472882217059767 0.008099660228965128 0.009881250521265442 0.002327232670829258 0.0004638247816169798 0.00047028299662016604 0.00005209297351690169 -0.00002059920761150371 -0.00001758547966433765 0.000010774478810635892 0.000003226571153034587 -0.0000024282912211196298 6.127019067765866e-7 -9.093836220128883e-7 -0.0000021020813242088163 0.000003065936158952312 0.000006437499405512705 0.000008519222827892862 -0.00011267544379984888 0.0001831695497987312 0.00018330925401229873 -0.0008518787755309261 0.0027694631112323356 0.019750119995478474 0.05091909109234955 0.053665176890030704 0.04112512820104369 0.029234897127167772 0.015822362429998616 0.001868843779023565 -0.01414959784771246 -0.032090884555041645 -0.05133444840240941 -0.07526469236496888 -0.10108570706094894 -0.12899556089381217 -0.16320834337914267 -0.19992610672521718 -0.24321992061056044 -0.29091685501942005 -0.34614257256697106 -0.40828969178412994 -0.4843905025617767 -0.5661957659657612 -0.6618693809120275 -0.7755848821840818 -0.9032058205890561 -1.059470384763051 -1.2280205975555374 -1.408142031088528 -1.6351923336889964 -1.9050106031497906 -2.2106169344188094 -2.5629859780157975 -2.9600129128788772 -3.39141404567057 -3.8936513650583455 -4.433006090826162 -5.0282182504900925 -5.6888412802367 -6.27629241698949 -6.55874882832239 -6.653411403677521 -6.638907791537064 -6.704298496373752 -6.727337824118143 -6.64355923703869 -6.668816956826725 -6.620544084522187 -6.595564720547659 -6.502916606343494 -6.397523902248498 -6.127711113037047 -5.620981079731895 -4.95923068976054 -4.065421463522613 -2.8137045809152257 -1.1137384416893004 0.23912316431040181 1.38717507217711 2.3200997575745492 3.110583215985462 3.8317450802291817 4.458312829560368 4.972990388178371 5.494407098856731 5.927797315928967 6.254843858378118 6.5646280698261235 6.791253425092971 6.8091042232435495 6.575754546989969 6.155450014599558 5.8685245532267105 5.436063466015022 4.984159794783718 4.5423637526344995 4.251440652071313 3.918270499560464 3.643948276362713 3.3697538544712176 3.123478474266281 2.8543459213582936 2.63592458286616 2.399177505329595 2.1604882979383113 1.921295382419594 1.686977010859149 1.4580670887354852 1.242908602262472 1.0427716077308338 0.8534885917678686 0.6816053637253422 0.528243539929335 0.3916443735775753 0.27191431940664695 0.17608337787525924 0.08784121203750904 0.025029562277835947 -0.029356627935922842 -0.06478756470653546 -0.09172675975476961 -0.10629290678686913 -0.11317030047228747 -0.11130391007658992 -0.10440745515442103 -0.09325439954680412 -0.07994990406384615 -0.06364364326588255 -0.04669734208540299 -0.028899008930467398 -0.011079048789784787 0.007681431485904866 0.009948951344122365 0.002329754731599461 0.000457248057088289 0.00046951073322128005 0.00005166557858098195 -0.00002052102168046138 -0.000017567092257176023 0.000010758025704263555 0.000003219028157534059 -0.000002422986639872247 6.537256747145241e-7 -9.763929142925322e-7 -0.0000022002996376348438 0.0000031733764007202113 0.000006906222970010729 0.000009583390814547668 -0.00012186064198745602 0.00019729908068043763 0.00020707415146217181 -0.0008410797802402312 0.0031775640342347968 0.022096911257073228 0.05642633293354261 0.058120913867974126 0.04425963849575937 0.030668037744745313 0.017003171165620553 0.0006827292147106609 -0.01622929180228883 -0.03575411301886068 -0.05835898283246778 -0.08369560494785945 -0.11130509158057388 -0.1432776235921643 -0.17939197661816358 -0.2186121436364275 -0.2637677458969947 -0.3124395751015516 -0.3682457464384397 -0.4291409021596156 -0.49559075786892787 -0.5711534983358423 -0.6627954669079708 -0.7570258761658347 -0.8742041848489742 -0.9804445583994837 -1.0994134142311611 -1.2541845161179042 -1.4256145677809016 -1.6156452023276011 -1.8233466406104866 -2.115566813239747 -2.351328652812689 -2.6318705752654883 -2.9377297241913523 -3.2877569315045374 -3.6984784362026826 -4.173590982428203 -4.732735715347663 -5.0969315025143525 -5.3472800306155355 -5.597704157747116 -5.731409113032902 -5.857444414434498 -5.876646239757175 -5.892178480321862 -5.916653293806348 -5.945569458104963 -5.884982128670093 -5.742941924981201 -5.609715637042211 -5.166715488927944 -4.580192010922384 -3.787702561585205 -2.6162399754262093 -1.0953846268584417 0.17895927342975385 1.206273667547169 2.0089224639011136 2.735127815908267 3.3839303891946604 3.935078365402099 4.433131596649106 4.832327482711615 5.267563825318349 5.532845210991333 5.761314147203322 5.936508582682796 5.97502451097274 5.710470679072004 5.322789082569392 4.956215682921649 4.571828728253743 4.247957346218142 3.9679590626908854 3.6741580402427316 3.4697638859903743 3.2791553192747362 3.095739804807096 2.912280109381717 2.7532798329489254 2.516389948853616 2.30772680738558 2.084482165613002 1.8750984627744554 1.6548089250485507 1.433257208664952 1.222506680213308 1.0297986871570355 0.8447773134436047 0.6761475028559653 0.5234700429524204 0.38754661826174885 0.27096381406755726 0.17234110638465236 0.0871148853535665 0.02280380487455271 -0.029218352723523244 -0.06710218983212739 -0.09136000129858106 -0.10877961877632429 -0.11329824183910994 -0.11220420567656327 -0.10466148101593487 -0.09347181420782917 -0.08025544924978154 -0.0638908900387724 -0.04685624394698679 -0.029085239105223443 -0.011279821515904816 0.007627578537480312 0.00991978830036587 0.002304714969207568 0.00044345175421922926 0.0004647643171916141 0.000050396492105744456 -0.000020252605253541227 -0.000017334550760005467 0.000010617153980966456 0.000003182229245778294 -0.0000023936518676212818 6.836911893993393e-7 -0.0000010237928631439828 -0.0000022804565912586002 0.000003268807864663778 0.000007267629778627703 0.000010092862314492873 -0.000127578653732756 0.00020529975584600906 0.00022978370680398066 -0.0008312662763276244 0.0035323345533407307 0.02325296073014353 0.05774556862391085 0.061428247738004954 0.04646267094186709 0.03239588301142142 0.01658347405215868 -0.00045563881962328424 -0.01903166068151564 -0.04041377195316113 -0.06530123547271387 -0.09079433530985467 -0.12181200747743363 -0.15522899825473932 -0.19289473993472794 -0.23380970933906653 -0.27869082363744785 -0.3271831878477636 -0.3798087794569143 -0.43400561904220825 -0.4931202295746959 -0.5674080666626854 -0.6308360987299148 -0.7052621437524776 -0.7707336303663107 -0.8461494356187994 -0.940189461683828 -1.023528016867657 -1.1084432750597044 -1.2132208564494704 -1.3046700733742123 -1.4574464852972735 -1.59355191494598 -1.6967791486144888 -1.8460090896026609 -2.0607814760228966 -2.3056836177633455 -2.6324410317227573 -3.0164180330087973 -3.4918896626933456 -3.9163319312779756 -4.2597191459115775 -4.634467200791011 -4.857183730863295 -4.928355553350544 -5.030023707521314 -5.142224023098121 -5.171377197826142 -5.190419939570138 -5.090519987598892 -4.958531135359509 -4.655127894583752 -4.127315734722123 -3.448632439005849 -2.3740034979493556 -1.1097066742266997 0.022586351139587846 0.9564760336962754 1.63692230956903 2.2646824528697582 2.8539848923606197 3.3487771197775458 3.7552333865375194 4.1254460361389516 4.442097352809242 4.67445360194479 4.850757997533624 4.928554277722578 4.837306373323636 4.5581194405167755 4.1725801649707215 3.8821080906672045 3.6358980182696734 3.3780303017927236 3.2298276665070946 3.0781399337605793 2.9498654030971427 2.846177780793247 2.7127465865363476 2.606442835439307 2.4714233733801443 2.3365015662181468 2.166258761720411 1.980306150980881 1.7825813662071384 1.585943493115156 1.3842599111375506 1.1836786447099081 0.9970653932442751 0.8209135007247922 0.6571068137234911 0.511213977181862 0.37846989051364943 0.26533425635904984 0.16484014501086702 0.08533689378358698 0.01840051505354803 -0.03172819925992638 -0.06640952662512255 -0.09319766444811972 -0.10861404712888875 -0.11256523883599118 -0.11210829005994034 -0.10435844215415639 -0.09370660437134923 -0.07952004702645883 -0.06359841654396488 -0.04631132792461448 -0.028498148769470294 -0.010739030495454719 0.007937619717582308 0.009792769787852937 0.0022727206816264196 0.0004361616958771241 0.0004595636258910766 0.00004955151255429548 -0.00002001740900527977 -0.000017095151264619047 0.000010475404047659775 0.0000031454420519721238 -0.0000023645542610308974 7.0255842716865e-7 -0.0000010515464062676349 -0.0000023450584790368502 0.0000033609796044021228 0.0000074873477105616006 0.000010219712118198844 -0.00013051301361312917 0.0002094123378114673 0.00024405974781447988 -0.0007961739149752364 0.003733467812974708 0.024075999745005433 0.05962108105381161 0.06411357464928788 0.04833963290715954 0.03281914862254686 0.015901469120466253 -0.002056912862886577 -0.021896892661944275 -0.045168817413401265 -0.07042858740519804 -0.09879826953905527 -0.131587138420581 -0.1657335590617268 -0.2043247169582249 -0.24549973149104604 -0.28888837695089714 -0.3342469414086577 -0.3791277650398053 -0.4289405352040173 -0.47853660562960526 -0.5274914099343658 -0.5764234799431689 -0.6077857167756505 -0.6557415107332538 -0.6779081396914289 -0.7095129695291623 -0.7375140166720738 -0.7428490964491582 -0.7334828318185065 -0.7605507714173464 -0.7251452801284213 -0.7160994157672461 -0.7228059385040163 -0.69666822825088 -0.7071376644729704 -0.847122713479374 -1.0515929291733122 -1.4125888222451282 -1.881089155615762 -2.4728117477644886 -2.9322742975809937 -3.39826976824976 -3.765207513492468 -3.9509961032504086 -4.048184627206416 -4.18467805856768 -4.286773672521857 -4.356483820359266 -4.3595894707527245 -4.237592392584735 -4.0828714952855405 -3.6097456715709404 -3.060036934768875 -2.125114274914687 -1.0816619707321993 -0.17861198003593565 0.5936213284860772 1.2621512631404421 1.7731071325667873 2.214136262582138 2.6077621765887535 2.9655531178735903 3.264016654507409 3.499270438227514 3.7193672563146354 3.828605580649744 3.8203637931502055 3.599262103142184 3.2736269238399065 2.9742847845539955 2.74866804005997 2.610242802042446 2.513064825859261 2.41045627143818 2.3880470278333856 2.3709551461491802 2.3267588566782966 2.3067583175004387 2.2369155647403525 2.177826206532513 2.0758525104782537 1.950563555499831 1.815688908962501 1.645554905966064 1.479774082783164 1.3051122125072747 1.1291337743862606 0.9518482945968715 0.7876873102083253 0.6290153331015671 0.48927986326820055 0.3631870127166722 0.2542173821885054 0.15700124407588 0.07793778340856465 0.014595601080694062 -0.033631674773434685 -0.06755951629620442 -0.09363892810285317 -0.1086249323391997 -0.11220954845028686 -0.11068139465978766 -0.1034214353065574 -0.09243672244223405 -0.0782326144684798 -0.061950150343784136 -0.04488872915564369 -0.02740669472643502 -0.009746944368651596 0.008619553349386353 0.009755028883037423 0.002260829998607221 0.00042933008979933736 0.00045479032626390066 0.00004865939534122351 -0.000019700856682719515 -0.000016848869062762006 0.000010325066600402776 0.0000031035901758085296 -0.000002332054910004972 7.111886613837104e-7 -0.0000010636733621839519 -0.0000023788914426986737 0.000003413313368693465 0.000007580496647925379 0.000010251224501205306 -0.0001317774706646267 0.00021140772483794614 0.00025077076529801776 -0.0007419127873969102 0.0038222440633162765 0.024879368039248537 0.06272147010355598 0.0659543897346126 0.04885163663884749 0.03288991892964845 0.015250761463792154 -0.0039734399406448385 -0.02517979387288523 -0.04950331891641809 -0.07628530384678757 -0.10614262074137015 -0.1396675679984007 -0.17523658521776841 -0.2138930036336189 -0.25408704654190106 -0.29607960145185064 -0.33516852783241835 -0.3785026185039095 -0.41579628955683234 -0.4497007100748229 -0.47872271465063393 -0.4999296795568872 -0.5107851265602248 -0.4958897043726376 -0.48166756139277056 -0.471409945464251 -0.3881371150271759 -0.31593668524273366 -0.22059537931900333 -0.11389337921418205 0.047571231375770906 0.202399435186115 0.3515044101119671 0.5112095102212257 0.609890964942081 0.6520320277422046 0.45932263591962996 0.1343681792445907 -0.44613335640007845 -1.1319403572367506 -1.6809436299266842 -2.1782967535353475 -2.5948444252000886 -2.8759797970430614 -3.0552765367347976 -3.1979092329392387 -3.3263759501409713 -3.447864195854249 -3.5505592103609476 -3.5179075700537066 -3.3487765448807862 -3.091679927921977 -2.5737178925908717 -1.9750698409111291 -1.066618912886355 -0.3398639922406381 0.2614377178238561 0.7407177646139416 1.1676012143070686 1.5248279367513446 1.786498122526666 1.9774579288898582 2.2399323096498263 2.4694148128040636 2.64469939200623 2.727612143842271 2.667914425484281 2.3249653816932496 2.00003022012194 1.8106412179706648 1.6752281101040114 1.6178196727445069 1.5808655531681906 1.5903494441978925 1.6301223979671948 1.7198525722720026 1.7848892967417587 1.8285519100799452 1.859486870216147 1.8253320296936868 1.8158309367482852 1.7206013606462558 1.6233917477679038 1.502434984128603 1.3536928165336781 1.2028326068449013 1.0491269535744328 0.895133471863471 0.7399538013664544 0.593585702802973 0.4614460565933906 0.34291288492529587 0.2372140674309879 0.14454488525049075 0.06973133241649815 0.011098178965310311 -0.037091768794264686 -0.0683086721202603 -0.09445008815898655 -0.10720822983364921 -0.11126037721228066 -0.10840381710336264 -0.10149610022871611 -0.09041096877743854 -0.07554142562742806 -0.059895033798195205 -0.04307959678633449 -0.025655767437900552 -0.008163147974430938 0.009747158655667153 0.01002290109193543 0.002289500257775511 0.0004084911994066225 0.00044947758102638146 0.000046496856612098715 -0.00001904506609752648 -0.000016485207654383793 0.000010090754037164317 0.0000030344252502096907 -0.000002278560948944027 7.109055764803372e-7 -0.000001066351693089094 -0.0000023563896998521025 0.0000033623314280913526 0.0000075969099659058735 0.000010495640872333504 -0.00013254939152574865 0.00021225496365448538 0.0002570092260312427 -0.0006985680324826281 0.003940610511828618 0.025473211220481008 0.06484682714973064 0.06702663097800424 0.04915768273892858 0.03262325781660876 0.013876850938466457 -0.0060913436865957125 -0.028410088935303324 -0.053706805454837046 -0.08138914741906696 -0.11292404507210824 -0.1468145390615711 -0.18301615977175165 -0.22096525149721516 -0.2598416453459676 -0.2968677902169206 -0.3341223403268673 -0.36716080490933706 -0.3936663388173374 -0.41520494374611205 -0.42434329442907753 -0.40854368724626244 -0.38828600107895167 -0.3440454350156708 -0.28680372413899996 -0.15339625036983162 -0.038616013483269554 0.145955429416052 0.32551761113509775 0.5900733237390642 0.827644422979064 1.1173486237358132 1.4201087382729078 1.7087150758353107 1.9491336306237572 2.0154782501230604 1.9129699170916354 1.6330374776471575 1.0179309189098429 0.2166727840613638 -0.42964626480399565 -0.9571836054285676 -1.4585542515372922 -1.779892795813377 -2.0283499528855704 -2.2113266051241696 -2.3535612732208446 -2.491243716845444 -2.6463365384878506 -2.757765010798584 -2.63225728122455 -2.4866720445835466 -2.1705591115967264 -1.6994438808798522 -1.131646608349976 -0.6059496572216554 -0.19956662448144755 0.139407124929005 0.4512952406791565 0.6193328662387668 0.8012840744156875 0.9744228993447475 1.171841646137461 1.3945502908264475 1.5398270238162644 1.6277045312130172 1.545643766158376 1.1962489452731113 0.8420395635871556 0.6446253721056783 0.6355920436732755 0.6133381579309803 0.6461048552601417 0.7390323381070646 0.882729799309244 1.038551954247405 1.1956186410158738 1.3111466954774567 1.4136310347338854 1.4768872199808105 1.4843660837972885 1.4726870900965703 1.4123226425706368 1.324283749017073 1.2183575420578203 1.09251506948691 0.9600715082383896 0.8197905592734096 0.6858799890942968 0.5525173185696692 0.4307788462085496 0.3190174570663481 0.21784313635481428 0.13202917535781425 0.06274135447930776 0.0034466333505495453 -0.03849900196356113 -0.0716926822507736 -0.09475767937653369 -0.10511643783219932 -0.10895498703702607 -0.10579706098368039 -0.0990474624909313 -0.08664907607024687 -0.07279696828233988 -0.05689165434235516 -0.04032373336781643 -0.023236951835192213 -0.006127120282650831 0.011308383115450515 0.010738940509205153 0.00236333906596387 0.00035801391498782614 0.0004413905773562562 0.00004169829399439989 -0.000017777903080119748 -0.000015839692693855995 0.000009667852114879551 0.0000029099707169252617 -0.000002181531133132098 7.011782263822723e-7 -0.0000010580041431110917 -0.0000022814393268218918 0.0000032187386456171665 0.000007523410825182328 0.000010895654455475517 -0.00013257366339728324 0.00021174490587653455 0.00026116229845037206 -0.0006596762693834283 0.004058484248761707 0.025905840940673015 0.06673273368575945 0.06733852670472124 0.048930559920786924 0.03174806865667605 0.012561122709692823 -0.008325496409330727 -0.03133536783285367 -0.0573516948828396 -0.08619684566565168 -0.11853288001962753 -0.15304532998505346 -0.18938196776057797 -0.22642853574380303 -0.26301821196660696 -0.2975092888912839 -0.3303013433867703 -0.355990218042772 -0.36845935463875606 -0.3730278439912147 -0.35344001900504785 -0.3197696047590509 -0.2598232110692838 -0.1745963715995988 -0.04544624408384074 0.12443893890101637 0.3474487979475897 0.570580715354367 0.914236173121775 1.2338144783766887 1.658628880390408 2.0439121374334097 2.44521883981265 2.841500908025272 3.177384383870135 3.3749301809144043 3.292573912427205 3.0641048852533017 2.4914191662558083 1.6277994282333752 0.8618522143745745 0.19974103991810255 -0.2799064163045991 -0.6967340565117933 -0.9476165169668863 -1.1692186720310913 -1.3753696015343475 -1.5125299926315765 -1.7265906263395336 -1.8761245462132643 -1.876892604663726 -1.811397105306884 -1.7544840410755638 -1.4933684867395491 -1.211218051273194 -0.9212331894483154 -0.7382139378626555 -0.5500368475138154 -0.44130533419768514 -0.36554278688649106 -0.25798193789679247 -0.15677984602948244 0.037454512900675634 0.24042393147423533 0.39401831272417576 0.5641140819489522 0.42849382578998463 0.0713034292823331 -0.24991958335420622 -0.3911953741363296 -0.43919196804394034 -0.3836883202572206 -0.2807401434478594 -0.09882867981714832 0.13410304865031153 0.3585766889487687 0.5941489498557165 0.7901086258568328 0.9469229145029106 1.0937511681772363 1.1643691976144919 1.1910915501307118 1.1894414971912304 1.1453449402982196 1.0694783080527193 0.9692943657670641 0.8608135892174694 0.7415425830202141 0.6251196312329461 0.5027211533159128 0.39243054716996073 0.2911255099784213 0.19659590288915924 0.12025826697379355 0.05121869995459836 -0.0029242245544669142 -0.043154971692470206 -0.07350152571288432 -0.09270806676908899 -0.10309862387473175 -0.10492445522745161 -0.10294571934576588 -0.09500684302611592 -0.08294625629194119 -0.06880803392131765 -0.053534574658392425 -0.03717210811901925 -0.020306614130127295 -0.0034915182434290684 0.013765091794753968 0.011294144954763411 0.0024027871125578094 0.0003035865064811407 0.00042896132038089407 0.00003635309887999463 -0.00001636120030470739 -0.000014998601118787531 0.000009132329272787631 0.000002758089862843441 -0.000002062455501198821 6.817050968490848e-7 -0.0000010368372508575482 -0.000002161981348502147 0.0000030012888660156595 0.000007353136399706161 0.000011315500393483755 -0.00013134015046480324 0.00020909127941843482 0.00026268030822369277 -0.0006219609387285282 0.004154438646738215 0.026048347870632347 0.06575940279411907 0.06719656440125302 0.04854077072989083 0.030655651414316087 0.011115834518189802 -0.010036575194013735 -0.03385262325315635 -0.06041289251342118 -0.09029310081494975 -0.12296611301440209 -0.15793681487209202 -0.19417233227187844 -0.22979032116036324 -0.2651388377442906 -0.29703493952173626 -0.3242733970116084 -0.33634851950349937 -0.34206904415581374 -0.32385306817672455 -0.2844688184053337 -0.22937460401135754 -0.12810895544254347 -0.0015924463889357334 0.18574760364171933 0.4105008394308155 0.7086655695615548 1.0467848892702845 1.437512051112186 1.914628749836979 2.391952105550911 2.9232038958406696 3.4698808572959736 3.9426401895897625 4.377988781462873 4.629110206520847 4.679723887261494 4.478226181885151 3.9397987528512934 3.0754545807987754 2.1760306142611165 1.4232809217260334 0.8744567050449925 0.45778900737834105 0.1578719549305812 -0.08540347718169236 -0.31812151998392024 -0.577991111457389 -0.8324415084523523 -1.0674490982906784 -1.1712629337654488 -1.2661954013975951 -1.3432918809339933 -1.4206395728832355 -1.3121302032259252 -1.223809296699746 -1.3203215125029675 -1.4495662079489449 -1.486091446678035 -1.4635318690057761 -1.4713495948858002 -1.3769006420103833 -1.2606604560157246 -1.0503263812683938 -0.7850296117598946 -0.6278343653857164 -0.6973075313038654 -1.0296728201875935 -1.2846550880256145 -1.4411574670652014 -1.4671554430750546 -1.383349029182123 -1.19196984260745 -0.9339884035548661 -0.6131283028480282 -0.3162272144218077 -0.003917775110391264 0.28729844874632 0.501089692726862 0.694536018741578 0.8392213825438984 0.9164180978829833 0.954549833351278 0.9488096403586977 0.9137926599408508 0.8380257489646167 0.757582680355312 0.6630926628644039 0.5541327882926851 0.45191527486683525 0.3537849467941277 0.25898445565576955 0.17391366730386892 0.10278693479306203 0.040449124373578046 -0.008775336157783914 -0.049415582099410785 -0.07244589933361993 -0.09247837286944084 -0.09997750710257601 -0.10248040196114078 -0.09884896689067818 -0.09025697191717477 -0.07849780103229086 -0.06456055320017731 -0.049256923340186796 -0.03329546215902952 -0.016860274040742532 -0.0004748285832532554 0.016389874463829848 0.0117266891624504 0.0024248386547698407 0.00025154338358707943 0.0004147336757486518 0.00003102657738117347 -0.000014908023006840914 -0.00001407248431097879 0.000008550497157680418 0.0000025960720496389743 -0.000001935064694350215 6.5292627443782e-7 -0.0000010018670343721263 -0.000002010607430506921 0.0000027373759159490706 0.0000070842294856443295 0.000011611208563391354 -0.00012841664197635688 0.00020370976369177873 0.00026070004646632156 -0.0005811251925126217 0.004199883476684073 0.025816202438113008 0.06386659292857612 0.06693143542999605 0.047754443500544475 0.029687912506840077 0.009887236990917751 -0.011634737865040474 -0.03569669260321747 -0.06318306941472182 -0.0931142194005801 -0.1265135810003989 -0.16136054832258934 -0.19725277814122502 -0.23232692689506718 -0.2671118782665893 -0.293604798175969 -0.312728744321687 -0.3214075982422028 -0.31516056295912914 -0.2779969349923591 -0.2183571508970506 -0.1418179060061263 -0.014731022918201381 0.1715629578823989 0.4110759008490203 0.6971066403193621 1.0586566238838848 1.4868379003954317 1.9646123700984721 2.52375894793871 3.1161374169546994 3.755015186526061 4.382272609365603 4.978768784401529 5.516206079669018 5.878279872203485 5.958459366746027 5.8541242371653945 5.3416067526627335 4.516474497373318 3.5476397919825122 2.7526844034295497 2.108921418486432 1.6645245063078735 1.2881325100088046 1.0115292706873988 0.7127207206969994 0.37776425706621236 -0.0008405407305835007 -0.24823170823619573 -0.5343562234369927 -0.822683353796712 -1.0987045089409166 -1.3341189482324718 -1.4782729403718762 -1.6704796059139226 -1.961038191238453 -2.3140726758131693 -2.6221387434147956 -2.6702811511849704 -2.802647255638267 -2.768632765863189 -2.6459484267724576 -2.4274798855330264 -2.14195037613631 -1.8662270938023195 -1.8049697019249606 -1.9905149128467383 -2.3131109724024657 -2.463269019265588 -2.502737455577824 -2.347770691485335 -2.0691604315196925 -1.7433552656560714 -1.3471384460309206 -0.9549480862711917 -0.5903379159376875 -0.225047416098344 0.07269004543119073 0.3187035552386503 0.5195451481103175 0.6396370523190545 0.7119468420435892 0.7586628998863311 0.7517534130626895 0.7123544845632584 0.6439868818421167 0.5699523059647914 0.4875016303264856 0.39815305492341585 0.3083719107806501 0.2256988081514366 0.1499167261562205 0.0848361343602138 0.029666272793524642 -0.01957982404209619 -0.050877350078911004 -0.07533043888923414 -0.09038114362762459 -0.0976862703707025 -0.09835248749624666 -0.09390599415713345 -0.08508470057771464 -0.07299423285450932 -0.059564840852034825 -0.04451682701040523 -0.028764073654093725 -0.013057987096921766 0.003030789537697827 0.01887375034958005 0.012262758966025909 0.0024724177765780967 0.0002018267780756397 0.0004021790919825367 0.000025805810791281066 -0.000013427006870200312 -0.000013177097963719987 0.000007984262771736623 0.0000024371864881285655 -0.0000018102328831869239 6.156714988716194e-7 -9.531377830529692e-7 -0.000001838719747610533 0.0000024511461672638474 0.000006714388295583971 0.000011717142599591826 -0.0001237106621719586 0.0001957448333069785 0.0002533222042537942 -0.000530997141329494 0.004157042239294878 0.02530845180868454 0.06274133871825689 0.06606982245076305 0.046962506236815436 0.028766572649974273 0.009040543859832634 -0.012841813606075038 -0.03703443356800989 -0.06476612171662174 -0.09521541301345725 -0.1287123656806832 -0.1636550715470622 -0.1992779526492096 -0.23422854600026233 -0.26502238520581634 -0.28872952277080194 -0.3041375203489079 -0.30737343775165205 -0.28180487962213463 -0.23752014984520006 -0.1679662101834149 -0.05852724912088525 0.10704866979021363 0.32583654939328693 0.5960215905537278 0.9563102266081129 1.3743434135064927 1.87776599319535 2.4544568421650395 3.1031978697813587 3.7972127690205677 4.54665152123645 5.256596946323047 5.954250589917684 6.604159265022271 7.0542567456497 7.256883493421271 7.1916907006811055 6.758983263201412 5.980199757550887 5.020658486502119 4.208784015160463 3.4996855788636765 2.925130667559718 2.500977478496141 2.067035624679474 1.6368429957207011 1.2942044683906806 0.8815769006668336 0.428219937933584 0.05718696499742615 -0.41996587770288274 -0.8412664930462241 -1.3428264745013505 -1.7026066555841606 -2.2222639530830643 -2.6884606335600725 -3.2736871389424342 -3.7092126493562336 -4.028319398936444 -4.254413606516493 -4.340507596105885 -4.158277446496739 -3.9200834688110824 -3.5522512807626954 -3.1936601943615575 -2.9426234369333573 -3.062795688396581 -3.428739292746025 -3.550660520965365 -3.565557569850622 -3.2822398928783056 -2.947638734409669 -2.540719929394556 -2.0446756153767582 -1.592810593102392 -1.1387849441539726 -0.7094465322359107 -0.35919204612804817 -0.04966514098871893 0.2025985892555764 0.3754341265268856 0.488978675764795 0.560621026847535 0.5939809404720602 0.5775637939462968 0.5372274450373984 0.47996485407588674 0.41396393824868233 0.3409254599103957 0.26545412177266875 0.19022521322512428 0.12344855244232546 0.06388107931671638 0.014565173025461856 -0.026293846850812434 -0.05552434476690408 -0.0764511366878025 -0.08866783478458184 -0.09515864783779432 -0.0937653617167025 -0.08868062441621719 -0.07980859672004412 -0.06749215309507742 -0.05378044490654998 -0.039197461414749335 -0.02394415520515795 -0.008576340757560927 0.006776737557361225 0.02130208086759821 0.01306819041733767 0.002571798753045673 0.0001534346947875054 0.0003937285015321471 0.000020619204417399532 -0.000011927368563127044 -0.00001236788191069593 0.000007464665118550524 0.0000022906134253380174 -0.0000016946254611770017 5.770221066831106e-7 -9.021001338134319e-7 -0.0000016639136721290358 0.0000021624530398941424 0.000006325808476981443 0.000011797571219227637 -0.00011873738960591575 0.00018745661685677298 0.0002441328452879956 -0.00048711950004965804 0.00408672581002745 0.024704673073114834 0.06225569595927804 0.06506064759161381 0.04639641886561354 0.028140636720266135 0.008696383026970145 -0.01270800263122856 -0.037810204156109174 -0.06501878137954263 -0.095768688865065 -0.1291189575317006 -0.1640321692838069 -0.1996542975512321 -0.2325303747184992 -0.2617636232687026 -0.28434024182378603 -0.2959855363771468 -0.2878162779653468 -0.2559776613448576 -0.2024334868518214 -0.1124213358723296 0.019160731595934944 0.21247975810337286 0.47014166469211466 0.7949502483332718 1.1809192177204841 1.663772265660341 2.2245590334254035 2.8844002547172343 3.6116849750942093 4.417710391078059 5.247912294826352 6.082239356094758 6.858198914656203 7.56970937483065 8.146949582884952 8.512994506346695 8.542085757120995 8.222314142460526 7.531619274089448 6.634865944592461 5.786773988946014 4.926116164925365 4.190847521627483 3.617999812689852 3.1078899347586977 2.541923545818574 2.0975662873628185 1.5711856760158698 1.0955504954541433 0.4762459006993892 -0.059698849831696744 -0.641132816184624 -1.331159095377102 -1.9419767754025554 -2.695594392298538 -3.4814969747944273 -4.107053531938927 -4.85539473837909 -5.40731913480922 -5.783253113466434 -6.01440414025047 -5.853583913767003 -5.570590743009277 -5.100722539444073 -4.620199665434829 -4.402033197853894 -4.542345263133769 -4.7183000448352335 -4.716606857692803 -4.570717383510029 -4.23317994558054 -3.8358345973392174 -3.285982415103596 -2.7540365434610186 -2.1996642003070033 -1.6794479005603375 -1.1924987420117 -0.7565043917074941 -0.4057176920342505 -0.10646392599640539 0.12112153038100695 0.2733559050039251 0.3725109157048266 0.4249551766660926 0.4475207999379222 0.4301768240167431 0.39251421100874195 0.3394478301692697 0.2802332839990618 0.21702232536245236 0.15637544013406146 0.09462989562225568 0.042843500294788055 -0.0013137323863635798 -0.03600356459647894 -0.061394349435552414 -0.07725468482286382 -0.08874220400170524 -0.09167778151388128 -0.08964060366850565 -0.0828771387712018 -0.07426380806471047 -0.06144496777416925 -0.04761349019866175 -0.033435849925371366 -0.018587811660793964 -0.003845568105637394 0.010882514647771954 0.024682870106238344 0.014107829864285673 0.002708257282440356 0.00009817135353753885 0.0003860014691202071 0.000015252523151042152 -0.000010327819541940382 -0.000011673464484080365 0.0000069938348275985856 0.0000021419590607003033 -0.0000015809343580253922 5.365608684050082e-7 -8.49915370667339e-7 -0.0000014731315296912594 0.0000018432302517566464 0.000005915940581774714 0.000012036055313818699 -0.00011408342634726894 0.00017983716349336825 0.00023261852675486618 -0.0004570009056210888 0.004001265227799505 0.024168273886703482 0.06219995971703075 0.06441092181896566 0.04573185301846375 0.027931484330695512 0.008842929419829821 -0.012102009045352215 -0.03709907085344925 -0.06394420221228131 -0.09465178528872867 -0.12770904991997767 -0.16259236657375736 -0.19735044191402912 -0.23076108472790696 -0.2585394137500773 -0.2777653804687025 -0.2862460632029277 -0.27195380731309293 -0.2357129153772037 -0.1718335363621638 -0.06597453986406086 0.08713912508793502 0.3133144851041755 0.6047614554758284 0.9382502016019238 1.4024655627939977 1.9341604116644118 2.5542030665391287 3.2692955119310327 4.073864449825687 4.9482098638210195 5.8679939065668085 6.802478196558943 7.712470831286039 8.526196102213252 9.173973264237732 9.642061841893236 9.861269461103321 9.649914641324365 9.186148843653223 8.214629599000661 7.285441728042821 6.355416556305731 5.465908178034668 4.71728118822783 4.0618272827209925 3.4175328690303144 2.8607441213072535 2.194910768818424 1.5346564583963116 0.8390307875977062 0.10826602468220344 -0.6348140883284015 -1.5102778793719442 -2.302045537264981 -3.1776864497389283 -4.157028411666787 -5.103800315452996 -5.9756476047259826 -6.803951117877735 -7.33749849928042 -7.623581187424324 -7.58660729797152 -7.212692007136159 -6.747465055151297 -6.280381461273225 -6.130044359878558 -6.1761887055524864 -6.132985876193477 -5.9514103094409485 -5.663748772351298 -5.200403558764715 -4.659944537536071 -4.041790826726212 -3.4257397357251285 -2.78730202109809 -2.194435754398965 -1.637212379841799 -1.159240876795517 -0.7330397842235735 -0.39973677050562856 -0.13970778142561321 0.058914179742419824 0.2014629646636195 0.2721674443197265 0.3159609508968255 0.3171591245508963 0.30187957198691434 0.26211162128341575 0.2204410543571031 0.16754121406163286 0.112606257122313 0.06511933734618867 0.018789344866387645 -0.01643305390883668 -0.0449082139128755 -0.06696461917525777 -0.08010313600056776 -0.08824244298041455 -0.08840249139147446 -0.08510496018658274 -0.0775491993046878 -0.0677320178467506 -0.054875810476800874 -0.04144192154191045 -0.027314558501678025 -0.012916906417907676 0.0012974175031416173 0.01545503443785449 0.028792612957240175 0.015353217798502038 0.0028638015435735516 0.00002858469537385695 0.00037782770902470257 0.00000874556642376159 -0.000008518941991461919 -0.00001090301091489159 0.000006468646803621179 0.0000019769168360338925 -0.0000014541985443790108 4.857815454883316e-7 -7.849791540821883e-7 -0.0000012312254879755022 0.0000014383527927501442 0.000005387902288818646 0.000012465781890850526 -0.00010873735698760118 0.00017154150205974368 0.00021375156151090207 -0.00043488589005881954 0.003841805540924123 0.02367402719923649 0.06038216455604586 0.06316284517673666 0.045504018554674557 0.028030617459628777 0.00949289909940254 -0.0112507078489449 -0.035224910616876916 -0.062457263232840385 -0.09204236955503854 -0.12523290917803984 -0.15968225522058824 -0.19411825076331926 -0.22672282372645902 -0.253125257977664 -0.27106053201825475 -0.2747566500787749 -0.26019397073700534 -0.21359504371722915 -0.14270411514576598 -0.017061126514752258 0.15208065983203628 0.3931473445300767 0.7125502310158355 1.0850425965249744 1.5888751298345316 2.148120305237393 2.8414205195904736 3.641331452340567 4.507725915382241 5.443303403941139 6.458886848446472 7.494687691201414 8.478368265355897 9.384641183829688 10.19322344939459 10.744427895034324 11.061882272581423 11.011015536604345 10.633977737346454 9.752345750916737 8.767802785366085 7.7280348876002884 6.7686745217248925 5.835510551968751 5.028072428103709 4.345954801954774 3.602701440967072 2.8197784482699926 1.960336707025718 1.0531191633605026 0.1888385269444842 -0.8060495426602727 -1.7469727096343806 -2.654417033931891 -3.7843548745960582 -4.966935374802504 -6.189412039427227 -7.237545125432408 -8.184997976753737 -8.870391811776397 -9.155983196605566 -9.184043982376755 -8.951655475311002 -8.466188464266502 -8.114440697036516 -7.872142209364016 -7.67290676991945 -7.551526989455768 -7.185203620400018 -6.747228838916706 -6.152036149360122 -5.5203419819948305 -4.794752788374111 -4.075631586248916 -3.3724074218976865 -2.6977697423533007 -2.0771964497128663 -1.537123102810706 -1.0732690283687971 -0.6713003431873888 -0.3945046019227522 -0.1459629290623224 0.019358329270779122 0.11792195660581956 0.19858675904124523 0.20830627997859927 0.2046364648796943 0.1895468510654844 0.15184519808413888 0.11604948773022394 0.07286910388775139 0.03033742854136099 -0.004370075403284035 -0.03402126639238379 -0.05774610336314126 -0.07303500421096085 -0.0844695807400477 -0.08671947372839399 -0.086240691213293 -0.08079313429177895 -0.07224192918176876 -0.06087990434956804 -0.048308091265493666 -0.03479662136171169 -0.020792089526343552 -0.006933580501466213 0.0067607642039843015 0.020294817823328003 0.033051483465312434 0.01670484078226097 0.0030116494946610664 -0.0000567233711890295 0.0003695956295781068 -4.4596275950771444e-8 -0.000006419634583942033 -0.000009705691220454419 0.000005713318208631115 0.0000017839196210776866 -0.0000012957992161559886 4.1829245469535325e-7 -6.918204310779364e-7 -9.561311856955036e-7 0.0000010057801220753411 0.000004658700064221524 0.000012409898182013532 -0.00009949025931364408 0.00015752507190193533 0.0001837116140635644 -0.00039948146803984 0.0034894444536967876 0.02244693418018479 0.057159741257782094 0.0628802309818125 0.0449821571737062 0.028762508032945486 0.0106407756115508 -0.009322028772644007 -0.03280524713979426 -0.059063491041081176 -0.08805546862997778 -0.12107561292130695 -0.1549080798208507 -0.18913924189921286 -0.22035388107371423 -0.24711518385034567 -0.26323812443256484 -0.2648731857729101 -0.2429145329602411 -0.1944529608875234 -0.10861468459573051 0.02264970675595378 0.20764609933415817 0.46416814558403047 0.8147544305468718 1.222985704243265 1.7460115156406395 2.3613333262974834 3.1052732482551284 3.9383348826295665 4.86785055272591 5.906317148783447 6.990797397318136 8.088365633035428 9.22472860791654 10.180054208020918 11.105541065508284 11.761368512011455 12.181740382800365 12.255454753668483 11.96160734790666 11.203720221673207 10.143336571656988 9.03674635387986 7.9091545130054755 6.88320926366348 6.024543523806185 5.15249679056893 4.285129668532668 3.437646276299633 2.3404767604216397 1.2416986295430523 0.23055156685518924 -0.8781482572777674 -1.9990557431227027 -3.1695723917146053 -4.420729977309287 -5.866893662243222 -7.193535808332259 -8.4870325173979 -9.58422109614113 -10.329418172649698 -10.749321209670946 -10.856027993152061 -10.687905733169924 -10.238174975039511 -9.758177366167477 -9.489681691432427 -9.306380612851449 -8.93369156771648 -8.478926755714493 -7.841690538747014 -7.177423475359054 -6.343433404126119 -5.533070427055602 -4.729100793501739 -3.9236308981274184 -3.1953033711081065 -2.488218899074025 -1.8946669652656158 -1.3873144465615361 -0.9433672678127205 -0.6121851345024149 -0.35537368535231223 -0.15621019337305084 -0.03375352349872613 0.053950884050467135 0.10680301852586069 0.11779753114902555 0.10678878808538886 0.08886103752964242 0.05796082257385922 0.02849657028954003 -0.0034533762283699473 -0.029777580779043526 -0.052947140966597764 -0.07107944202036126 -0.0819938084146423 -0.0871262574234248 -0.0873108437525737 -0.08395064566041516 -0.07694264434395781 -0.06620240710630856 -0.054449276197652316 -0.04158678660528338 -0.027892954243855936 -0.014172473063733563 -0.0005868816345835879 0.012380748772686483 0.025727561429601444 0.037652623721957365 0.0176289526861639 0.0030793759802217892 -0.00014263728122750418 0.00035146876630350954 -0.000009483857733760476 -0.00000403166099832871 -0.000008079871468812507 0.0000047144328496687556 0.000001531403063260442 -0.0000010899631825246495 3.389430710246238e-7 -5.649496392126852e-7 -7.471666021587605e-7 7.54351750282554e-7 0.000003768161316266501 0.000010576759462149776 -0.00008247040327325885 0.00013112933756062936 0.00014570266245321256 -0.00033000491336938615 0.0028567866707208613 0.019079171429281252 0.050058837289957483 0.06016727663703125 0.04521556659313129 0.029516260694096755 0.01218041362406951 -0.006375264967977723 -0.029548950946374233 -0.05461114907019335 -0.08286305516634226 -0.1150529439210686 -0.14846658270555976 -0.1824122695267079 -0.21335006701633205 -0.23759360586437775 -0.25380632124975616 -0.25325678510632166 -0.22699301708440775 -0.17192520743331957 -0.07856630636156275 0.05984772615484526 0.2603930506906869 0.5298492247834533 0.9051285822310812 1.3405345685979095 1.8992100782265224 2.5531619369542944 3.348653071765328 4.202825244980568 5.2161645611402285 6.307112577573697 7.503738466628532 8.669825543498899 9.84833287401909 10.998881817091512 11.94736086197848 12.722807150747812 13.24815146559215 13.410953744267042 13.13679488392776 12.462476512859395 11.36988570028021 10.121532138473203 8.953402736619998 7.853725334833008 6.913884504020653 5.936537503783271 4.97699879530601 3.9079125810288424 2.6967611201894406 1.553669774537392 0.3338291612886795 -0.9322334325047459 -2.3400773507235924 -3.770409351175716 -5.107936630518099 -6.696037823335311 -8.194186239778668 -9.668623802226103 -10.935794263640998 -11.807652131884556 -12.369982428457702 -12.506020406972453 -12.37952731825774 -12.038805264793517 -11.595909887587052 -11.25123927059811 -10.896284416989754 -10.393746400085421 -9.754269782964649 -8.980152333473406 -8.117134592586057 -7.191435704554942 -6.288739027047181 -5.345245905338723 -4.4722901314543915 -3.6443800322036983 -2.914519876834904 -2.2440108173086157 -1.6786378976968828 -1.2148128219673997 -0.837168945994696 -0.5502903726570393 -0.3300258164417647 -0.17816904446698031 -0.07385680556524525 -0.014318901485584673 0.02201176617641613 0.02700853258040677 0.022852996773692045 0.0025815686670040364 -0.017859579826776016 -0.03836789384368717 -0.05867611552428987 -0.07451643472196086 -0.08342674862812254 -0.09070199656374033 -0.09153292555557618 -0.08779923276701235 -0.08206416068149511 -0.07184885534951779 -0.06046331302101991 -0.04775243874166185 -0.034479395413645794 -0.02075786253841583 -0.007321059963352072 0.005658124775843252 0.018656118023175388 0.030118806983491144 0.0412903643848936 0.01690702732174336 0.0029247143480996877 -0.0001838582167275327 0.00030887680923013627 -0.000014270245080104772 -0.000001881474121502907 -0.000006481744873029138 0.0000037153003192642 0.0000012174964554675126 -8.566951583940452e-7 2.850734980395701e-7 -4.6017585235250713e-7 -7.279955741624167e-7 8.588772534822387e-7 0.000003132516174512072 0.00000740902121359778 -0.0000642135927336312 0.00010224885179843299 0.00011823747282860025 -0.00025184846503283336 0.0022172443833965404 0.014689885054013082 0.03939421963360957 0.06397495015135629 0.04483750543279456 0.030554507353016413 0.014181693347791674 -0.003953796128192666 -0.024926975379736798 -0.04965081471754687 -0.07740915192825246 -0.10828907458210944 -0.14133831239491385 -0.17447959701895654 -0.20347631867188984 -0.22911652830948692 -0.24271825511333867 -0.23832126163940756 -0.2119076670598727 -0.14785112316953647 -0.05349750991444273 0.0960576519652202 0.3086563864287161 0.5991165336312907 0.9912984912452303 1.4525535589135539 2.0486252989759293 2.723835806316279 3.5655461250918488 4.483289319985286 5.54865072640395 6.711406946438201 7.941259189170087 9.23037932139644 10.473228588084108 11.71252205819419 12.81843524272316 13.623698075984457 14.27981524248274 14.490800159180754 14.221061406311252 13.48965393295389 12.349240273105389 11.175150890042696 9.955095203304946 8.762122838413736 7.755100583859456 6.712061767203421 5.574469604205464 4.374728827684645 3.129991768905172 1.7838578658156676 0.41883391730533487 -0.9935753827204324 -2.612086337602093 -4.20702868940243 -5.831894974975056 -7.516771653869887 -9.206280739563901 -10.785508134364237 -12.23944514012006 -13.163335668372786 -13.842755311603911 -14.149929026045273 -14.088971111115745 -13.825601737494683 -13.543706409352167 -13.127593359825639 -12.556592063611319 -11.855592705169405 -11.000393640240386 -10.101214960772372 -9.078889849994733 -8.052439269361516 -7.011296485672563 -5.9867115443085135 -5.0203337078306784 -4.112168124432522 -3.3047483077217743 -2.5900914001014073 -1.988011103960414 -1.4584345566662145 -1.0610427681930845 -0.7334586880578395 -0.5007633271265903 -0.3218734602603953 -0.2080275774859668 -0.11818806336982109 -0.0776912858896557 -0.05270752502763856 -0.050181313621887935 -0.051893842491027034 -0.06450658497450425 -0.07783213400050033 -0.08736186593159576 -0.09398244420929157 -0.09907988964100967 -0.09870756970079 -0.09536339083507815 -0.08906529600760874 -0.07974237513973317 -0.06751788484851257 -0.054573952515923736 -0.04119352828594534 -0.027449739756325284 -0.01349046843839595 -0.0003571775340711606 0.012553832963561226 0.023850961702735936 0.03831803777474164 0.03920995279667592 0.015177160583090765 0.002695290051200677 -0.00016886702777719695 0.0002627531553217373 -0.000012264759013838642 -7.203450187927775e-7 -0.000005849578177706889 0.000003257925009830168 9.777596967030557e-7 -7.0376528110684e-7 8.494012069181234e-8 -1.2241146625072672e-7 -3.143248652335925e-7 4.7518657071410765e-7 9.003155670058744e-7 7.339500472576791e-7 -0.000014019749908381441 0.000022381267471277736 0.000031868601136644213 -0.00004809401143981604 0.0004963080676268603 0.0031040601553260377 0.009774101017344715 0.03454787338924789 0.04775865461021248 0.03014695833858753 0.016646730600396595 -0.0008606995640920291 -0.020181258495194664 -0.04368093033242824 -0.07027726716375422 -0.1006057005828122 -0.13319801054834796 -0.16529778032599157 -0.19499378088096941 -0.2181160961245439 -0.23030406263590172 -0.22454828193498896 -0.19514478533527713 -0.13390910832116312 -0.028702546042156583 0.12597006086001417 0.35273211186819126 0.6565950132239086 1.0579549230306147 1.5671767305421465 2.1600660094370188 2.8890313522021027 3.7623630869257974 4.7326610732902195 5.85495979571965 7.059259932889132 8.364771609453024 9.706583027291561 11.068511415229203 12.426077296825703 13.590595282738446 14.567989669266433 15.266531923024433 15.568962676031505 15.391810938570535 14.620113256253603 13.518412735155529 12.299664867960676 10.988577340033713 9.715720566145333 8.605151938311783 7.382328854845151 6.2412151501612465 4.840501625095612 3.3875049543889824 1.972703314613705 0.514534897431376 -1.0592660757634262 -2.8593041558684016 -4.680444993987997 -6.558340938537048 -8.449629756033291 -10.318502526371839 -12.104829530558028 -13.503864969131705 -14.642439428980245 -15.388119128805252 -15.825456271927084 -15.922421883686127 -15.747552236636817 -15.465337921957044 -14.931509708511124 -14.234220697982666 -13.31868070262489 -12.257752346948097 -11.185937973790587 -10.050355941700698 -8.871936963455028 -7.709548031150888 -6.581300645146651 -5.498333526005583 -4.537374966784003 -3.6500810631437264 -2.8964417346644526 -2.252610957927638 -1.6992473529429293 -1.2587219113556078 -0.918047983611715 -0.6534935214357604 -0.46351756538156774 -0.32357336296016326 -0.23016427239743512 -0.16902000357431407 -0.1331471583008197 -0.11525973278443521 -0.11158696067974891 -0.10860571324171917 -0.11388347913566813 -0.11404070692394835 -0.11245590973649217 -0.11245459778438803 -0.10578085407041242 -0.09734065859102688 -0.08756751572029929 -0.07471072677928337 -0.06126266385736804 -0.04703961413798282 -0.033089249886580026 -0.018492154542453412 -0.005743505483957458 0.007627456068059439 0.0190561390669225 0.033428209412124335 0.030783294598261884 0.01528837115627699 0.005212687840806625 0.0009778725052102476 -0.000024881293825950676 0.00006645217042291762 -0.000001142298737692585 8.221247722763982e-7 -0.0000019069382210072167 9.601138412424139e-7 1.7707141509643108e-7 -1.500145899280481e-7 6.1028908277149564e-37 -7.288263213014051e-37 -3.22450182768472e-36 5.5536979908891996e-36 6.528512680740966e-36 -1.1829850616843854e-35 -4.020764559648642e-35 5.272093652562767e-35 3.4811833722287254e-34 9.599024981428295e-34 3.021556020122556e-33 7.015729898856478e-33 1.2641781140134355e-32 2.0639899487024195e-32 1.843959954962962e-32 -1.6212974768841702e-33 -3.8672262770259235e-32 -7.698617418735634e-32 -1.0616511493834669e-31 -1.201679462351043e-31 -1.1685639285162944e-31 -9.795880666773861e-32 -6.774858634413467e-32 -3.245367601657435e-32 4.344285953516905e-33 3.8677259509254134e-32 6.582541205808432e-32 7.978552877261264e-32 6.993479985672034e-32 2.0290405424739723e-32 -9.167277829480563e-32 -2.9797411635165932e-31 -6.393087394666965e-31 -1.1642371239486478e-30 -1.947029438539508e-30 -3.0113738009583854e-30 -4.311974574074785e-30 -5.712106039315001e-30 -6.942976762052036e-30 -7.703458440985652e-30 -7.736857361427281e-30 -6.769696688086557e-30 -5.264726153015802e-30 -3.856872130726365e-30 -2.6724238002531606e-30 -1.822683573100983e-30 -1.4229535824045383e-30 -1.654051837282517e-30 -3.118305567178397e-30 -6.2270012304024065e-30 -1.1217285312293511e-29 -1.803830257146939e-29 -2.694934339114698e-29 -3.8285878673926556e-29 -5.237761507050339e-29 -6.940859841414317e-29 -8.91521635166793e-29 -1.1095669381026968e-28 -1.3368613754491728e-28 -1.5602164401943748e-28 -1.7654003628146374e-28 -1.938271737635712e-28 -2.0644994280934257e-28 -2.135179175333391e-28 -2.14721770597328e-28 -2.102585671111073e-28 -2.0051900482869306e-28 -1.8607647259566373e-28 -1.6767954031042902e-28 -1.4631732411172593e-28 -1.2323964674089243e-28 -9.989486707813503e-29 -7.739485702440477e-29 -5.670762544205688e-29 -3.8604793854891954e-29 -2.3587042071592977e-29 -1.1962743360399359e-29 -3.538238592988641e-30 2.4572625276964482e-30 6.870893955048215e-30 1.0386877434795256e-29 1.3431908535934568e-29 1.599604071490062e-29 1.7967409750029997e-29 1.9177461549934603e-29 1.945004021870831e-29 1.9023270077444925e-29 1.8237425680141774e-29 1.7455047365961558e-29 1.6973450483597935e-29 1.66417239823273e-29 1.6221859659085267e-29 1.5658210660657853e-29 1.4882684093874e-29 1.3865549174798928e-29 1.2611924390995605e-29 1.1249041540265625e-29 9.855666187860286e-30 8.482974537852096e-30 7.157729233475497e-30 5.90354532102132e-30 4.730448319602861e-30 3.638324368107659e-30 2.645100563406595e-30 1.7997770389352436e-30 1.1472907394347946e-30 6.558328204753684e-31 2.9899836280218147e-31 4.615717953944138e-32 -1.3299101615511501e-31 -2.472693159804284e-31 -3.0612180244747733e-31 -3.1937080064522384e-31 -2.956562343919422e-31 -2.445599934330625e-31 -1.7580027233586908e-31 -9.870983402131393e-32 -2.7758215798030276e-32 2.1632465687577603e-32 3.7362869168031366e-32 3.156027745755254e-32 1.638877394027241e-32 3.156610719603341e-33 3.383810004111818e-34 7.147259291066056e-34 1.2921558846278943e-34 -4.7001401917999286e-35 -5.065577275764825e-35 2.9091668890116817e-35 6.609773755930284e-36 -5.487597525469627e-36 -6.199054246578631e-37 7.403104577206909e-37 3.2753103917917745e-36 -5.641207763087417e-36 -6.631382634871039e-36 1.2016253898808559e-35 4.084119857568948e-35 -5.355166177458118e-35 -3.53603647452277e-34 -9.750277082514987e-34 -3.069166761580598e-33 -7.126276948167208e-33 -1.2840978033836547e-32 -2.0965122951738463e-32 -1.8730152827478393e-32 1.6468443062012327e-33 3.9281622680355994e-32 7.81992474549907e-32 1.0783796157899684e-31 1.2206143587396192e-31 1.1869770225224204e-31 9.950234628182774e-32 6.881610268386727e-32 3.296504948150779e-32 -4.4127389894892405e-33 -3.9286698155718303e-32 -6.686262489238399e-32 -8.104271155055436e-32 -7.103676442742788e-32 -2.061012190397259e-32 9.311726878728871e-32 3.0266930271353545e-31 6.493823448917571e-31 1.182582040393899e-30 1.9777088350571762e-30 3.0588241009243982e-30 4.3799184762630636e-30 5.802111851585336e-30 7.052377438222782e-30 7.824842047934362e-30 7.858767236095944e-30 6.876366985387866e-30 5.347682588138324e-30 3.9176449712340546e-30 2.714533255784397e-30 1.8514036484603576e-30 1.4453751012869521e-30 1.6801147777359954e-30 3.167440794002152e-30 6.325120260451611e-30 1.1394036386126508e-29 1.832253260220344e-29 2.7373984937612806e-29 3.88891503192109e-29 5.320293059447161e-29 7.050227161192559e-29 9.055693661379002e-29 1.127050414920087e-28 1.3579263369785854e-28 1.5848008136331832e-28 1.7932178249756913e-28 1.968813138812994e-28 2.0970298024672605e-28 2.16882325243202e-28 2.181051474531014e-28 2.13571617146584e-28 2.036785883129381e-28 1.890084847015794e-28 1.7032167144743491e-28 1.4862285021949457e-28 1.251815372504668e-28 1.014689132513365e-28 7.861436991923664e-29 5.760116905883916e-29 3.9213090655556717e-29 2.3958703743613613e-29 1.2151240637332503e-29 3.593990716169597e-30 -2.495981680880211e-30 -6.979158820253331e-30 -1.055054374857765e-29 -1.3643555488687367e-29 -1.6248090769056607e-29 -1.8250522720399455e-29 -1.947964133986594e-29 -1.975651503824463e-29 -1.9323020268117786e-29 -1.8524793299005526e-29 -1.7730087028183435e-29 -1.7240901610486054e-29 -1.6903948085605067e-29 -1.647746794866235e-29 -1.5904937517444873e-29 -1.51171909571877e-29 -1.408402901517425e-29 -1.281065083111683e-29 -1.1426292997760908e-29 -1.0010962191539705e-29 -8.61664100138332e-30 -7.270513770232942e-30 -5.996567647314717e-30 -4.804986124123035e-30 -3.6956535454328644e-30 -2.6867794858744953e-30 -1.8281361753362378e-30 -1.1653686312357792e-30 -6.661667963051393e-31 -3.0370968824936924e-31 -4.6884479494217684e-32 1.3508655925710285e-31 2.5116554540247376e-31 3.1094537212120053e-31 3.24403135149331e-31 3.003148978228314e-31 2.484135319878726e-31 1.7857036207129236e-31 1.0026520759650088e-31 2.8195602770106407e-32 -2.197332904464941e-32 -3.7951596926602965e-32 -3.205757361895743e-32 -1.664701230282509e-32 -3.206349521679835e-33 -3.4371287915221565e-34 -7.259878852647981e-34 -1.312516420496916e-34 4.774200430298945e-35 5.145395716457751e-35 -2.9550067118312817e-35 -6.713924143116547e-36 5.574065750870482e-36 -2.7257988671538428e-36 3.255234309504846e-36 1.440193455392111e-35 -2.4805070448507086e-35 -2.915898870177505e-35 5.283691666846193e-35 1.7958367257672405e-34 -2.3547311120847885e-34 -1.5548378563887668e-33 -4.2873143496481285e-33 -1.349549616589533e-32 -3.1335098644685435e-32 -5.646332809018764e-32 -9.218617246825529e-32 -8.235873946033344e-32 7.24137289987737e-33 1.7272602939188912e-31 3.438515161244056e-31 4.741765143740323e-31 5.367188451540761e-31 5.219281030039104e-31 4.37523809260298e-31 3.0259269766461918e-31 1.4495129574281507e-31 -1.9403345167195173e-32 -1.7274834684737631e-31 -2.9400302033092203e-31 -3.5635457044030626e-31 -3.1235721496289874e-31 -9.062519005717801e-32 4.094478539418463e-31 1.330873403627052e-30 2.8554124380950492e-30 5.199955763762486e-30 8.696224113530531e-30 1.345001824029761e-29 1.9259029435187247e-29 2.5512585118075846e-29 3.101015359229064e-29 3.4406773583385815e-29 3.455594672452391e-29 3.023621441704455e-29 2.3514404875652354e-29 1.7226357116996964e-29 1.1936129897592942e-29 8.140844984402948e-30 6.355488525377322e-30 7.387667175006864e-30 1.3927618930341714e-29 2.7812316127568044e-29 5.010095126959992e-29 8.056638419735918e-29 1.2036671105377391e-28 1.7100028111638448e-28 2.3393969817300776e-28 3.100069856515241e-28 3.981897647783942e-28 4.95577651356084e-28 5.970965769462704e-28 6.968560187644434e-28 7.884994906239768e-28 8.657108665028548e-28 9.220892788590907e-28 9.53657724108123e-28 9.590346207471445e-28 9.391001415798473e-28 8.95599301428483e-28 8.310930877165947e-28 7.489249175864022e-28 6.535125853693748e-28 5.5043830695078725e-28 4.461710412327776e-28 3.456768596289725e-28 2.532792828033733e-28 1.7242468581790268e-28 1.0534930801196295e-28 5.343046962435874e-29 1.580321034776725e-29 -1.0975132283562369e-29 -3.068820250586572e-29 -4.63920124812882e-29 -5.999235789160767e-29 -7.144481343420983e-29 -8.024974806981932e-29 -8.565433078060063e-29 -8.687177780283517e-29 -8.49656490509919e-29 -8.145574886039871e-29 -7.796132960452443e-29 -7.581032236312917e-29 -7.432869710239518e-29 -7.2453412538127e-29 -6.993592722704308e-29 -6.647211065738306e-29 -6.192917307515027e-29 -5.632997572429453e-29 -5.0242787479518514e-29 -4.401940734000438e-29 -3.7888409014544953e-29 -3.19693253354808e-29 -2.636763068903857e-29 -2.1128103114695687e-29 -1.6250234062487236e-29 -1.181409322679404e-29 -8.0385351012949e-30 -5.124266328998201e-30 -2.9292156938861525e-30 -1.3354481041746267e-30 -2.0615670710607156e-31 5.939918825630301e-31 1.1044051752021686e-30 1.36726427831639e-30 1.4264396843589324e-30 1.320520801563881e-30 1.0923042405053973e-30 7.851954044421747e-31 4.408782023861215e-31 1.2397946368315245e-31 -9.6619376179115e-32 -1.6687774585335148e-31 -1.4096101498263565e-31 -7.319891949753487e-32 -1.409870529619667e-32 -1.5113469561083183e-33 -3.1922562321109744e-33 -5.771292893685242e-34 2.099273470860009e-34 2.2624925120677514e-34 -1.2993520667887171e-34 -2.952193366149565e-35 2.4509838927942296e-35 4.8502719673871336e-36 -5.792346569998432e-36 -2.562672553899566e-35 4.4138010069374275e-35 5.188534898952828e-35 -9.401772773794082e-35 -3.195502292537235e-34 4.189995982939965e-34 2.7666701896231172e-33 7.628824289275844e-33 2.4013813905342946e-32 5.5757507416486e-32 1.0047054488159748e-31 1.640355836563466e-31 1.4654870177266343e-31 -1.2885260318562926e-32 -3.0734777554177768e-31 -6.118475540123738e-31 -8.437471608679915e-31 -9.550346507170944e-31 -9.287160830158899e-31 -7.785275328624052e-31 -5.384318324853883e-31 -2.579255626172256e-31 3.452620890456299e-32 3.0738748709597525e-31 5.231474064341072e-31 6.340954221745155e-31 5.558067624792422e-31 1.6125797987323304e-31 -7.285693276976474e-31 -2.3681490367879105e-30 -5.080905664260047e-30 -9.252773554360543e-30 -1.5474014810127924e-29 -2.3932890727027754e-29 -3.4269414267408486e-29 -4.539695789894869e-29 -5.517930192309391e-29 -6.122322942085209e-29 -6.148866731261632e-29 -5.380215868204102e-29 -4.1841406631863205e-29 -3.0652487984620865e-29 -2.1239085883496027e-29 -1.448577614943908e-29 -1.1308922387657638e-29 -1.3145575572135892e-29 -2.4782730847627549e-29 -4.9489086992461876e-29 -8.914936549759049e-29 -1.43359394375305e-28 -2.141798837261356e-28 -3.0427698826375293e-28 -4.162710513147189e-28 -5.516247769827081e-28 -7.085367438771616e-28 -8.818282298782363e-28 -1.0624704646670789e-27 -1.2399818834154319e-27 -1.403051788502326e-27 -1.5404412989684524e-27 -1.640760745245787e-27 -1.6969334683655448e-27 -1.7065010895696876e-27 -1.671029783651103e-27 -1.5936246206782453e-27 -1.478842608014676e-27 -1.3326330042926187e-27 -1.1628568091851334e-27 -9.794469878681968e-28 -7.939143713129529e-28 -6.150955605084555e-28 -4.506838050666388e-28 -3.0681156639296636e-28 -1.874579968419769e-28 -9.507389270127294e-29 -2.812014821288865e-29 1.9529091854815928e-29 5.460642387740646e-29 8.254969959831613e-29 1.0675008168998248e-28 1.271285200058544e-28 1.427959737392054e-28 1.5241285939178967e-28 1.5457917813040943e-28 1.5118742279484397e-28 1.4494192511417187e-28 1.387239741261781e-28 1.348964833122554e-28 1.3226008722487092e-28 1.289232158721883e-28 1.244436159355178e-28 1.182801192041786e-28 1.101964402980846e-28 1.0023325839280069e-28 8.940174809336115e-29 7.832789866274612e-29 6.741843293938497e-29 5.688604700766926e-29 4.691842142794887e-29 3.7595234004865544e-29 2.891557982732368e-29 2.1021934482487872e-29 1.4303726489246324e-29 9.118092177787787e-30 5.212230784004254e-30 2.376289234529498e-30 3.6683414516534606e-31 -1.0569459880500541e-30 -1.9651726789058037e-30 -2.4329027651421333e-30 -2.5381991670663852e-30 -2.349727671890661e-30 -1.94364034023379e-30 -1.3971725151707916e-30 -7.8449632209484e-31 -2.2060839648564458e-31 1.7192400269857755e-31 2.9694137100377603e-31 2.508252783070531e-31 1.3024976697979724e-31 2.50871610148585e-32 2.6892827136142236e-33 5.680283714929945e-33 1.0269407796405755e-33 -3.7354360185030746e-34 -4.025867109973427e-34 2.3120601381259332e-34 5.253117131509864e-35 -4.361267667601232e-35 4.594459367920586e-36 -5.4868471582117436e-36 -2.427512312982797e-35 4.181008718840311e-35 4.914881666967371e-35 -8.9059053359931e-35 -3.026965403580339e-34 3.969007598920617e-34 2.6207507241344297e-33 7.226465538071623e-33 2.2747279534163945e-32 5.281675007269701e-32 9.517153661516727e-32 1.5538403394094299e-31 1.3881944357621317e-31 -1.2205667104946134e-32 -2.9113766734688245e-31 -5.79577546416637e-31 -7.992463254652507e-31 -9.046643007234735e-31 -8.797338245015778e-31 -7.374665050839952e-31 -5.10033910116244e-31 -2.4432207620885833e-31 3.2705230798660104e-32 2.9117528447795503e-31 4.955556139355324e-31 6.006520196017166e-31 5.26492453213208e-31 1.5275292631384631e-31 -6.901431910054467e-31 -2.243248337437009e-30 -4.812929003631543e-30 -8.764764620038896e-30 -1.4657885739981307e-29 -2.26706243989429e-29 -3.246197996260834e-29 -4.3002635708340694e-29 -5.226904024105155e-29 -5.799419946904841e-29 -5.82456376600216e-29 -5.096453016301116e-29 -3.963461100089158e-29 -2.9035817275082704e-29 -2.011889596447008e-29 -1.3721768673185625e-29 -1.0712468241218724e-29 -1.2452252831870904e-29 -2.3475642330914933e-29 -4.6878938105430433e-29 -8.444745783830082e-29 -1.3579834634371303e-28 -2.0288362793903854e-28 -2.88228839250514e-28 -3.9431612169722422e-28 -5.225310335771124e-28 -6.711671639014096e-28 -8.35318926237462e-28 -1.0064337448427107e-27 -1.1745828726199934e-27 -1.3290521597251453e-27 -1.4591954852278795e-27 -1.5542238924682462e-27 -1.6074339589759628e-27 -1.6164969655800078e-27 -1.582896484025899e-27 -1.5095738170612098e-27 -1.4008456267849651e-27 -1.2623473965761386e-27 -1.1015255219838559e-27 -9.277890846455396e-28 -7.520418123406521e-28 -5.826542468591732e-28 -4.269138811474343e-28 -2.9062973889376794e-28 -1.7757110436409364e-28 -9.005951417291782e-29 -2.663703793702995e-29 1.849909028026769e-29 5.172637687381798e-29 7.81958709090021e-29 1.0111987866752734e-28 1.2042351925843404e-28 1.3526464158371272e-28 1.4437431433515775e-28 1.4642637728966412e-28 1.4321350960318185e-28 1.3729741138869817e-28 1.3140740700175246e-28 1.2778178535755662e-28 1.2528443783103307e-28 1.2212355944140945e-28 1.1788022215398295e-28 1.1204180000221957e-28 1.0438446974788265e-28 9.49467650691851e-29 8.468652929286367e-29 7.419673581358947e-29 6.386265613114014e-29 5.388576833252532e-29 4.444385434719336e-29 3.5612389620322913e-29 2.739051696755756e-29 1.9913197541708917e-29 1.3549320658430817e-29 8.637186596332856e-30 4.9373277860277715e-30 2.250959205704062e-30 3.474866123934819e-31 -1.0012006396026607e-30 -1.8615257216218424e-30 -2.30458683055013e-30 -2.404329699310164e-30 -2.2257985504614878e-30 -1.8411290396245057e-30 -1.3234829704915152e-30 -7.431204890186957e-31 -2.08973088680408e-31 1.6285640269996965e-31 2.8128011643583754e-31 2.3759627447614796e-31 1.2338014571286896e-31 2.3764016268809788e-32 2.54744481122912e-33 5.380694712080696e-33 9.727779631911584e-34 -3.5384219945157926e-34 -3.8135351959793555e-34 2.1901176743081232e-34 4.976057709421472e-35 -4.1312460881586e-35 -9.393769427491581e-36 1.1218333423039833e-35 4.963258813411506e-35 -8.548433827419332e-35 -1.004890052245844e-34 1.8208893489115862e-34 6.1888924874179665e-34 -8.114979207442548e-34 -5.3583514527944726e-33 -1.477513361244452e-32 -4.6508779798876274e-32 -1.0798841220266787e-31 -1.9458643539992483e-31 -3.1769609232836295e-31 -2.8382835511815685e-31 2.495554170822582e-32 5.952561334299426e-31 1.1849964055002673e-30 1.63412821744608e-30 1.8496643826098744e-30 1.798691868443541e-30 1.5078140331045303e-30 1.0428084282841195e-30 4.995376097220446e-31 -6.686867196237089e-32 -5.953330447110237e-31 -1.0132062995518416e-30 -1.2280849878596905e-30 -1.0764593423644648e-30 -3.1231656513565536e-31 1.411057425720058e-30 4.5865151831426e-30 9.840449486532852e-30 1.792031909042431e-29 2.99693147550168e-29 4.63520517459163e-29 6.637132478241063e-29 8.792260682752825e-29 1.0686857209231469e-28 1.1857415514591356e-28 1.1908824226660762e-28 1.042013884440308e-28 8.10363891011298e-29 5.936623892812327e-29 4.1134822327428e-29 2.8055342467542525e-29 2.1902567542160276e-29 2.5459707564091806e-29 4.7997980506518163e-29 9.584804222896522e-29 1.7266012909748766e-28 2.776514605821059e-28 4.148131191768965e-28 5.893087828788503e-28 8.062134044319652e-28 1.0683598775755543e-27 1.3722592975022649e-27 1.707881768600382e-27 2.057740810285506e-27 2.401536240651316e-27 2.7173620539672644e-27 2.983451335499262e-27 3.1777451305134636e-27 3.286537712173279e-27 3.3050678127863224e-27 3.23636872306015e-27 3.0864541907753323e-27 2.8641500048236076e-27 2.5809783982321483e-27 2.2521641705364162e-27 1.896945002678702e-27 1.5376145088700153e-27 1.1912869855393296e-27 8.728623421115511e-28 5.942176297812115e-28 3.630594761324057e-28 1.8413446349986306e-28 5.446172715856217e-29 -3.7822989571866464e-29 -1.0575904993207975e-28 -1.598782191098476e-28 -2.067483350427804e-28 -2.4621629727485714e-28 -2.7656025507151493e-28 -2.951857686578891e-28 -2.9938138879445563e-28 -2.9281240301541653e-28 -2.807164286932717e-28 -2.6867380545767372e-28 -2.612609085242842e-28 -2.5615486557815413e-28 -2.4969217641183187e-28 -2.410163064367053e-28 -2.2907914754117367e-28 -2.1342307376231293e-28 -1.941268705369748e-28 -1.7314893136436084e-28 -1.517016416199479e-28 -1.3057272219664449e-28 -1.1017411246368654e-28 -9.086930294731648e-29 -7.28126097209962e-29 -5.600228019718825e-29 -4.071425412191359e-29 -2.770275759618271e-29 -1.7659474789960107e-29 -1.0094793552622937e-29 -4.602280719584588e-30 -7.104664232906582e-31 2.0470412744583026e-30 3.806050290592488e-30 4.7119270359877216e-30 4.915859955149463e-30 4.550837584996807e-30 3.76434751048756e-30 2.7059753650376724e-30 1.51937409193822e-30 4.272635481132092e-31 -3.3297399638322447e-31 -5.751015183162015e-31 -4.857861263850821e-31 -2.5226137568806966e-31 -4.8587585962834423e-32 -5.208471175928023e-33 -1.1001295568157174e-32 -1.988928654802517e-33 7.234609709317862e-34 7.797102436790061e-34 -4.477884948639843e-34 -1.0173980230285533e-34 8.446689825948488e-35 -3.2390699827029344e-35 3.868198738241548e-35 1.7113835678879337e-34 -2.9475894232707373e-34 -3.4649660387062554e-34 6.278616988914065e-34 2.133994882177007e-33 -2.7981297352577866e-33 -1.8476156437703415e-32 -5.094620657541278e-32 -1.603671388284595e-31 -3.72355343796243e-31 -6.709543882750737e-31 -1.0954493659142128e-30 -9.786698644683418e-31 8.604931897722561e-32 2.0525054280942004e-30 4.085991588921525e-30 5.6346450677505286e-30 6.37783631601936e-30 6.2020777539067325e-30 5.199100543766825e-30 3.59571256595434e-30 1.722457942511909e-30 -2.3057017835764283e-31 -2.0527706274372485e-30 -3.493641331090827e-30 -4.234565530500462e-30 -3.711744440532319e-30 -1.0769001942665013e-30 4.8654736384365804e-30 1.581478422595428e-29 3.393089940942143e-29 6.179113517900519e-29 1.033373328847267e-28 1.5982672411112608e-28 2.2885527210380425e-28 3.031663474487848e-28 3.6849401794890704e-28 4.088560930445189e-28 4.1062871922890435e-28 3.592972896835983e-28 2.794219482641133e-28 2.0470100318257145e-28 1.4183717124204804e-28 9.673775621583161e-29 7.552234452554875e-29 8.778773549548546e-29 1.6550205871924001e-28 3.304940779593847e-28 5.953501901199329e-28 9.573712860327334e-28 1.4303190357135665e-27 2.0319983411575034e-27 2.7799081704036655e-27 3.683816637462518e-27 4.731693633523525e-27 5.888955029117239e-27 7.095305609627216e-27 8.280748223889031e-27 9.36974867217925e-27 1.0287252355082219e-26 1.0957197688711178e-26 1.1332325892942528e-26 1.1396219618614234e-26 1.115933796944923e-26 1.0642416976995259e-26 9.87588888476823e-27 8.899483557786185e-27 7.765697697776318e-27 6.540864841412047e-27 5.301855703009917e-27 4.107682167279309e-27 3.0097206808539197e-27 2.0489245589156575e-27 1.2518670596976195e-27 6.349148957111818e-28 1.8778973350470514e-28 -1.3041762527954006e-28 -3.6466826936724658e-28 -5.512768270347855e-28 -7.12889890665476e-28 -8.489795538687932e-28 -9.536086951597359e-28 -1.0178314147457215e-27 -1.0322983519575476e-27 -1.0096478017019439e-27 -9.679396166764768e-28 -9.264153917793811e-28 -9.008549475674323e-28 -8.832487772628565e-28 -8.609647488484698e-28 -8.310494414460184e-28 -7.898888686260912e-28 -7.359050881883364e-28 -6.6936976056199675e-28 -5.970356314337031e-28 -5.230831324266125e-28 -4.502284075964903e-28 -3.7989186698848684e-28 -3.1332686396819965e-28 -2.510654965026779e-28 -1.9310172148676555e-28 -1.4038700803558867e-28 -9.552200665804092e-29 -6.089171674117333e-29 -3.4807904362888546e-29 -1.5869145447756974e-29 -2.4497625639198286e-30 7.058412488769152e-30 1.312365961706e-29 1.6247217414928696e-29 1.6950399457466236e-29 1.5691764134203296e-29 1.2979864069294313e-29 9.330486177480355e-30 5.238960837220487e-30 1.4732494177103187e-30 -1.148129177298712e-30 -1.983010206251241e-30 -1.6750413901876213e-30 -8.698236167830599e-31 -1.675350799803596e-31 -1.7959353559708054e-32 -3.793361815403077e-32 -6.858034097451203e-33 2.4945691214457704e-33 2.6885224990503737e-33 -1.544021581119467e-33 -3.508094830893403e-34 2.912507027308416e-34 5.729400321588132e-35 -6.842229162438085e-35 -3.0271657039191736e-34 5.213817509289749e-34 6.128974564442537e-34 -1.1105876189040663e-33 -3.774697993394754e-33 4.9494470606163615e-33 3.2681386077050763e-32 9.011574738830507e-32 2.8366399666344694e-31 6.586374600923119e-31 1.1868117417810648e-30 1.937675932555705e-30 1.731111543191936e-30 -1.5220757758716109e-31 -3.630556092460096e-30 -7.227470122098923e-30 -9.966792145716769e-30 -1.1281379419116477e-29 -1.0970490439400196e-29 -9.19638306264952e-30 -6.360244404167595e-30 -3.046754513846374e-30 4.078420225993535e-31 3.6310251876759685e-30 6.179696601637938e-30 7.490273825660119e-30 6.565486359860199e-30 1.9048653939308815e-30 -8.606250058694658e-30 -2.797384135341834e-29 -6.001837163845531e-29 -1.092987035322612e-28 -1.8278732828040607e-28 -2.827080888634712e-28 -4.048086261082183e-28 -5.362531151884388e-28 -6.5180738797759255e-28 -7.2320148790791985e-28 -7.263369820717263e-28 -6.355398364356922e-28 -4.942530444684805e-28 -3.6208356092466158e-28 -2.508874272023441e-28 -1.711137253893502e-28 -1.3358703186046273e-28 -1.5528256031196483e-28 -2.927468543349581e-28 -5.8459152985235145e-28 -1.0530799238262472e-27 -1.6934377408515193e-27 -2.53000718935027e-27 -3.594282312908994e-27 -4.91721600653928e-27 -6.516086512406775e-27 -8.369614478828806e-27 -1.041662607394639e-26 -1.2550468640097157e-26 -1.4647328334873175e-26 -1.6573597156443096e-26 -1.8196515439742897e-26 -1.938154232412276e-26 -2.0045084533895114e-26 -2.015810238604311e-26 -1.973909637378064e-26 -1.882474524330707e-26 -1.7468878799694893e-26 -1.5741772863665054e-26 -1.3736285762255892e-26 -1.156975098575138e-26 -9.378140618013108e-27 -7.265837309935278e-27 -5.3237178352315956e-27 -3.624222103636362e-27 -2.214353988198731e-27 -1.1230636037436248e-27 -3.32170210954886e-28 2.306880642472802e-28 6.450402464213423e-28 9.751211449520001e-28 1.2609889846924486e-27 1.5017099830878214e-27 1.6867823152541593e-27 1.800382105380904e-27 1.8259718194505167e-27 1.7859065937486373e-27 1.712131439159447e-27 1.6386816808180315e-27 1.5934693149005856e-27 1.5623267961077842e-27 1.522909889326732e-27 1.4699944621305684e-27 1.3971879465534165e-27 1.3016992134754223e-27 1.1840087870467426e-27 1.05606120181421e-27 9.252509773200649e-28 7.963825409800504e-28 6.719683725531284e-28 5.542254550665526e-28 4.44094985308195e-28 3.415662739848827e-28 2.4832231883460536e-28 1.689632575331006e-28 1.0770777517452654e-28 6.156965410143338e-29 2.806999771965911e-29 4.333240866811103e-30 -1.2485210569685156e-29 -2.3213669365609283e-29 -2.8738746979442577e-29 -2.99825643226439e-29 -2.775623835113872e-29 -2.2959317881066992e-29 -1.6504148039559663e-29 -9.266889590282867e-30 -2.605944216160138e-30 2.0308581515638504e-30 3.507630083350121e-30 2.9628821639461334e-30 1.5385798195986975e-30 2.963429460410535e-31 3.1767243872744815e-32 6.709854532581465e-32 1.2130773022204823e-32 -4.4124965508017546e-33 -4.755569269195435e-33 2.731128932243494e-33 6.205262547393749e-34 -5.151762323081139e-34 9.780748679548068e-35 -1.1680476156213824e-34 -5.167721803239272e-34 8.900589216499319e-34 1.0462868103719946e-33 -1.895901451705057e-33 -6.443845837676944e-33 8.4492782988529e-33 5.579090406991547e-32 1.5383799836044306e-31 4.842472344554472e-31 1.1243702842446046e-30 2.0260248411357223e-30 3.307836816243198e-30 2.955207524310494e-30 -2.598359304871838e-31 -6.1977789497170374e-30 -1.2338127009062132e-29 -1.7014466374695504e-29 -1.9258618819390203e-29 -1.8727895391562847e-29 -1.5699289008890387e-29 -1.0857672455265426e-29 -5.2011621660949284e-30 6.962334802295412e-31 6.198579749751817e-30 1.0549456485142968e-29 1.278676331200981e-29 1.1208044200493673e-29 3.251825434061724e-30 -1.4691863750599218e-29 -4.775458102490492e-29 -1.0245829863639751e-28 -1.8658552208883824e-28 -3.120390999729867e-28 -4.8261538933760715e-28 -6.910551214923989e-28 -9.154460596108912e-28 -1.1127105615784566e-27 -1.234588543467803e-27 -1.2399411944761787e-27 -1.0849399705366257e-27 -8.437470836008301e-28 -6.1811849612329175e-28 -4.282938413538471e-28 -2.9211091035230217e-28 -2.280485063342452e-28 -2.6508528144958605e-28 -4.997527225071497e-28 -9.979653214709244e-28 -1.7977291682235012e-27 -2.8908939885896475e-27 -4.319014746356182e-27 -6.1358554147026425e-27 -8.394256163633135e-27 -1.1123712949925227e-26 -1.4287899460318993e-26 -1.7782384892008104e-26 -2.1425100829092696e-26 -2.5004682729443125e-26 -2.829304628856885e-26 -3.106355541091036e-26 -3.3086533294133957e-26 -3.42192765530837e-26 -3.441221109180171e-26 -3.369691939089925e-26 -3.213601631027827e-26 -2.9821395550035504e-26 -2.6873026060173695e-26 -2.3449427739564359e-26 -1.9750902420118868e-26 -1.6009570167646104e-26 -1.2403624234075407e-26 -9.08820177768143e-27 -6.186966098585771e-27 -3.780158241829439e-27 -1.9171994001123313e-27 -5.670529496902022e-28 3.9381119367510535e-28 1.1011582686264219e-27 1.6646445204617115e-27 2.1526539698199307e-27 2.563592541932775e-27 2.8795324076904525e-27 3.0734603818112345e-27 3.11714498195366e-27 3.048749010057827e-27 2.9228062926130985e-27 2.797419064179806e-27 2.7202363289158102e-27 2.667072449197254e-27 2.5997832326460896e-27 2.5094504812890357e-27 2.3851613426141392e-27 2.2221510365534135e-27 2.0212398733807555e-27 1.8028185543808125e-27 1.5795103792341196e-27 1.3595170609412051e-27 1.1471276928985255e-27 9.461269214215016e-28 7.581214782313703e-28 5.8309311546898825e-28 4.239149048311757e-28 2.8843981311596017e-28 1.8386962346789877e-28 1.0510651713271748e-28 4.791873105855742e-29 7.397343091877265e-30 -2.1313697758505814e-29 -3.9628417155530343e-29 -4.9060363352962115e-29 -5.118370334576965e-29 -4.7383107544538406e-29 -3.919420976814468e-29 -2.8174488617605655e-29 -1.581965180251262e-29 -4.4486480296841706e-30 3.46690963608555e-30 5.9879300416147855e-30 5.0579823692239646e-30 2.6265336151020496e-30 5.058916667558363e-31 5.423035765000381e-32 1.1454497360339949e-31 2.070863189155739e-32 -7.53264170604314e-33 -8.118306496257679e-33 4.6623528115498175e-33 1.0593100509725989e-33 -8.794653839991974e-34 -2.137928501564964e-34 2.5531811218668797e-34 1.1295883467810407e-33 -1.9455385257213633e-33 -2.287029823591987e-33 4.144163072256346e-33 1.4085303822508452e-32 -1.8468885649436278e-32 -1.2195075024501284e-31 -3.362673473273751e-31 -1.0584935758275013e-30 -2.457708868614909e-30 -4.428593755814295e-30 -7.2304471157648e-30 -6.459651097218538e-30 5.679633128982623e-31 1.3547437622878415e-29 2.69693397245022e-29 3.7191133106759137e-29 4.2096521876128153e-29 4.0936438143432744e-29 3.431634788355561e-29 2.373328275809243e-29 1.136897920185357e-29 -1.5218644869332332e-30 -1.3549188060807795e-29 -2.3059567772067234e-29 -2.7949993023529044e-29 -2.4499144120269885e-29 -7.108014437639275e-30 3.211426372614313e-29 1.043845243411795e-28 2.2395884412757283e-28 4.078486410006902e-28 6.820717997743387e-28 1.0549266012892065e-27 1.510545346719404e-27 2.001031093631401e-27 2.4322224215850317e-27 2.69862985088486e-27 2.7103299625528367e-27 2.3715199743883558e-27 1.844307626679197e-27 1.3511165594489527e-27 9.361876485329088e-28 6.385116942952292e-28 4.984806558489195e-28 5.794376252266357e-28 1.0923863033976007e-27 2.181406121970983e-27 3.929572830523719e-27 6.3190711226511965e-27 9.440734066843594e-27 1.341208183910483e-26 1.8348615316910367e-26 2.4314808344486064e-26 3.1231256918082167e-26 3.8869690588173046e-26 4.6832134446736426e-26 5.465657654184935e-26 6.184445796831777e-26 6.790038539369518e-26 7.232231894560807e-26 7.479832991143251e-26 7.522005657350226e-26 7.365653361173616e-26 7.024462794501203e-26 6.518520575136904e-26 5.874050159580946e-26 5.1257016774904027e-26 4.317258177527161e-26 3.4994577085628195e-26 2.7112507072767024e-26 1.9865478857441732e-26 1.3523802313272667e-26 8.26287261993581e-27 4.1907172709506866e-27 1.2394947496043783e-27 -8.608136272973879e-28 -2.4069707996325534e-27 -3.638669269369076e-27 -4.7053864963367076e-27 -5.603638066416343e-27 -6.294236369249734e-27 -6.718134535699046e-27 -6.813622677573984e-27 -6.664119094072432e-27 -6.388826747849348e-27 -6.1147486192989134e-27 -5.946038457182085e-27 -5.829829997674695e-27 -5.6827456193571906e-27 -5.4852914468063745e-27 -5.213613581732221e-27 -4.857296912320876e-27 -4.418134516762622e-27 -3.94069748350413e-27 -3.4525784979900106e-27 -2.971705304364488e-27 -2.5074532330025894e-27 -2.0680949667963104e-27 -1.657142586113386e-27 -1.274556203804853e-27 -9.266159340721497e-28 -6.304872129067003e-28 -4.0191208414637128e-28 -2.297474621558979e-28 -1.0474333230213347e-28 -1.616950927067156e-29 4.658862363062847e-29 8.662191953157361e-29 1.0723877337863811e-28 1.1188008381396248e-28 1.035725376826263e-28 8.567280574385657e-29 6.158530825319419e-29 3.4579443338797636e-29 9.724093451869061e-30 -7.57815701517468e-30 -1.3088738624002197e-29 -1.1056009128178152e-29 -5.741218040099624e-30 -1.1058051367609403e-30 -1.1853962417694686e-31 -2.503785464886461e-31 -4.526603821564075e-32 1.6465252225598357e-32 1.774542973379168e-32 -1.0191220822936716e-32 -2.3154967214818237e-33 1.922382603118079e-33 -2.860935150845205e-34 3.4166182884648403e-34 1.511593584645967e-33 -2.6034825541334833e-33 -3.0604596965756515e-33 5.545639995199039e-33 1.8848684969517654e-32 -2.4714710577035533e-32 -1.6319216837679665e-31 -4.4998655154238195e-31 -1.4164559175370582e-30 -3.28885913910366e-30 -5.926259710385932e-30 -9.675646446684129e-30 -8.644181915505733e-30 7.6003767033005e-31 1.81289226734529e-29 3.6089856111573363e-29 4.9768465088662637e-29 5.633276279756883e-29 5.478036087378079e-29 4.5921482338742455e-29 3.17594264132624e-29 1.5213751187685487e-29 -2.036530002525195e-30 -1.8131265043108373e-29 -3.085787380646602e-29 -3.7402147617485636e-29 -3.278428742718068e-29 -9.511809345271753e-30 4.297469530508439e-29 1.3968537983390544e-28 2.996974542408707e-28 5.457752735687816e-28 9.127354751093297e-28 1.4116826600321337e-27 2.021382976364804e-27 2.677741649139182e-27 3.254753661199559e-27 3.611255002525954e-27 3.6269118687063284e-27 3.1735228035848107e-27 2.468017293815e-27 1.808038412837504e-27 1.252788457003185e-27 8.544441717792912e-28 6.670573065479172e-28 7.753923790845098e-28 1.4618105181313788e-27 2.9191160714418943e-27 5.258479422833667e-27 8.456060469035112e-27 1.2633410290084242e-26 1.7947792144369414e-26 2.45537671035123e-26 3.253761283633915e-26 4.179307241929359e-26 5.201467868999138e-26 6.266986921597385e-26 7.314038841384091e-26 8.275907426428838e-26 9.086300085711383e-26 9.678034800904509e-26 1.0009369866536605e-25 1.0065804524199074e-25 9.856576863112249e-26 9.400002153355838e-26 8.722959923820438e-26 7.86054190390464e-26 6.859116236328656e-26 5.777272561861564e-26 4.6829075699229757e-26 3.628143992081065e-26 2.658360496549027e-26 1.809729435127147e-26 1.1057218562769272e-26 5.607937931716857e-27 1.6586682342063996e-27 -1.151924382308303e-27 -3.220962424650095e-27 -4.869197827974853e-27 -6.296658478464398e-27 -7.498681599584531e-27 -8.422827078463809e-27 -8.990079520853764e-27 -9.117859931197154e-27 -8.917797086676729e-27 -8.54940611869542e-27 -8.182639993648794e-27 -7.956875271900858e-27 -7.801367327377536e-27 -7.604541817125723e-27 -7.340312408803518e-27 -6.976758270617382e-27 -6.499942098558102e-27 -5.912263355668874e-27 -5.273366222525531e-27 -4.620174704591543e-27 -3.9766793671956114e-27 -3.3554260986572284e-27 -2.7674852454576342e-27 -2.2175566065662557e-27 -1.705586805759916e-27 -1.2399797720987685e-27 -8.437059646771796e-28 -5.378310863541878e-28 -3.074436724335281e-28 -1.4016552973186228e-28 -2.1637728887024363e-29 6.234400773694849e-29 1.1591580085595698e-28 1.435048814957666e-28 1.4971579460034467e-28 1.3859879478585367e-28 1.146457148497497e-28 8.241228505513021e-29 4.6273551629428813e-29 1.3012596405199768e-29 -1.0140945210914284e-29 -1.7515100426410783e-29 -1.4794940575945396e-29 -7.682788494877487e-30 -1.4797673461677955e-30 -1.5862746457305295e-31 -3.3505179613661e-31 -6.057414911759638e-32 2.2033486533398516e-32 2.374659566250487e-32 -1.363769735748482e-32 -3.0985535557623194e-33 2.5724957393674573e-33 5.609001682837397e-34 -6.698445340218127e-34 -2.9635523046970138e-33 5.1042534196069564e-33 6.000179201373887e-33 -1.0872495328968183e-32 -3.6953758174672127e-32 4.845438498590744e-32 3.199461360909705e-31 8.822203902131656e-31 2.777030309101367e-30 6.447967351868672e-30 1.161871868446555e-29 1.8969572654093276e-29 1.694733656954662e-29 -1.490090603535315e-30 -3.5542629400035745e-29 -7.075590777603988e-29 -9.757348200370677e-29 -1.1044310502742967e-28 -1.0739954599520618e-28 -9.003128631299588e-29 -6.226589095878369e-29 -2.982729472419766e-29 3.992715569775042e-30 3.5547221768273595e-29 6.04983535567478e-29 7.332871876481004e-29 6.427518059300217e-29 1.864836212695215e-29 -8.425396787220454e-29 -2.7385994068162684e-28 -5.875713488519768e-28 -1.0700188110564577e-27 -1.7894620280205005e-27 -2.7676721072243287e-27 -3.963019055266048e-27 -5.249841966974981e-27 -6.3811019141249785e-27 -7.080040030069069e-27 -7.110736073349081e-27 -6.221844890877792e-27 -4.83866722931632e-27 -3.544746724566989e-27 -2.4561523409504144e-27 -1.6751791106181455e-27 -1.3077981015524622e-27 -1.5201942490685758e-27 -2.8659501976792973e-27 -5.7230681928650176e-27 -1.0309503146961386e-26 -1.6578515384861893e-26 -2.4768411675746984e-26 -3.518751424106111e-26 -4.813884753442865e-26 -6.37915630969226e-26 -8.193733909258613e-26 -1.0197729238082565e-25 -1.2286730856447554e-25 -1.4339526768084887e-25 -1.6225316633513142e-25 -1.7814130622918885e-25 -1.8974255141261972e-25 -1.9623853556839965e-25 -1.9734496431708007e-25 -1.932429548642106e-25 -1.8429158693473128e-25 -1.7101784668824572e-25 -1.5410972444580866e-25 -1.3447629006354834e-25 -1.1326622177565469e-25 -9.181066700484664e-26 -7.113151710386454e-26 -5.211844280273601e-26 -3.5480620547133516e-26 -2.167821158993766e-26 -1.0994633450702672e-26 -3.2518992692131595e-27 2.258403442214177e-27 6.3148525582812945e-27 9.546297755572294e-27 1.2344903375894154e-26 1.4701527820425656e-26 1.651335971251379e-26 1.7625485551501737e-26 1.7876005224070324e-26 1.748377234491602e-26 1.6761524041391045e-26 1.6042461320996775e-26 1.5599838668900715e-26 1.5294957825316358e-26 1.4909071896483378e-26 1.4391037366626314e-26 1.3678271901705635e-26 1.2743450743368268e-26 1.1591278154915643e-26 1.0338689436048952e-26 9.058075884682172e-27 7.796472164037705e-27 6.578475094733387e-27 5.4257886262786914e-27 4.347626941782167e-27 3.3438853945789774e-27 2.4310402939061883e-27 1.6541263353956265e-27 1.0544438479883271e-27 6.027581842076152e-28 2.748012978575784e-28 4.242181369943403e-29 -1.2222844131904225e-28 -2.272585318336612e-28 -2.813482583180801e-28 -2.9352505375592453e-28 -2.717296381444158e-28 -2.2476846685434366e-28 -1.6157326932688433e-28 -9.07215352152253e-29 -2.551182439947312e-29 1.9881813368427546e-29 3.4339201200753444e-29 2.900619630401197e-29 1.506247829200717e-29 2.901155425877317e-30 3.109968135302356e-31 6.568852454207843e-31 1.187585479730578e-31 -4.319771562310661e-32 -4.655634889508971e-32 2.6737365023896824e-32 6.074864054905007e-33 -5.0435022719718585e-33 1.8611508330522645e-33 -2.2226445684790293e-33 -9.833510761227769e-33 1.6936677935649762e-32 1.9909493971300912e-32 -3.607656920790506e-32 -1.226181087067717e-31 1.607789123269703e-31 1.0616292369717784e-30 2.9273394925312335e-30 9.214602820066138e-30 2.1395322171890176e-29 3.8552650148650744e-29 6.294388546081646e-29 5.62338030219722e-29 -4.944343959710202e-30 -1.1793577189601967e-28 -2.3477870774818652e-28 -3.237634387904105e-28 -3.664667770529652e-28 -3.563677919964184e-28 -2.9873730302704937e-28 -2.0660755945169565e-28 -9.897143487800482e-29 1.3248428609407745e-29 1.1795100992997913e-28 2.0074260517035574e-28 2.4331568010177765e-28 2.1327468341058714e-28 6.187806067930457e-29 -2.795672944337965e-28 -9.087083325379883e-28 -1.9496498075373436e-27 -3.550482801954959e-27 -5.93770323437259e-27 -9.183550902715673e-27 -1.3149891248863852e-26 -1.7419762553881e-26 -2.1173452624786218e-26 -2.3492634058151878e-26 -2.3594488130320527e-26 -2.0645013948780295e-26 -1.6055423140188178e-26 -1.1762000957013597e-26 -8.149881620628358e-27 -5.558495380834268e-27 -4.339470125317363e-27 -5.0442323791555826e-27 -9.509652334333696e-27 -1.898999810080997e-26 -3.4208476747403713e-26 -5.500999902628461e-26 -8.218530251779807e-26 -1.1675744656766474e-25 -1.5973191173394775e-25 -2.116699681844179e-25 -2.7188037284166655e-25 -3.3837594167751914e-25 -4.076921466179039e-25 -4.7580699193970035e-25 -5.38380326319879e-25 -5.9109955599112355e-25 -6.295942264417818e-25 -6.5114887556539915e-25 -6.548201719976181e-25 -6.412090897746041e-25 -6.11507109246985e-25 -5.674628494833156e-25 -5.113591654928705e-25 -4.462124873203893e-25 -3.7583430152449463e-25 -3.0464155478212206e-25 -2.3602503577473306e-25 -1.7293680533888984e-25 -1.1773001722106844e-25 -7.193155543273439e-26 -3.648184178579543e-26 -1.079028919929833e-26 7.493721146188227e-27 2.09536273414476e-26 3.167604687286653e-26 4.09622398088186e-26 4.8781872954129834e-26 5.479380275045328e-26 5.848400298231976e-26 5.931526480622138e-26 5.801377732009852e-26 5.561724918926844e-26 5.323129130076145e-26 5.176260299500892e-26 5.075096265631846e-26 4.947053530282225e-26 4.775161908316912e-26 4.538655643243147e-26 4.2284679706641295e-26 3.8461598356577154e-26 3.4305321234282925e-26 3.005605351710232e-26 2.5869863267723213e-26 2.1828366423823553e-26 1.800357994310854e-26 1.4426077866253435e-26 1.1095512959934028e-26 8.06655608785918e-27 5.488639120465789e-27 3.498802739760364e-27 2.0000420033791635e-27 9.11831896457708e-28 1.4076193628654227e-28 -4.055722895420374e-28 -7.540778729756484e-28 -9.335556930180242e-28 -9.739601254463781e-28 -9.01639669459279e-28 -7.458154639924489e-28 -5.361243261257978e-28 -3.0102765222621104e-28 -8.465205732575944e-29 6.597083691944428e-29 1.1394261676982151e-28 9.624690713347517e-29 4.997956071511806e-29 9.626468562997201e-30 1.0319340434836101e-30 2.179643706043167e-30 3.9405866315506535e-31 -1.4333649542696134e-31 -1.5448094405876868e-31 8.871858486639497e-32 2.0157309507164864e-32 -1.6735096518783016e-32 -3.887067315940934e-33 4.642057432213023e-33 2.0537571486664705e-32 -3.537274146509999e-32 -4.1581553691359484e-32 7.534695767368634e-32 2.5609146460504686e-31 -3.3579140610058786e-31 -2.2172433503250718e-30 -6.1138331517155756e-30 -1.9244964359029964e-29 -4.468474883710339e-29 -8.051832428984466e-29 -1.3146012433099153e-28 -1.1744592319336066e-28 1.0326405272792419e-29 2.463122688032538e-28 4.903421179580008e-28 6.761893010641226e-28 7.6537645748012835e-28 7.442844352716822e-28 6.239214931346864e-28 4.315058604732174e-28 2.067047028470525e-28 -2.766972600571192e-29 -2.463440937513001e-28 -4.192567336855427e-28 -5.081718313552079e-28 -4.454303413760592e-28 -1.2923411836376296e-28 5.838843760026629e-28 1.8978636207729882e-27 4.071899982003603e-27 7.415285966453325e-27 1.2401064847462347e-26 1.9180111531248423e-26 2.74639280000679e-26 3.638167765066204e-26 4.422136787233827e-26 4.9065045336699e-26 4.9277770510248995e-26 4.3117708420303053e-26 3.353221534353396e-26 2.456527900256384e-26 1.7021263351875042e-26 1.160907828011727e-26 9.063108795252434e-27 1.053502513508269e-26 1.9861183794449675e-26 3.96611599784755e-26 7.144539255635988e-26 1.1488997315086746e-25 1.7164638005658422e-25 2.4385130229088775e-25 3.336047150650375e-25 4.420788473492672e-25 5.678300179944914e-25 7.067079357138067e-25 8.514768334744015e-25 9.9373665694358e-25 1.1244228746212448e-24 1.2345285097590914e-24 1.3149257417713255e-24 1.3599432495518854e-24 1.3676108582772263e-24 1.3391837195945597e-24 1.2771502746587624e-24 1.18516256494239e-24 1.0679883991233103e-24 9.319276785466886e-25 7.849408030699768e-25 6.362526935100504e-25 4.9294511004649825e-25 3.611835170724636e-25 2.458825442106937e-25 1.5023113285718168e-25 7.619338115117858e-26 2.2535830901869058e-26 -1.5650853245155995e-26 -4.376225642270061e-26 -6.615633956955057e-26 -8.555082195440791e-26 -1.0188235182226905e-25 -1.144384409899716e-25 -1.2214553084739164e-25 -1.238816451956118e-25 -1.2116345095783334e-25 -1.1615823267891908e-25 -1.1117509065665563e-25 -1.0810769267376744e-25 -1.0599485258214411e-25 -1.0332064304024743e-25 -9.973063682590048e-26 -9.479113511193454e-26 -8.831277590297381e-26 -8.032815998820909e-26 -7.16476550714007e-26 -6.277293660910817e-26 -5.402995726176118e-26 -4.5589174274499024e-26 -3.7600997145291857e-26 -3.0129280641892427e-26 -2.31732995574613e-26 -1.6847235571236162e-26 -1.1463181464289784e-26 -7.307350662463247e-27 -4.177145539480457e-27 -1.9043872740340967e-27 -2.9398537273756046e-28 8.470494508885514e-28 1.574913436190752e-27 1.9497580515240734e-27 2.0341438765976274e-27 1.8831005136496285e-27 1.5576571560504657e-27 1.1197111529918158e-27 6.287049535291268e-28 1.7679826874111204e-28 -1.3778199998290706e-28 -2.379724489130265e-28 -2.010144477884115e-28 -1.0438375732605234e-28 -2.0105157869178134e-29 -2.1552240805079352e-30 -4.552248887628138e-30 -8.230029092024196e-31 2.993624141707898e-31 3.226379172974355e-31 -1.8529132910999236e-31 -4.209912359900447e-32 3.495173284602111e-32 -2.7100245134604782e-33 3.236396082763714e-33 1.431858973562765e-32 -2.466152208787912e-32 -2.8990243970002124e-32 5.253114640910586e-32 1.7854441162593337e-31 -2.3411041487299227e-31 -1.5458399211907216e-30 -4.262503417829893e-30 -1.341739696331926e-29 -3.115376064952376e-29 -5.613657160042792e-29 -9.165268582650358e-29 -8.188212471002544e-29 7.199466713763795e-30 1.7172645407550329e-28 3.4186162785481844e-28 4.714324278861263e-28 5.336128225914566e-28 5.189076752495625e-28 4.34991833886513e-28 3.008415762332934e-28 1.4411245400035493e-28 -1.92910573196141e-29 -1.7174864280815665e-28 -2.9230160863553094e-28 -3.5429232677536874e-28 -3.1054958644256217e-28 -9.010073725231642e-29 4.070783558235611e-28 1.3231715638112883e-27 2.8388880047218528e-27 5.1698633255757246e-27 8.645898572571945e-27 1.3372182223669368e-26 1.9147576342016333e-26 2.536494234445767e-26 3.083069607935525e-26 3.4207659639422346e-26 3.435596950882511e-26 3.0061235739021426e-26 2.3378325692223648e-26 1.7126667223492213e-26 1.1867054849442229e-26 8.093733465398503e-27 6.3187089655198954e-27 7.344914338994634e-27 1.3847019023116225e-26 2.765136469097795e-26 4.9811014238325095e-26 8.010014197883759e-26 1.196701420875026e-25 1.700106928096754e-25 2.3258587589139574e-25 3.0821295766416866e-25 3.9588541804770587e-25 4.927097154028354e-25 5.936411452132039e-25 6.928232734838051e-25 7.839363993740742e-25 8.607009486412544e-25 9.167530959277767e-25 9.481388527947888e-25 9.534846330298036e-25 9.336655158260462e-25 8.904164175055392e-25 8.262835049121531e-25 7.445908466438889e-25 6.497306710060365e-25 5.472528892836913e-25 4.435890241462611e-25 3.4367640807081845e-25 2.5181354126225688e-25 1.7142685441466335e-25 1.0473964562359369e-25 5.312126449734764e-26 1.5711756302891662e-26 -1.0911618542449214e-26 -3.0510608110972904e-26 -4.6123539248986405e-26 -5.964517869050239e-26 -7.103135822476318e-26 -7.978533820573591e-26 -8.515864429144494e-26 -8.636904588045966e-26 -8.44739480056887e-26 -8.0984359808519e-26 -7.751016295701331e-26 -7.537160371837401e-26 -7.389855270876016e-26 -7.203412052416174e-26 -6.953120404476581e-26 -6.608743277934196e-26 -6.157078543571046e-26 -5.600399095846221e-26 -4.9952029618133396e-26 -4.376466453314639e-26 -3.766914664326646e-26 -3.178431703753798e-26 -2.621503971597156e-26 -2.1005833585023267e-26 -1.6156193037750305e-26 -1.1745724400684581e-26 -7.992015644147882e-27 -5.0946119104302736e-27 -2.9122641577013854e-27 -1.3277197912555414e-27 -2.04963667369149e-28 5.905544172048771e-28 1.0980139193277114e-27 1.359351842040313e-27 1.4181847967714085e-27 1.3128788726655645e-27 1.0859830138856855e-27 7.806514341579084e-28 4.383268153425774e-28 1.2326198764529404e-28 -9.606023423527318e-29 -1.6591201481045224e-28 -1.4014526557990816e-28 -7.277531320037648e-29 -1.401711528776478e-29 -1.50260070457076e-30 -3.1737824642644845e-30 -5.737894093012664e-31 2.0871248560895854e-31 2.2493993393311465e-31 -1.2918326425525782e-31 -2.93510885557626e-32 2.4367999098328042e-32 7.081891642588236e-33 -8.457416623138526e-33 -3.741763238256294e-32 6.444599534935606e-32 7.575790014234471e-32 -1.3727546926873875e-31 -4.665759184025645e-31 6.117821378434172e-31 4.039620586545522e-30 1.1138861351145841e-29 3.5062616917487423e-29 8.141164625216778e-29 1.4669724021625793e-28 2.3950867843267285e-28 2.1397604786373755e-28 -1.8813793782671116e-29 -4.487590915400517e-28 -8.933598171631668e-28 -1.231956889435695e-27 -1.3944479724325439e-27 -1.3560201801370882e-27 -1.136729582825693e-27 -7.861653786346176e-28 -3.765976224225154e-28 5.0411784268736086e-29 4.48817073141917e-28 7.638485556857787e-28 9.258439717259853e-28 8.11534545866257e-28 2.354530926340967e-28 -1.0637855088678368e-27 -3.457739066256896e-27 -7.418640352704924e-27 -1.3509992863317648e-26 -2.2593639455722588e-26 -3.494446081765647e-26 -5.003683916724109e-26 -6.628418750695192e-26 -8.056740725324443e-26 -8.939215767564084e-26 -8.977972405829475e-26 -7.855663768298628e-26 -6.109272008472853e-26 -4.475575795811947e-26 -3.101123103426398e-26 -2.1150710208481783e-26 -1.6512179782310185e-26 -1.9193880708686808e-26 -3.6185314013446684e-26 -7.2259113211877e-26 -1.3016716386013786e-25 -2.093193336447185e-25 -3.1272446943614976e-25 -4.442754289756037e-25 -6.077981807084477e-25 -8.054284217739185e-25 -1.0345358932569354e-24 -1.2875591328046794e-24 -1.5513152151158985e-24 -1.810499986768945e-24 -2.048598675920999e-24 -2.2492013703789045e-24 -2.395677991201738e-24 -2.477695894709197e-24 -2.4916655972419713e-24 -2.4398738736972266e-24 -2.3268544429906287e-24 -2.15926100053728e-24 -1.9457800705662034e-24 -1.6978895141609064e-24 -1.4300924733123045e-24 -1.1591959349635512e-24 -8.98102237597943e-25 -6.580443101047781e-25 -4.479761714434975e-25 -2.737077897932487e-25 -1.38817577634432e-25 -4.105828362284816e-26 2.8514465514294116e-26 7.973094698745371e-26 1.205309788230838e-25 1.5586600430933556e-25 1.856206021714095e-25 2.084966821785419e-25 2.225383158299881e-25 2.2570136207572756e-25 2.2074905343342473e-25 2.116299899799039e-25 2.0255114750656573e-25 1.9696262063535893e-25 1.9311321351753747e-25 1.8824104108763138e-25 1.8170036840505263e-25 1.7270103470095722e-25 1.608980392272062e-25 1.4635077772818623e-25 1.3053566823341339e-25 1.1436671889699155e-25 9.843778653531105e-26 8.305942911958204e-26 6.850567940499263e-26 5.489287511071354e-26 4.2219694974230737e-26 3.0694167880549133e-26 2.0884899176014846e-26 1.331334431874707e-26 7.610388415841335e-27 3.46962458208381e-27 5.356152543536955e-28 -1.5432489179875734e-27 -2.8693524951753333e-27 -3.55228611362794e-27 -3.706029596813968e-27 -3.430841995683369e-27 -2.837913083721501e-27 -2.0400143372693812e-27 -1.1454446225176431e-27 -3.221107531532996e-28 2.5102657490049524e-28 4.335646800362278e-28 3.66230482236741e-28 1.9017794094488515e-28 3.662981314445666e-29 3.926626982595145e-30 8.293793424397775e-30 1.4994382526169478e-30 -5.454117478080879e-31 -5.8781764863328945e-31 3.3758435555670756e-31 7.670086656223724e-32 -6.367895499946012e-32 2.533843986830804e-32 -3.025995784446787e-32 -1.3387728531646299e-31 2.305825985531694e-31 2.710556860166399e-31 -4.9116061046211045e-31 -1.669371186737139e-30 2.1889073845771643e-30 1.4453438225161773e-29 3.9853951883391635e-29 1.254512291444373e-28 2.9128433604727507e-28 5.248709512060441e-28 8.569428273038354e-28 7.655891238390552e-28 -6.731424548971442e-29 -1.6056240119743437e-27 -3.1963697226008523e-27 -4.407842869341593e-27 -4.989222920979541e-27 -4.851731362891766e-27 -4.067127204726555e-27 -2.8128366173413615e-27 -1.3474360567378812e-27 1.8036932922001068e-28 1.605831477197269e-27 2.7329888374217564e-27 3.3125954337415915e-27 2.9036054813339997e-27 8.424322761728358e-28 -3.8061391656643394e-27 -1.2371512858677281e-26 -2.6543299763617875e-26 -4.833767015862929e-26 -8.083822861568564e-26 -1.250284761737825e-25 -1.7902779459743394e-25 -2.3715950295372194e-25 -2.882637168533632e-25 -3.198379656217651e-25 -3.21224647078542e-25 -2.8106934485402547e-25 -2.1858484940221424e-25 -1.601325101600776e-25 -1.1095569598768834e-25 -7.567554389170312e-26 -5.907925432191148e-26 -6.867416500661884e-26 -1.2946814963449593e-25 -2.585373078666404e-25 -4.657276653515064e-25 -7.489277760298721e-25 -1.118903052514524e-24 -1.5895818273602134e-24 -2.1746531085844125e-24 -2.8817582491332176e-24 -3.701486393712241e-24 -4.606783236912734e-24 -5.550481330086182e-24 -6.4778236406193336e-24 -7.329721640351334e-24 -8.047461980525264e-24 -8.571543573463489e-24 -8.864997049397826e-24 -8.914979523885885e-24 -8.729672893956212e-24 -8.325298441994689e-24 -7.725662556158519e-24 -6.961844922960265e-24 -6.074912408136377e-24 -5.1167560896858155e-24 -4.1475100179261765e-24 -3.2133377244053265e-24 -2.354429727127508e-24 -1.6028227872734822e-24 -9.793045046751323e-25 -4.966781519755689e-25 -1.4690324423023427e-25 1.0202246824235487e-25 2.8527092830860604e-25 4.312501676053139e-25 5.576760528075694e-25 6.641356158609994e-25 7.459843941082464e-25 7.962242323602452e-25 8.075413580056269e-25 7.898223952122051e-25 7.571951181344975e-25 7.247117484955009e-25 7.04716447941962e-25 6.909435782783661e-25 6.735113364118283e-25 6.501093345533858e-25 6.17910440891518e-25 5.756802704389502e-25 5.236313364007378e-25 4.670461439887356e-25 4.0919494101908713e-25 3.522024995169475e-25 2.9717997097716334e-25 2.4510782260469754e-25 1.9640230142225193e-25 1.510586800589879e-25 1.098212691692112e-25 7.472449304555928e-26 4.763407746483035e-26 2.722935896583859e-26 1.2414038306200296e-26 1.9163884133561385e-27 -5.521620748179501e-27 -1.0266312917140803e-26 -1.2709794594700243e-26 -1.3259876441180366e-26 -1.2275277294106424e-26 -1.015382523883675e-26 -7.299007566502633e-27 -4.09830892798902e-27 -1.152486425919575e-27 8.981529336807379e-28 1.551259625088465e-27 1.3103432710044016e-27 6.804414088576966e-28 1.3105853144859573e-28 1.4049156161609672e-29 2.967452720434363e-29 5.364869717609031e-30 -1.9514394579679187e-30 -2.1031643672571785e-30 1.2078497289424766e-30 2.7442954443167927e-31 -2.2783819000249967e-31 -5.273558986238123e-32 6.297849174708702e-32 2.786318986920036e-31 -4.798996864071326e-31 -5.641342388026699e-31 1.0222272817517634e-30 3.474376271300317e-30 -4.555660201624662e-30 -3.0081196564581937e-29 -8.29459774055631e-29 -2.610951819393971e-28 -6.0623508621708605e-28 -1.0923868776449436e-27 -1.7835109703223016e-27 -1.5933812124910018e-27 1.4009767197548693e-28 3.341702559479779e-27 6.65243967691749e-27 9.173816341343609e-27 1.0383812699448367e-26 1.0097658601220454e-26 8.464702377551712e-27 5.854211979629695e-27 2.8043492674961523e-27 -3.7539339355263345e-28 -3.3421343445438115e-27 -5.688028904827058e-27 -6.894334261543191e-27 -6.043124538529596e-27 -1.7533109063162328e-27 7.921521413453381e-27 2.5748192526022624e-26 5.524320270168088e-26 1.0060270329881146e-25 1.6824444169408725e-25 2.6021532794533476e-25 3.7260132817883125e-25 4.935878587421474e-25 5.999484270382301e-25 6.656622847835525e-25 6.685483134730547e-25 5.849751511184691e-25 4.549293889511827e-25 3.3327554583195093e-25 2.3092637531258255e-25 1.5749961183560437e-25 1.2295860913462798e-25 1.4292800256234164e-25 2.6945539161264914e-25 5.380803830170263e-25 9.69295002844903e-25 1.5587048071626946e-24 2.328715294775518e-24 3.3083147868598293e-24 4.52599351075966e-24 5.997655020799565e-24 7.70371298855569e-24 9.587860681595006e-24 1.155193091837294e-23 1.3481960707135814e-23 1.5254972137537892e-23 1.674876814080432e-23 1.7839512167712138e-23 1.8450261773044097e-23 1.8554287722875186e-23 1.8168618578089784e-23 1.7327014858253103e-23 1.6079023572905238e-23 1.448932927284474e-23 1.2643402310606546e-23 1.0649240914215394e-23 8.631998985435539e-24 6.68775430485417e-24 4.900153327606885e-24 3.335872514706718e-24 2.0381760270320908e-24 1.0337106565117032e-24 3.057421559505229e-25 -2.1233410865942886e-25 -5.937196904990405e-25 -8.975387626776885e-25 -1.1606624460625543e-24 -1.3822312515112968e-24 -1.5525788981048141e-24 -1.6571404858832035e-24 -1.680694236601321e-24 -1.6438166719356929e-24 -1.5759112005927092e-24 -1.5083052363900849e-24 -1.4666900471856778e-24 -1.4380252829109047e-24 -1.4017444557443095e-24 -1.3530390745755586e-24 -1.286025175574844e-24 -1.1981336968444062e-24 -1.0898069311727408e-24 -9.72039084585206e-25 -8.516363554295993e-25 -7.3302092228694555e-25 -6.185053675344125e-25 -5.101302870672287e-25 -4.087619943750948e-25 -3.143906506245094e-25 -2.285653512450017e-25 -1.5552023873512858e-25 -9.913835206114412e-26 -5.66710623811659e-26 -2.5836698546133294e-26 -3.988480499318357e-27 1.1491864878211878e-26 2.1366748316664898e-26 2.645224088175615e-26 2.7597097896785066e-26 2.554790240270042e-26 2.1132633503682356e-26 1.5191048517425784e-26 8.529599290700716e-27 2.3986106396536492e-27 -1.8692794426052975e-27 -3.228556761338649e-27 -2.727149961636431e-27 -1.4161676585674834e-27 -2.727653714262004e-28 -2.9239785130425014e-29 -6.176006510353087e-29 -1.1165627029729495e-29 4.0614304363267844e-30 4.3772076755842874e-30 -2.513835431400456e-30 -5.71156076519232e-31 4.741878902039047e-31 -5.135112696280298e-32 6.132512282484253e-32 2.7131699945968236e-31 -4.673009212898891e-31 -5.493240711941585e-31 9.95390837041154e-31 3.3831637699413215e-30 -4.4360608465543366e-30 -2.9291477497048034e-29 -8.076840378397951e-29 -2.5424067253718496e-28 -5.903196485325539e-28 -1.0637085387736986e-27 -1.7366886103572705e-27 -1.55155031310142e-27 1.3641969897110037e-28 3.25397312860852e-27 6.477793749418812e-27 8.932976929586645e-27 1.011120735809055e-26 9.832565639797014e-27 8.242479276725952e-27 5.7005218602105536e-27 2.730726933022907e-27 -3.6553821602957754e-28 -3.254393570788375e-27 -5.538701562117116e-27 -6.713337887986695e-27 -5.884474901614523e-27 -1.7072813802352183e-27 7.713558394031708e-27 2.5072227435231238e-26 5.379290763352114e-26 9.796158914555842e-26 1.638275347767201e-25 2.5338391723034843e-25 3.628194574274032e-25 4.806297389648161e-25 5.841980323632066e-25 6.4818670981215335e-25 6.509969718093666e-25 5.696178484870944e-25 4.429861665334987e-25 3.245260913076891e-25 2.2486388477653506e-25 1.5336478782142057e-25 1.1973058710066104e-25 1.391757257516239e-25 2.6238140210106177e-25 5.239542046332131e-25 9.438481840161342e-25 1.5177842632797128e-24 2.267579731588673e-24 3.2214618822089317e-24 4.407172990992057e-24 5.840199097617981e-24 7.501468071865223e-24 9.336151397118613e-24 1.1248659066428314e-23 1.3128019948687234e-23 1.4854484662082098e-23 1.630906416700765e-23 1.7371172984530414e-23 1.7965888632841007e-23 1.806718359830335e-23 1.7691639392462393e-23 1.687213022286719e-23 1.5656902345669515e-23 1.4108942153697214e-23 1.2311476153647971e-23 1.0369667305333756e-23 8.405383855881992e-24 6.512181264140581e-24 4.771510022029865e-24 3.24829613914901e-24 1.984667966071077e-24 1.0065727387846466e-24 2.977155328520874e-25 -2.0675971999306727e-25 -5.781328188372559e-25 -8.739757549466697e-25 -1.130191674816009e-24 -1.3459436533957815e-24 -1.511819177809391e-24 -1.6136357191652489e-24 -1.6365711152564795e-24 -1.6006616941011675e-24 -1.534538939239882e-24 -1.468707828583812e-24 -1.4281851593407893e-24 -1.4002729286350348e-24 -1.3649445788861232e-24 -1.3175178558877385e-24 -1.2522632670076468e-24 -1.1666791957100857e-24 -1.061196323309658e-24 -9.465202258832298e-25 -8.292784192371407e-25 -7.137769868776219e-25 -6.022677991553158e-25 -4.967378803757813e-25 -3.980308007744202e-25 -3.061369798155429e-25 -2.225648446590015e-25 -1.514373792233347e-25 -9.653568138573763e-26 -5.518328182151317e-26 -2.515840989834377e-26 -3.8837712490062635e-27 1.1190169946162844e-26 2.0805808914047167e-26 2.575779247671456e-26 2.687259365670307e-26 2.4877195514346486e-26 2.0577840289397158e-26 1.4792239222752773e-26 8.305672450122273e-27 2.3356401177261883e-27 -1.8202054119992288e-27 -3.143797738670892e-27 -2.655554327849804e-27 -1.378989130469654e-27 -2.656044855472623e-28 -2.847215557603329e-29 -6.013868341133581e-29 -1.0872496783344102e-29 3.954806051664795e-30 4.262293218344045e-30 -2.447839925660637e-30 -5.561615650533421e-31 4.6173907622240815e-31 1.4637083183394023e-31 -1.748006279898506e-31 -7.733597536013106e-31 1.3319907195080183e-30 1.5657888348631694e-30 -2.837253890611329e-30 -9.643342311969828e-30 1.2644511515740713e-29 8.349218767134181e-29 2.302215970401078e-28 7.2468553214014445e-28 1.6826422946193993e-27 3.031986112072342e-27 4.950242995490801e-27 4.422526304100473e-27 -3.888496031818562e-28 -9.275098377783503e-27 -1.8464250280822336e-26 -2.546248431236974e-26 -2.882090267160019e-26 -2.802666458733355e-26 -2.3494295420589762e-26 -1.624872079342929e-26 -7.783641628862362e-27 1.0419272198305022e-27 9.276296886688971e-27 1.578746969370654e-26 1.9135643461311334e-26 1.6773059179162437e-26 4.866420934487385e-27 -2.1986663686664629e-26 -7.146567190184784e-26 -1.533308637492245e-25 -2.792289121321272e-25 -4.669726646059895e-25 -7.22243444335915e-25 -1.0341776126365833e-24 -1.3699830751661929e-24 -1.6651932913141805e-24 -1.8475860941282898e-24 -1.8555964422570004e-24 -1.6236340554965127e-24 -1.2626841459052024e-24 -9.25026517131125e-25 -6.40950179342433e-25 -4.371497385462285e-25 -3.412790880842016e-25 -3.967053522021323e-25 -7.478898038600476e-25 -1.4934747796552834e-24 -2.6903371422932288e-24 -4.3262798457540545e-24 -6.463490712544867e-24 -9.182428588392711e-24 -1.2562169829316617e-23 -1.6646855716049163e-23 -2.1382123204666507e-23 -2.66116895401124e-23 -3.206308574890774e-23 -3.742000062713896e-23 -4.234110151690542e-23 -4.6487223033467324e-23 -4.9514649314718045e-23 -5.1209821931748456e-23 -5.1498552272660924e-23 -5.0428104142156956e-23 -4.809218191229888e-23 -4.462830631673742e-23 -4.021601325419028e-23 -3.509253087826264e-23 -2.95576148289049e-23 -2.3958637360234054e-23 -1.856226818656967e-23 -1.3600673123531893e-23 -9.258916737552407e-24 -5.657081334336596e-24 -2.8691267029627804e-24 -8.486059241578167e-25 5.893462082602735e-25 1.647905050227963e-24 2.4911733344583937e-24 3.2214890958776733e-24 3.836466770195752e-24 4.309277007756585e-24 4.599494044288792e-24 4.664868909946471e-24 4.562512990133233e-24 4.374037231203693e-24 4.186392772528426e-24 4.070887288115879e-24 3.991326494477629e-24 3.8906268557793525e-24 3.755442112958494e-24 3.569440967107849e-24 3.325492830922956e-24 3.0248253148897132e-24 2.6979535054518568e-24 2.3637684194247344e-24 2.0345440819915385e-24 1.7166992059674484e-24 1.4158975891789495e-24 1.134543737327733e-24 8.726103421360803e-25 6.343970120382555e-25 4.316558666553992e-25 2.75164516433927e-25 1.5729397511532114e-25 7.171132587472162e-26 1.107026994374856e-26 -3.189636870869576e-26 -5.930470735948861e-26 -7.341980080639263e-26 -7.65974209897133e-26 -7.090975447592786e-26 -5.865490754725032e-26 -4.216367763221324e-26 -2.3674420801781727e-26 -6.657489506140888e-27 5.188298583695429e-27 8.961055333307898e-27 7.56937032038773e-27 3.930659332209996e-27 7.570768516636103e-28 8.11567990466962e-29 1.71418811027729e-28 3.099087582445139e-29 -1.1272746801146026e-29 -1.214920570229064e-29 6.97730288853097e-30 1.5852783731816146e-30 -1.316137283694503e-30 2.398186890295456e-31 -2.8639898337538093e-31 -1.2670975496126272e-30 2.1823765320693216e-30 2.565438898170187e-30 -4.648648236589888e-30 -1.5799962872747795e-29 2.071717524852966e-29 1.3679629132687632e-28 3.7720248447225623e-28 1.187348131193954e-27 2.7568953642170762e-27 4.967703765731482e-27 8.110637688789374e-27 7.246009675579165e-27 -6.37103671833208e-28 -1.5196620079279708e-26 -3.025242275241308e-26 -4.1718554984059354e-26 -4.72210959150326e-26 -4.5919790697168115e-26 -3.8493811043787115e-26 -2.66224281241219e-26 -1.2752969661084399e-26 1.707126724342975e-27 1.5198583325874933e-26 2.5866698672502236e-26 3.1352454487854563e-26 2.7481520307683846e-26 7.973300579979221e-27 -3.60236585148074e-26 -1.1709165991960592e-25 -2.51222228216261e-25 -4.574976476258767e-25 -7.651030616458909e-25 -1.1833469332243404e-24 -1.694429926583663e-24 -2.2446244174494294e-24 -2.728306348101573e-24 -3.0271445927145e-24 -3.0402690035476565e-24 -2.660214351801746e-24 -2.0688223860311344e-24 -1.5155932444248873e-24 -1.0501534172528112e-24 -7.162402070634141e-25 -5.591626436570715e-25 -6.499748207819937e-25 -1.2253667435061021e-24 -2.4469571950604638e-24 -4.407935060356722e-24 -7.088316306345771e-24 -1.0589991465433313e-23 -1.5044786903345932e-23 -2.0582263870320854e-23 -2.727474486342828e-23 -3.503315971967471e-23 -4.360144973669493e-23 -5.2533192967329873e-23 -6.13101349412472e-23 -6.937302523161043e-23 -7.616616434201227e-23 -8.112639712610608e-23 -8.390382257120709e-23 -8.437688766489085e-23 -8.262303094848563e-23 -7.879578068547834e-23 -7.312045527797145e-23 -6.58912121279355e-23 -5.749673348722112e-23 -4.8428148656816825e-23 -3.925460353332431e-23 -3.041301837029461e-23 -2.2283781121870552e-23 -1.517010753767092e-23 -9.268744337220712e-24 -4.700869622619115e-24 -1.3903832645476283e-24 9.656038485965214e-25 2.699980767872856e-24 4.081618699238291e-24 5.278191577235065e-24 6.285790816339972e-24 7.060458345364383e-24 7.535959289260861e-24 7.643071574249563e-24 7.475368334722263e-24 7.166563575322143e-24 6.859120845056546e-24 6.669872935141855e-24 6.539517965132322e-24 6.374528430300053e-24 6.153037389646414e-24 5.848287116722797e-24 5.448594627512321e-24 4.9559712786410946e-24 4.4204139711084735e-24 3.872874355665505e-24 3.333462590739289e-24 2.8126953022782323e-24 2.319852239129848e-24 1.858873020893049e-24 1.4297129047911774e-24 1.0394165078328114e-24 7.072388815310953e-25 4.508384101640631e-25 2.577155167833753e-25 1.1749414635842631e-25 1.813788621959616e-26 -5.226003906259622e-26 -9.716674424158545e-26 -1.2029336809668181e-25 -1.2549968329102239e-25 -1.1618082707102703e-25 -9.610209082930082e-26 -6.908232818961086e-26 -3.878893388021834e-26 -1.0907845208254345e-26 8.50067573699338e-27 1.468208190947733e-26 1.2401900285724499e-26 6.4401189219596476e-27 1.2404191133847898e-27 1.3296991598681556e-28 2.8085810429118205e-28 5.077644983259826e-29 -1.846963165966882e-29 -1.9905650180740565e-29 1.1431837923659951e-29 2.5973711767461388e-30 -2.1564017424746236e-30 -5.590747367208626e-31 6.676645464800168e-31 2.9539075193261152e-30 -5.087641791713917e-30 -5.980651810654949e-30 1.0837111145191906e-29 3.683349334854828e-29 -4.8296691745440906e-29 -3.1890488155048404e-28 -8.793492317628467e-28 -2.767992551119616e-27 -6.426982644555923e-27 -1.1580905931202086e-26 -1.8907836788672925e-26 -1.6892182018443415e-26 1.4852411259732956e-27 3.5426957016958645e-26 7.05256349057412e-26 9.725593220603293e-26 1.1008367147263205e-25 1.0705001763531586e-25 8.973828243834191e-26 6.206324872201169e-26 2.973022290756779e-26 -3.979721200487105e-27 -3.5431534229413606e-26 -6.030146333084283e-26 -7.309007252232427e-26 -6.406599883064165e-26 -1.8587671463349124e-26 8.397976604630413e-26 2.729686720329797e-25 5.856591160772624e-25 1.066536467897102e-24 1.7836382791574264e-24 2.7586648039403994e-24 3.950121532331635e-24 5.232756518596389e-24 6.360334814975865e-24 7.056998257918207e-24 7.087594401056243e-24 6.2015960862861114e-24 4.822919932464814e-24 3.533210451136113e-24 2.4481588637452024e-24 1.669727286347952e-24 1.303541907271437e-24 1.5152468180464668e-24 2.856623045706021e-24 5.704442639228475e-24 1.0275951183534939e-23 1.6524561116441644e-23 2.4687803645133304e-23 3.507299756598366e-23 4.798218114906525e-23 6.358395543712926e-23 8.16706765711918e-23 1.0164541045715989e-22 1.2246744073549285e-22 1.4292859225003073e-22 1.6172511846216033e-22 1.7756155090138489e-22 1.8912504019466258e-22 1.95599883372389e-22 1.9670271128238706e-22 1.9261405169017772e-22 1.8369181570718997e-22 1.7046127443312931e-22 1.536081791458432e-22 1.34038641161919e-22 1.1289760037823673e-22 9.151187204013502e-23 7.090002178668453e-23 5.19488249422177e-23 3.536514995976277e-23 2.1607660511755368e-23 1.0958851744366666e-23 3.2413160500908402e-24 -2.2510535525067418e-24 -6.294301080827026e-24 -9.515229639888405e-24 -1.2304727284928902e-23 -1.4653682168120958e-23 -1.6459617509185783e-23 -1.756812396858544e-23 -1.7817828331850568e-23 -1.7426871961431814e-23 -1.6706974191495785e-23 -1.5990251637313372e-23 -1.5549069485906642e-23 -1.524518086667117e-23 -1.4860550790788216e-23 -1.4344202187437457e-23 -1.363375639482618e-23 -1.2701977582183855e-23 -1.1553554702955426e-23 -1.0305042494541394e-23 -9.028596659637257e-24 -7.771098788628654e-24 -6.557065652556738e-24 -5.408130566086125e-24 -4.33347772503821e-24 -3.333002823310341e-24 -2.423128548499102e-24 -1.6487430322209451e-24 -1.0510121927824733e-24 -6.007965259527855e-25 -2.7390696512769925e-25 -4.2283752831056705e-26 1.218306529900192e-25 2.265189262790422e-25 2.804326193714204e-25 2.925697857504151e-25 2.7084530258581014e-25 2.2403696491378793e-25 1.6104743414208078e-25 9.042628475463999e-26 2.5428796890436678e-26 -1.9817108693382597e-26 -3.422744537385952e-26 -2.8911796551145023e-26 -1.5013457926144217e-26 -2.891713706779223e-27 -3.099846845964327e-28 -6.547474328975345e-28 -1.18372052055261e-28 4.3057130013374924e-29 4.64048327240332e-29 -2.665034911101532e-29 -6.055093600209572e-30 5.027088352165004e-30 -1.14628622665375e-30 1.3689308840243314e-30 6.056477394516216e-30 -1.043133114467133e-29 -1.2262294011668992e-29 2.2219625448020937e-29 7.55207189960005e-29 -9.902402827367311e-29 -6.53859402130681e-28 -1.8029537833821813e-27 -5.6752908412883166e-27 -1.317741831550655e-26 -2.3744648213414227e-26 -3.8767255003644307e-26 -3.4634502927817007e-26 3.04523042634552e-27 7.263685897907579e-26 1.446006383916519e-25 1.99406498194652e-25 2.2570756298306157e-25 2.1948757963065704e-25 1.839928555193643e-25 1.272499769864704e-25 6.095668983239745e-26 -8.159730571944624e-27 -7.26462430717993e-26 -1.2363773894440498e-25 -1.4985857419449204e-25 -1.3135626914619512e-25 -3.8110810727568834e-26 1.7218601167266653e-25 5.59675134642453e-25 1.2007929045425113e-24 2.186748891702319e-24 3.6570423493293825e-24 5.656165901902117e-24 8.099042220667507e-24 1.0728863815113226e-23 1.3040768436606517e-23 1.4469156546950385e-23 1.4531888653392456e-23 1.27153020711627e-23 9.888564639841125e-24 7.24423801163673e-24 5.019527062171781e-24 3.423487506587422e-24 2.672687607573246e-24 3.106751976485239e-24 5.857012345626816e-24 1.169597475278606e-23 2.106906376313311e-23 3.388075962398418e-23 5.061807906638015e-23 7.191112622445281e-23 9.837917842514574e-23 1.303679229984042e-22 1.6745162206072509e-22 2.0840636531125234e-22 2.5109834353129125e-22 2.930504021510908e-22 3.3158943398143583e-22 3.640593045829808e-22 3.877682429745872e-22 4.0104379104526538e-22 4.0330494927167483e-22 3.949218586702574e-22 3.766283541834287e-22 3.4950141351487455e-22 3.149470512661359e-22 2.7482309225400534e-22 2.314770380667729e-22 1.8762929429515458e-22 1.4536825392896326e-22 1.0651209667116303e-22 7.251013424565334e-23 4.430277732569839e-23 2.2469233436795798e-23 6.645758908787616e-24 -4.615396716579877e-24 -1.2905377715403033e-23 -1.950933563893435e-23 -2.522871895881777e-23 -3.004484540403948e-23 -3.3747604028836127e-23 -3.602040514072516e-23 -3.653238082403153e-23 -3.573079228098861e-23 -3.4254766188924413e-23 -3.278525032858315e-23 -3.1880682493003194e-23 -3.125761134203679e-23 -3.0468993774268995e-23 -2.9410310106966954e-23 -2.795366366361077e-23 -2.60432120754284e-23 -2.3688569231994794e-23 -2.1128710499433667e-23 -1.8511578688640842e-23 -1.59332964067447e-23 -1.3444131060038937e-23 -1.1088438025249341e-23 -8.88504791022907e-24 -6.833746853299704e-24 -4.9682067400246236e-24 -3.380462934456608e-24 -2.1549190448899155e-24 -1.23182954874865e-24 -5.615989411137722e-25 -8.669553369005746e-26 2.497927212729837e-25 4.644379512628657e-25 5.749786706812711e-25 5.9986383470134185e-25 5.553215324709891e-25 4.593491172479711e-25 3.3019995923271186e-25 1.8540348485407895e-25 5.213735757181505e-26 -4.0631560223171054e-26 -7.017746756797234e-26 -5.927864731045708e-26 -3.0782503443675975e-26 -5.928959711512719e-27 -6.355700793629498e-28 -1.3424465708138693e-27 -2.4270145635708774e-28 8.828121142087459e-29 9.514509787650985e-29 -5.464193976523111e-29 -1.2414924034331121e-29 1.0307176756036323e-29 2.9060126982624058e-30 -3.4704513053223635e-30 -1.5354105989643578e-29 2.644503621267337e-29 3.1086809973484456e-29 -5.633018370910398e-29 -1.9145669135182436e-28 2.510412119408765e-28 1.6576346116285277e-27 4.5707664117805535e-27 1.4387739157437595e-26 3.340679143978248e-26 6.01963519648035e-26 9.828098138647799e-26 8.780381642842386e-26 -7.720129418771453e-27 -1.84145660346249e-25 -3.665849602988279e-25 -5.055262830528295e-25 -5.722035462488917e-25 -5.564349276678e-25 -4.664503181121741e-25 -3.2259835410783255e-25 -1.5453462860906358e-25 2.068617590092196e-26 1.8416944855754693e-25 3.1344076905406423e-25 3.7991463776683823e-25 3.330084359465981e-25 9.661679219279478e-26 -4.365181442344653e-25 -1.4188629396916188e-24 -3.0441955420967718e-24 -5.543746304725362e-24 -9.271167388071151e-24 -1.4339254469519202e-23 -2.053232337542186e-23 -2.7199327438329535e-23 -3.306036285323808e-23 -3.6681547401925006e-23 -3.6840582976749774e-23 -3.223525530775304e-23 -2.5069039162346995e-23 -1.836526258936837e-23 -1.2725276597768792e-23 -8.6790697249675e-24 -6.775675977015428e-24 -7.87609621706758e-24 -1.4848431184449122e-23 -2.9651103042370326e-23 -5.341333188501911e-23 -8.589296038189399e-23 -1.2832465119303774e-22 -1.8230581565355363e-22 -2.494064174704077e-22 -3.3050282743682825e-22 -4.245157342393317e-22 -5.283423361630297e-22 -6.365730971499067e-22 -7.429280476281716e-22 -8.4063044786002415e-22 -9.229465866520458e-22 -9.83052408666055e-22 -1.0167079741827714e-21 -1.0224403596430038e-21 -1.0011879297151033e-21 -9.548110693627329e-22 -8.860400834659966e-22 -7.984394362768106e-22 -6.967190007514798e-22 -5.86830056122375e-22 -4.756692508860874e-22 -3.685309839410352e-22 -2.700246217544924e-22 -1.838243934745568e-22 -1.123143854576001e-22 -5.696297827299781e-23 -1.684802551632805e-23 1.1700743911948818e-23 3.271712659499623e-23 4.945918028046587e-23 6.39587006734976e-23 7.616832533004005e-23 8.555539053865344e-23 9.131729251336198e-23 9.261522996648174e-23 9.058307915063142e-23 8.684112494249457e-23 8.311567517768413e-23 8.082245594435921e-23 7.924287430034307e-23 7.724360691243203e-23 7.455968023572028e-23 7.086685643428295e-23 6.602356647534983e-23 6.005418305459989e-23 5.356454564828799e-23 4.6929712140198805e-23 4.039336819104835e-23 3.408294944251712e-23 2.8110903627638235e-23 2.2524969246629428e-23 1.7324604127028739e-23 1.2595171701212432e-23 8.569995837096734e-24 5.4630527226021716e-24 3.1228782268983917e-24 1.423740082113257e-24 2.197865693020362e-25 -6.332631459716574e-25 -1.1774219674429087e-24 -1.4576597698525013e-24 -1.5207475050377596e-24 -1.4078258863181963e-24 -1.1645209849093466e-24 -8.371079145483544e-25 -4.7002647967438075e-25 -1.3217625635161526e-25 1.0300728361478325e-25 1.7791072346074764e-25 1.5028052994912077e-25 7.803840232872129e-26 1.5030828938833092e-26 1.6112683554660062e-27 3.403309474030964e-27 6.152856914994314e-28 -2.238065110573752e-28 -2.4120752379185825e-28 1.3852575991418534e-28 3.147375062273676e-29 -2.613028561264342e-29 1.8278267895958045e-30 -2.182847954555545e-30 -9.657441011175379e-30 1.66334254355306e-29 1.9553013023968065e-29 -3.543061546485835e-29 -1.204226227039544e-28 1.579001540919532e-28 1.0426206916708655e-27 2.8749252830163823e-27 9.049614754106586e-27 2.10122375273134e-26 3.786236235105765e-26 6.181687057468746e-26 5.522693220972352e-26 -4.855816072884057e-27 -1.158241246093832e-25 -2.30574979230579e-25 -3.179664318632073e-25 -3.5990516304896817e-25 -3.4998699994910044e-25 -2.933883875597404e-25 -2.0290823193919966e-25 -9.71993382106121e-26 1.3011222177371933e-26 1.1583909766366787e-25 1.971483044177579e-25 2.3895910549824775e-25 2.094559939080026e-25 6.077013573138686e-26 -2.745616211984032e-25 -8.924378529375106e-25 -1.914741210035112e-24 -3.486911194781836e-24 -5.831388301785351e-24 -9.019118871118269e-24 -1.2914441653680715e-23 -1.710786065872219e-23 -2.079434069258899e-23 -2.3071997062186177e-23 -2.3172027461677634e-23 -2.0275363836393546e-23 -1.5767949971778048e-23 -1.1551401802908827e-23 -8.003957700509722e-24 -5.45897039821168e-24 -4.261771868635429e-24 -4.953915313672071e-24 -9.339381649579631e-24 -1.8649981235970156e-23 -3.359597207155056e-23 -5.402504178723395e-23 -8.071376975883808e-23 -1.146668973905241e-22 -1.568719020444127e-22 -2.078800043069822e-22 -2.6701233784972562e-22 -3.3231729930008955e-22 -4.003923931823281e-22 -4.672876378640093e-22 -5.287405927076635e-22 -5.805158812074056e-22 -6.18321302134797e-22 -6.394900139126856e-22 -6.430955755813793e-22 -6.297282006889257e-22 -6.005580360455242e-22 -5.573023915802747e-22 -5.022032476454933e-22 -4.382230249171903e-22 -3.6910496503981083e-22 -2.991869289664563e-22 -2.3179899309808843e-22 -1.6984036143746824e-22 -1.1562205436538652e-22 -7.064361693860984e-23 -3.5828632653556394e-23 -1.0597088927357747e-23 7.35954507732585e-24 2.0578450824999724e-23 3.110888478066037e-23 4.022880786708437e-23 4.7908430008916824e-23 5.3812715846435e-23 5.743684283742629e-23 5.825322089738311e-23 5.69750366619329e-23 5.462141855564287e-23 5.2278181430675717e-23 5.0835790116481927e-23 4.984226329366422e-23 4.8584762101611524e-23 4.6896623212158264e-23 4.457390718247327e-23 4.1527569778151224e-23 3.7772940960958023e-23 3.369108226049252e-23 2.951789796511978e-23 2.5406661728720747e-23 2.1437528150121707e-23 1.768122471952742e-23 1.416777804806973e-23 1.0896847119922563e-23 7.922123913752224e-24 5.390364713028351e-24 3.436156477766217e-24 1.964231145320504e-24 8.95505506593125e-25 1.3824159984456692e-25 -3.9831048006966573e-25 -7.405760517050612e-25 -9.168403124448928e-25 -9.565213031237492e-25 -8.854957514677512e-25 -7.324615900842673e-25 -5.265249869171622e-25 -2.9563773510960346e-25 -8.313635959399065e-26 6.478962243092972e-26 1.1190246580718438e-25 9.452359987034722e-26 4.9084673525329923e-26 9.454106007231543e-27 1.0134571806941262e-27 2.1406170470504757e-27 3.8700301518453147e-28 -1.4077004610586664e-28 -1.517149524600482e-28 8.713007271340625e-29 1.9796391573480695e-29 -1.6435453519832764e-29 -5.991791355049819e-30 7.155584744530569e-30 3.165801704017719e-29 -5.45259624736128e-29 -6.40966501570945e-29 1.1614495279758735e-28 3.947568946028284e-28 -5.176118344108497e-28 -3.417810509519346e-27 -9.4242804619416e-27 -2.9665503952991415e-26 -6.888012721508791e-26 -1.2411645062669298e-25 -2.026416247374434e-25 -1.810391771844627e-25 1.591782643136951e-26 3.7968257259748933e-25 7.558468684831247e-25 1.0423244247604144e-24 1.1798036067148763e-24 1.1472909223239878e-24 9.617552542754644e-25 6.651526424192433e-25 3.186287678962183e-25 -4.265200156319339e-26 -3.797316234585403e-25 -6.462709893427829e-25 -7.8333080066112085e-25 -6.866167787347375e-25 -1.9921030191134089e-25 9.000393027773709e-25 2.9254967510112543e-24 6.2767050438880145e-24 1.14304287992245e-23 1.911584926305765e-23 2.956553533166311e-23 4.2334776433624927e-23 5.608120548344598e-23 6.816584001299389e-23 7.563221562176305e-23 7.596012472460009e-23 6.646458379736953e-23 5.168884933661868e-23 3.786660053160489e-23 2.623773897858776e-23 1.7895026848500867e-23 1.3970495402579743e-23 1.6239407887914925e-23 3.06153865155005e-23 6.113642362034629e-23 1.1013081295312337e-22 1.7709925999716863e-22 2.645874663140796e-22 3.7588907045074645e-22 5.142411177859537e-22 6.814505622083166e-22 8.752920148846518e-22 1.0893679330492619e-21 1.3125246106490504e-21 1.531813629579663e-21 1.7332623011982974e-21 1.902986655695374e-21 2.0269164462902748e-21 2.0963095108467836e-21 2.108128887183641e-21 2.0643093518788497e-21 1.968686758283195e-21 1.8268906128343156e-21 1.6462703418220565e-21 1.4365370439339423e-21 1.2099614238075249e-21 9.807634051551997e-22 7.598592973288149e-22 5.567529687057746e-22 3.7902016542355634e-22 2.315765397936947e-22 1.1744968698599958e-22 3.4738270208219725e-23 -2.412529573345453e-23 -6.745813468890049e-23 -1.0197790562735749e-22 -1.3187388685504753e-22 -1.570484236434997e-22 -1.7640323798950492e-22 -1.8828347324577306e-22 -1.9095963858363744e-22 -1.8676962810107378e-22 -1.7905424238476472e-22 -1.7137288652003546e-22 -1.6664458950824865e-22 -1.6338771330028776e-22 -1.5926550384038987e-22 -1.537316227736907e-22 -1.461175370736282e-22 -1.3613135121317635e-22 -1.2382331827852e-22 -1.104425944566454e-22 -9.676249659841616e-23 -8.328547042184786e-23 -7.027427037987064e-23 -5.796074795635819e-23 -4.644333325592212e-23 -3.572090839494326e-23 -2.5969480820785842e-23 -1.7670131685436556e-23 -1.1264049933257185e-23 -6.43893773042271e-24 -2.9355527423190865e-24 -4.531691428342675e-25 1.3056999501835147e-24 2.427679262647555e-24 3.0054903807846068e-24 3.135568459697133e-24 2.9027398908657996e-24 2.4010792458122548e-24 1.725999330852601e-24 9.691288014351382e-25 2.7252893784930217e-25 -2.123865976023143e-25 -3.6682700508103815e-25 -3.098574144248233e-25 -1.6090426077599912e-25 -3.0991465051362886e-26 -3.3222097759061165e-27 -7.017147695824705e-27 -1.2686329592080708e-27 4.614576943488397e-28 4.9733614650664365e-28 -2.856207242067792e-28 -6.489446766831276e-29 5.38769908631122e-29 -1.8483006507599943e-29 2.2072984801613666e-29 9.76561598122728e-29 -1.6819739833107684e-28 -1.9772030314808561e-28 3.5827481032780217e-28 1.2177150106923041e-27 -1.596688259580129e-27 -1.0542992985818738e-26 -2.907127906559389e-26 -9.15098133067169e-26 -2.124759987627846e-25 -3.828646638337598e-25 -6.25092939632429e-25 -5.584554038930329e-25 4.910206982538213e-26 1.171214941665748e-24 2.3315769653063383e-24 3.2152803868926637e-24 3.639365342204428e-24 3.539072758410564e-24 2.9667469096469046e-24 2.0518104879892363e-24 9.828808832019408e-25 -1.3156962911219105e-25 -1.1713663429819202e-24 -1.993566019887908e-24 -2.4163573437425103e-24 -2.1180215250074757e-24 -6.145083391970435e-25 2.7763704200132345e-24 9.02434230746213e-24 1.936188615206784e-23 3.5259687951145206e-23 5.896706866305608e-23 9.120143853209462e-23 1.3059098937407348e-22 1.7299489280109648e-22 2.102726232471213e-22 2.3330431184280283e-22 2.343158204210172e-22 2.0502472295753037e-22 1.5944569969463048e-22 1.1680791385671925e-22 8.093611639845155e-23 5.520117417046729e-23 4.3095088231746836e-23 5.00940510735699e-23 9.44399394280687e-23 1.8858883447486195e-22 3.3972287364512413e-22 5.463018724331126e-22 8.161786108304367e-22 1.1595130460057855e-21 1.5862905609299948e-21 2.102085104809356e-21 2.700031973162683e-21 3.3603965292024822e-21 4.0487726977312775e-21 4.7252182169480565e-21 5.346631235833965e-21 5.870183576197939e-21 6.252472447553187e-21 6.46653071577352e-21 6.502990198728918e-21 6.367819142927554e-21 6.072850087002591e-21 5.6354484896257154e-21 5.078285283092886e-21 4.4313165009261375e-21 3.732393847682985e-21 3.0253818255317274e-21 2.3439542071065767e-21 1.7174277781688172e-21 1.1691716046175277e-21 7.143491041112118e-22 3.6229956408227545e-22 1.0715789031402863e-22 -7.441980880288308e-23 -2.0808954277148013e-22 -3.1457341762793426e-22 -4.0679418960295575e-22 -4.844506210944227e-22 -5.441548305118905e-22 -5.808020462326936e-22 -5.890572709730601e-22 -5.761322565749575e-22 -5.523324419323324e-22 -5.286375998978768e-22 -5.140521215438537e-22 -5.040055663303511e-22 -4.912896991210297e-22 -4.742192183353058e-22 -4.507318858729844e-22 -4.1992728536452975e-22 -3.8196043356844855e-22 -3.40684629257011e-22 -2.9848533943295484e-22 -2.5691246912894067e-22 -2.167765426130945e-22 -1.7879275711690055e-22 -1.4326474209296628e-22 -1.101890491849408e-22 -8.01086123270047e-23 -5.450743282347341e-23 -3.474645563348104e-23 -1.9862328961091767e-23 -9.055362444039712e-24 -1.3979007089997136e-24 4.027720377212064e-24 7.488713953983845e-24 9.271100277670038e-24 9.672354931146831e-24 8.954143696505922e-24 7.406660413595161e-24 5.324227002949801e-24 2.9894923332862384e-24 8.406758664213366e-25 -6.551534436749979e-25 -1.1315590817819335e-24 -9.558237795715037e-25 -4.963448093365107e-25 -9.560003373190544e-26 -1.0248091221485664e-26 -2.164594533904423e-26 -3.913379148671346e-27 1.4234684004058933e-27 1.534143425342166e-27 -8.810603439722485e-28 -2.0018134983405543e-28 1.661955037965e-28 4.4762940655739466e-29 -5.345730459883893e-29 -2.3650789088226667e-28 4.073476983675446e-28 4.78847539912254e-28 -8.676853555169464e-28 -2.9491146225919317e-27 3.8669283474230036e-27 2.5533474177574846e-26 7.040607485502754e-26 2.2162240440932286e-25 5.145835186788701e-25 9.272381211797275e-25 1.513876984776912e-24 1.3524913325499881e-24 -1.1891750632141362e-25 -2.836498754446262e-24 -5.646713444524703e-24 -7.786904424831379e-24 -8.813971621723016e-24 -8.571078725418673e-24 -7.184995351881837e-24 -4.9691629470873836e-24 -2.380383223628048e-24 3.186409928458938e-25 2.836865427128552e-24 4.8281039919184376e-24 5.852038216736454e-24 5.1295156903938976e-24 1.4882427458492696e-24 -6.72393337618235e-24 -2.1855540604818303e-23 -4.689144921341109e-23 -8.539342984804076e-23 -1.428089848155577e-22 -2.208755691227639e-22 -3.1627087866738634e-22 -4.1896647704056077e-22 -5.092472890613795e-22 -5.650264237862312e-22 -5.674761388055903e-22 -4.965376983010673e-22 -3.8615245806776916e-22 -2.82890433216443e-22 -1.9601457022557783e-22 -1.336885795161701e-22 -1.0436953954872959e-22 -1.2131992899311505e-22 -2.287187100433684e-22 -4.567325562053603e-22 -8.227554770259418e-22 -1.3230573873788558e-21 -1.9766564878291737e-21 -2.8081585999291376e-21 -3.84174675392387e-21 -5.090920179900837e-21 -6.5390536410924486e-21 -8.138352944755096e-21 -9.805491977151761e-21 -1.144373684955316e-20 -1.2948701644074235e-20 -1.4216663235461735e-20 -1.5142506877680203e-20 -1.5660922404649828e-20 -1.574922154968394e-20 -1.5421858469044142e-20 -1.4707489714057455e-20 -1.36481716999366e-20 -1.2298809866266693e-20 -1.0731953024328874e-20 -9.039272061342221e-21 -7.326999916565785e-21 -5.676689181873762e-21 -4.1593405108073605e-21 -2.831550112957431e-21 -1.7300414058373733e-21 -8.77432677709458e-22 -2.595195909678733e-22 1.8023309579848585e-22 5.039602106281943e-22 7.618474417905618e-22 9.851916765153243e-22 1.1732633646131426e-21 1.3178575886355912e-21 1.4066113929598e-21 1.4266042515477892e-21 1.3953018954014438e-21 1.3376624799760275e-21 1.2802772917310145e-21 1.2449535525103389e-21 1.2206223727040696e-21 1.1898265382191868e-21 1.148484513153314e-21 1.0916018805174989e-21 1.0169979731942996e-21 9.250482174410816e-22 8.250846980692962e-22 7.228846417357852e-22 6.222016751559131e-22 5.24998760886796e-22 4.330079943656861e-22 3.469647184691953e-22 2.668605818195782e-22 1.940104851863861e-22 1.3200844679932783e-22 8.415046173504105e-23 4.810344315184348e-23 2.1930666512104e-23 3.385496106867443e-24 -9.754506557413506e-24 -1.8136489762400706e-23 -2.2453149675122803e-23 -2.3424925465446514e-23 -2.1685530586464785e-23 -1.793776896936289e-23 -1.2894442108785944e-23 -7.240081200058328e-24 -2.0359849965318706e-24 1.5866788066831825e-24 2.740458485776815e-24 2.314855167581087e-24 1.2020692217540878e-24 2.315282762742653e-25 2.4819268388554116e-26 5.242308205557487e-26 9.477590051835923e-27 -3.4474170375727585e-27 -3.715454576307639e-27 2.1337898614630283e-27 4.848078087509827e-28 -4.024994240770608e-28 2.4271183783171154e-29 -2.8985407208312605e-29 -1.2823836893230205e-28 2.2087045076292854e-28 2.5963880964721028e-28 -4.704729074422175e-28 -1.5990572027742042e-27 2.096710518184495e-27 1.3844658779039476e-26 3.8175301604313973e-26 1.2016721745129622e-25 2.7901542609109126e-25 5.027633629017463e-25 8.208483611391153e-25 7.3334248478569205e-25 -6.447895503447009e-26 -1.5379950476336434e-24 -3.0617384839937206e-24 -4.222184336694968e-24 -4.779076645580828e-24 -4.647376251094664e-24 -3.895819670553307e-24 -2.6943598757858084e-24 -1.2906820683029028e-24 1.7277207169059484e-25 1.538193677730034e-24 2.6178751113297522e-24 3.173068652432036e-24 2.78130538730787e-24 8.069489178948416e-25 -3.645824435720877e-24 -1.1850424122269168e-23 -2.5425294604431992e-23 -4.6301684969593033e-23 -7.743331821644234e-23 -1.197622702682265e-22 -1.7148713460937694e-22 -2.2717033235925656e-22 -2.761220339991473e-22 -3.0636637353238833e-22 -3.076946475175791e-22 -2.6923068817130536e-22 -2.0937804236544337e-22 -1.5338771829556292e-22 -1.0628223384381556e-22 -7.248808345086955e-23 -5.659083039296673e-23 -6.578160291990312e-23 -1.240149418366924e-22 -2.4764770065399236e-22 -4.461111899584024e-22 -7.173828979522478e-22 -1.0717747975172626e-21 -1.5226285591476857e-21 -2.0830566092070908e-21 -2.7603784465224058e-21 -3.545579601512667e-21 -4.41274529744319e-21 -5.316694780870289e-21 -6.204977388049108e-21 -7.020993402508158e-21 -7.708502484658383e-21 -8.210509735327638e-21 -8.491602936313643e-21 -8.539480146135582e-21 -8.361978640040051e-21 -7.974636459317455e-21 -7.40025726594073e-21 -6.6686116684212725e-21 -5.819036794068427e-21 -4.901238066203537e-21 -3.972816686165454e-21 -3.0779917752199388e-21 -2.2552610247514027e-21 -1.5353118059736613e-21 -9.380561439911498e-22 -4.757580370168872e-22 -1.4071566573894588e-22 9.772528323783483e-23 2.7325530886587256e-22 4.1308589513459353e-22 5.341867155661316e-22 6.361621963157372e-22 7.145634997012568e-22 7.626872331572978e-22 7.7352768052585495e-22 7.565550408862443e-22 7.253020258695097e-22 6.94186856904854e-22 6.750337589679052e-22 6.618410028621299e-22 6.4514300752642995e-22 6.227266988091357e-22 5.91884023826293e-22 5.514325899510893e-22 5.015759593318912e-22 4.473741377942271e-22 3.919596301566058e-22 3.373677129454616e-22 2.846627359040879e-22 2.3478386890221397e-22 1.8812982661025108e-22 1.4469608077121048e-22 1.0519559163524246e-22 7.157709344229705e-23 4.562772750671303e-23 2.6082456776065696e-23 1.1891158182450906e-23 1.8356698555458234e-24 -5.2890499583344335e-24 -9.833895426622103e-24 -1.217445750613785e-23 -1.2701369851537648e-23 -1.1758242044397964e-23 -9.726145631422988e-24 -6.99157299985495e-24 -3.925687929542716e-24 -1.1039436077120859e-24 8.603227185108059e-25 1.4859205082630295e-24 1.2551515517857276e-24 6.517811832133768e-25 1.255383400007777e-25 1.3457405241118741e-26 2.842463466768499e-26 5.138901174538276e-27 -1.8692447358724052e-27 -2.01457898723489e-27 1.1569750424582411e-27 2.6287055893168345e-28 -2.182416347049648e-28 -1.0034889108223153e-28 1.1983978627692232e-28 5.301998528540064e-28 -9.131859779391685e-28 -1.0734732564319761e-27 1.9451640503731118e-27 6.611281086335991e-27 -8.668822158156723e-27 -5.724056094372502e-26 -1.5783528722867611e-25 -4.9682979758353175e-25 -1.1535856497699334e-24 -2.0786685724697692e-24 -3.3937867922173866e-24 -3.0319948218884243e-24 2.66587547709978e-25 6.358820587698683e-24 1.2658717874229381e-23 1.7456566001186044e-23 1.9759029846474635e-23 1.9214516113067937e-23 1.61072150307153e-23 1.1139794955323872e-23 5.3363071565313195e-24 -7.143250939933741e-25 -6.35964308172524e-24 -1.0823571996444863e-23 -1.3119012445153008e-23 -1.1499272175217036e-23 -3.336320731550698e-24 1.5073613300632865e-23 4.899542480164927e-23 1.0512055141259149e-22 1.9143371741155517e-22 3.201470521598726e-22 4.951555563815193e-22 7.0901133838450895e-22 9.392327992273222e-22 1.1416229776297075e-21 1.2666678110944297e-21 1.2721595476054247e-21 1.1131308124965367e-21 8.656708301765522e-22 6.341795650627422e-22 4.394225524566528e-22 2.997010767944668e-22 2.33974090641837e-22 2.7197322098489377e-22 5.127382060418527e-22 1.0238962442530983e-21 1.8444409665276494e-21 2.9660103234417015e-21 4.4312390333200146e-21 6.295288059758606e-21 8.612370558879493e-21 1.1412748903020948e-20 1.4659152884371715e-20 1.8244438194891758e-20 2.198180559657827e-20 2.5654398501469466e-20 2.902820611675864e-20 3.187070348799639e-20 3.39462459473801e-20 3.510842213978505e-20 3.5306369847349775e-20 3.4572492181247806e-20 3.297103096999837e-20 3.0596267657317205e-20 2.757128843868238e-20 2.4058732156665355e-20 2.02641052377871e-20 1.6425559099016543e-20 1.2725917124097066e-20 9.324347518694303e-21 6.347726820914987e-21 3.878381040103901e-21 1.9670155171252677e-21 5.817871798534816e-22 -4.0404383198471316e-22 -1.1297704483728736e-21 -1.7078981961172358e-21 -2.2085879698383653e-21 -2.6302042749372258e-21 -2.9543534500268034e-21 -3.1533204057757885e-21 -3.1981400997747317e-21 -3.1279669470966533e-21 -2.9987517680855786e-21 -2.8701065117645952e-21 -2.7909182825008658e-21 -2.7363730087009636e-21 -2.667335368334348e-21 -2.5746554351763827e-21 -2.447136799772032e-21 -2.279890875099528e-21 -2.073759286089207e-21 -1.8496625612408336e-21 -1.6205520010517186e-21 -1.3948424298578485e-21 -1.17693438780504e-21 -9.707108606383034e-22 -7.778203290814298e-22 -5.982440711569394e-22 -4.349298118014682e-22 -2.9593456745472854e-22 -1.8864725069713202e-22 -1.0783758227053674e-22 -4.916384202693992e-23 -7.589555584875744e-24 2.1867506477865195e-23 4.065811150827297e-23 5.033513543233979e-23 5.2513648032725503e-23 4.8614298675858885e-23 4.021262272713658e-23 2.890656793649462e-23 1.623070611436276e-23 4.56424095096653e-24 -3.5569927144290386e-24 -6.143518860693878e-24 -5.189407749845727e-24 -2.694780842583446e-24 -5.190366328214664e-25 -5.563946432417678e-26 -1.1752128297851354e-25 -2.1246719770872876e-26 7.728368048093532e-27 8.329250588569507e-27 -4.7834982502156906e-27 -1.0868349086046971e-27 9.023171998438754e-28 -1.9870874747902207e-28 2.373042040402272e-28 1.0498905199550467e-27 -1.8082715386168444e-27 -2.1256689824365995e-27 3.8517726939978394e-27 1.3091518498209225e-26 -1.7165817863875736e-26 -1.1334654264797469e-25 -3.125420775169997e-25 -9.838117850714479e-25 -2.284305739231375e-24 -4.1161352901670195e-24 -6.720304655587342e-24 -6.003892150633569e-24 5.278903991397452e-25 1.2591600846353866e-23 2.5066523823643336e-23 3.456712114223467e-23 3.912641166580843e-23 3.8048177826517315e-23 3.1895167093623e-23 2.2058788364477845e-23 1.0566846053888006e-23 -1.4144865070496227e-24 -1.2593224500757361e-23 -2.1432601195914678e-23 -2.5977983593452373e-23 -2.277060898555012e-23 -6.6065075683472144e-24 2.984844969433934e-23 9.701969521890332e-23 2.0815747108460715e-22 3.790729580895247e-22 6.339483545705081e-22 9.804964577267546e-22 1.4039691105696635e-21 1.8598487287639986e-21 2.2606174314598885e-21 2.5082285277090023e-21 2.5191031274622086e-21 2.204197794703333e-21 1.7141827943230388e-21 1.2557887147832618e-21 8.701350251102426e-22 5.934615360412868e-22 4.633103583483759e-22 5.385554235761461e-22 1.0153131089682702e-21 2.0274973513514216e-21 3.6523225084403365e-21 5.87323023084102e-21 8.774644877592732e-21 1.2465795012276829e-20 1.705403237268325e-20 2.2599281865507683e-20 2.902774182122089e-20 3.6127247365474476e-20 4.3527902627256774e-20 5.0800292812746174e-20 5.748103473823222e-20 6.310968744823005e-20 6.72196323836206e-20 6.952094889509628e-20 6.991292070522392e-20 6.845971177029541e-20 6.528853239548431e-20 6.058607668834207e-20 5.45960773048118e-20 4.7640588212118336e-20 4.012654885856312e-20 3.2525541611611123e-20 2.519958943445892e-20 1.84638738130084e-20 1.256963296231406e-20 7.679887090779969e-21 3.895041835539211e-21 1.152042224691053e-21 -8.0007931312622965e-22 -2.2371476705371517e-21 -3.3819438951691486e-21 -4.3733990958137815e-21 -5.20827469962911e-21 -5.8501479694528274e-21 -6.244138075423276e-21 -6.332889057677032e-21 -6.19393365452161e-21 -5.9380644884368245e-21 -5.683323871203447e-21 -5.526517005832959e-21 -5.418507597344966e-21 -5.281800715442401e-21 -5.0982778707822685e-21 -4.84576817190728e-21 -4.514591343240242e-21 -4.106413953042355e-21 -3.662662385432653e-21 -3.2089825295818034e-21 -2.762037241406385e-21 -2.330540376889383e-21 -1.922180941179046e-21 -1.5402232202811603e-21 -1.184630141166434e-21 -8.612387257600268e-22 -5.860033061561909e-22 -3.735552494548727e-22 -2.1353766812389117e-22 -9.735318031344204e-23 -1.5028666597578982e-23 4.330157776708457e-23 8.051033148367406e-23 9.967256639125654e-23 1.0398640920711277e-22 9.626499947138055e-23 7.962817871534349e-23 5.724016903741555e-23 3.2139696896551345e-23 9.038010884850437e-24 -7.043482724289221e-24 -1.2165265834642228e-23 -1.0275954779440209e-23 -5.336147566451766e-24 -1.0277852916314902e-24 -1.1017609281630765e-25 -2.3271313930428935e-25 -4.207230321610646e-26 1.5303549830771967e-26 1.649340476711546e-26 -9.472181427257634e-27 -2.152127334605904e-27 1.7867493051133595e-27 5.294859927081126e-28 -6.323287415082313e-28 -2.797573483851607e-27 4.818380971943432e-27 5.66412886854324e-27 -1.0263562646121304e-26 -3.4884099409567725e-26 4.574061402616071e-26 3.0202700140206326e-25 8.328101125408143e-25 2.621497918880198e-24 6.086837778524353e-24 1.0967992273969497e-23 1.7907149189494035e-23 1.5998172166340726e-23 -1.4066349647561994e-24 -3.355200266150473e-23 -6.679310090099762e-23 -9.210871102997586e-23 -1.0425754912775458e-22 -1.0138445049091422e-22 -8.498893089995263e-23 -5.877858524062187e-23 -2.8156769333876655e-23 3.769092210201844e-24 3.3556333233427394e-23 5.711003343231324e-23 6.922181191817787e-23 6.067533335693483e-23 1.760392494613609e-23 -7.953518002637268e-23 -2.585219391162248e-22 -5.546633925091926e-22 -1.0100905436473668e-21 -1.6892400903917143e-21 -2.6126638113923178e-21 -3.7410632726758355e-21 -4.955815424830355e-21 -6.02371718312615e-21 -6.68351004147558e-21 -6.712486881506576e-21 -5.873379572132879e-21 -4.567669158180784e-21 -3.346216905915655e-21 -2.318591134748944e-21 -1.5813576637429456e-21 -1.2345524646836686e-21 -1.4350529950706085e-21 -2.705437542000668e-21 -5.402537679508587e-21 -9.732101377880561e-21 -1.5650006700992175e-20 -2.3381213632771382e-20 -3.321677627316115e-20 -4.544274766712015e-20 -6.02188057321289e-20 -7.734829605941316e-20 -9.626587699801942e-20 -1.1598591158719065e-19 -1.353641667445757e-19 -1.5316589607444747e-19 -1.6816419313895155e-19 -1.7911569046137668e-19 -1.8524785574548646e-19 -1.8629231701371226e-19 -1.8242004769403731e-19 -1.7397001663374907e-19 -1.614396952206439e-19 -1.4547854168018778e-19 -1.2694471183244808e-19 -1.0692255019736232e-19 -8.666865098448327e-20 -6.714767274485395e-20 -4.9199458654054956e-20 -3.349346649964499e-20 -2.0464085404916386e-20 -1.0378859601425441e-20 -3.06977069249823e-21 2.1319179408196667e-21 5.961178570474672e-21 9.011641057551346e-21 1.165350590036769e-20 1.3878143490015966e-20 1.5588500578455396e-20 1.663833986367654e-20 1.687482872877034e-20 1.6504563512285724e-20 1.582276595689017e-20 1.5143975570597435e-20 1.472614274806398e-20 1.443833726673122e-20 1.4074063532237324e-20 1.358504240969246e-20 1.2912196597126712e-20 1.2029731706894865e-20 1.0942088532341452e-20 9.759653208432849e-21 8.5507626328658e-21 7.359817211085101e-21 6.210036176274746e-21 5.121907910188331e-21 4.104130539275074e-21 3.1566052776342056e-21 2.294885650076656e-21 1.5614841058796503e-21 9.953878773382743e-22 5.689996540888299e-22 2.5941056381239696e-22 4.004589767859852e-23 -1.153828323477016e-22 -2.1453052878707865e-22 -2.655908648600043e-22 -2.770856764703235e-22 -2.565109497693114e-22 -2.121799193047348e-22 -1.5252407754056803e-22 -8.564051700771328e-23 -2.408298881772178e-23 1.876829935787009e-23 3.2415975348283036e-23 2.73816541200993e-23 1.421887805241766e-23 2.738671197543593e-24 2.935789080820596e-25 6.200952476318678e-25 1.1210727096882939e-25 -4.0778352772534384e-26 -4.39488800881412e-26 2.5239892659243316e-26 5.7346307699384366e-27 -4.761032196561633e-27 6.178122412946616e-28 -7.378107111653693e-28 -3.264250932903588e-27 5.6221595887218886e-27 6.608990979014618e-27 -1.1975679699491755e-26 -4.0703293196482e-26 5.337083822372495e-26 3.5240965892798515e-25 9.717353939583551e-25 3.0588032877420965e-24 7.102214072391926e-24 1.2797618731946823e-23 2.0894331716381998e-23 1.8666908638178385e-23 -1.6412826742692487e-24 -3.9148982367814365e-23 -7.793519704978721e-23 -1.0747383277239253e-22 -1.2164928042236754e-22 -1.1829690585641078e-22 -9.916636670055832e-23 -6.858374054896643e-23 -3.285374438690955e-23 4.397831906361335e-24 3.9154033575527715e-23 6.663684591292859e-23 8.076905165721934e-23 7.07968918484653e-23 2.0540523685816983e-23 -9.28028475278998e-23 -3.0164729491026735e-22 -6.471896050770067e-22 -1.1785888678559861e-21 -1.9710307935608888e-21 -3.0484955072126893e-21 -4.365129003510323e-21 -5.78252011999414e-21 -7.028563982383403e-21 -7.798420228031201e-21 -7.832230834760586e-21 -6.853147771282847e-21 -5.329625173628783e-21 -3.90441627161526e-21 -2.7053670313221134e-21 -1.8451519050017864e-21 -1.440494371276016e-21 -1.6744414112180649e-21 -3.156745246303475e-21 -6.3037623354433886e-21 -1.1355562511834681e-20 -1.826066363630687e-20 -2.7281552408315093e-20 -3.8757835138314414e-20 -5.302328283125749e-20 -7.02642100887217e-20 -9.025115758302529e-20 -1.1232447615494963e-19 -1.3533410974212423e-19 -1.5794494993737802e-19 -1.787162760355512e-19 -1.9621651511347269e-19 -2.089948872548911e-19 -2.161499901309287e-19 -2.173686832739092e-19 -2.1285046105878885e-19 -2.029908374476803e-19 -1.883702695548162e-19 -1.6974655502496056e-19 -1.4812100300275379e-19 -1.2475884301885824e-19 -1.0112628813973702e-19 -7.834891650101624e-20 -5.74066697776986e-20 -3.908068140624533e-20 -2.3877803162862315e-20 -1.2110209690172478e-20 -3.5818545907555366e-21 2.487554102450601e-21 6.955593114823391e-21 1.0514918716292692e-20 1.3597486428405945e-20 1.619322709296348e-20 1.8188897516983865e-20 1.9413865812068486e-20 1.9689804577141392e-20 1.9257773534000562e-20 1.8462241861941652e-20 1.7670219000148546e-20 1.7182685357406645e-20 1.6846869576826357e-20 1.6421829486577373e-20 1.585123226421974e-20 1.5066145623334807e-20 1.403647228371761e-20 1.2767393830156972e-20 1.138771046855299e-20 9.977158721140413e-21 8.587545650262707e-21 7.245963807235536e-21 5.97631934453912e-21 4.7887613670811945e-21 3.683174609924528e-21 2.6777071601915487e-21 1.8219631844242933e-21 1.1614335728657171e-21 6.639173678128344e-22 3.026841516948253e-22 4.672615362777976e-23 -1.3463043054464055e-22 -2.503174565062009e-22 -3.098954256802566e-22 -3.233077446303626e-22 -2.99300842962078e-22 -2.47574728041115e-22 -1.7796739236667075e-22 -9.992664557164425e-23 -2.810039372481886e-23 2.1899135127533424e-23 3.782344888502104e-23 3.194932679559481e-23 1.659080121905811e-23 3.1955228370551855e-24 3.4255229896894057e-25 7.235364812253999e-25 1.3080845406621062e-25 -4.7580796700369995e-26 -5.128021580835499e-26 2.945028723679668e-26 6.691253622699765e-27 -5.555244134262402e-27 -2.059088245062938e-27 2.459027609555278e-27 1.0879325953153003e-26 -1.8737930407028536e-26 -2.2026911562104558e-26 3.9913390943433656e-26 1.3565880743356446e-25 -1.7787809639385707e-25 -1.1745357685321219e-24 -3.23866823533173e-24 -1.0194595214636491e-23 -2.3670759708574575e-23 -4.2652806093498904e-23 -6.963810338368047e-23 -6.22143921254213e-23 5.470179339558147e-24 1.3047848658258806e-22 2.597479198758428e-22 3.5819637070342745e-22 4.054413054700886e-22 3.942682788701416e-22 3.3050867333088223e-22 2.285807451090988e-22 1.0949729883144747e-22 -1.4657377353588356e-23 -1.3049529367193012e-22 -2.220919463509464e-22 -2.691927584163924e-22 -2.359568444918029e-22 -6.84588847323395e-23 3.0929988104432128e-22 1.005351358903131e-21 2.1569991019248422e-21 3.928083988943117e-21 6.569190254273598e-21 1.0160240547355202e-20 1.4548409404458643e-20 1.9272390341849758e-20 2.342529305750426e-20 2.5991124109013056e-20 2.610381037175439e-20 2.2840653221311025e-20 1.7762949640871106e-20 1.301291291480996e-20 9.016637080999404e-21 6.149651479901849e-21 4.800980330316148e-21 5.580695496823123e-21 1.0521022146695227e-20 2.1009622427749754e-20 3.7846618003687824e-20 6.086042558763322e-20 9.092587934179549e-20 1.291748431063912e-19 1.7671973241736517e-19 2.341815097202752e-19 3.007954168058463e-19 3.7436292847246906e-19 4.510510568191285e-19 5.264100584539138e-19 5.956381978803916e-19 6.539642279900521e-19 6.96552887177938e-19 7.203999182121308e-19 7.244616644865286e-19 7.094030149474556e-19 6.765421664322471e-19 6.278137073305595e-19 5.657432790106198e-19 4.936681151426885e-19 4.15805061886891e-19 3.3704081752260995e-19 2.611267881585077e-19 1.9132899245565853e-19 1.3025084697243995e-19 7.958162302500426e-20 4.036175827289517e-20 1.1937855471205662e-20 -8.290697445695543e-21 -2.318209263349439e-20 -3.504486373043605e-20 -4.531866254401497e-20 -5.3969929866976774e-20 -6.06212407999329e-20 -6.470390135633698e-20 -6.562356940511403e-20 -6.418366577611488e-20 -6.153226162931202e-20 -5.889255189312984e-20 -5.726766529032568e-20 -5.614843468017743e-20 -5.473183101373076e-20 -5.283010428784672e-20 -5.0213512119903994e-20 -4.6781744174742635e-20 -4.255207000615858e-20 -3.7953764014549327e-20 -3.325257770038674e-20 -2.8621177292755595e-20 -2.4149858756991437e-20 -1.9918298200272088e-20 -1.5960321272526995e-20 -1.2275543809714639e-20 -8.924451034636287e-21 -6.072367208601754e-21 -3.8709075759480594e-21 -2.212750515389296e-21 -1.008807006606787e-21 -1.5573216443533772e-22 4.487058286089346e-22 8.342756913005937e-22 1.0328413367059508e-21 1.0775428507322476e-21 9.975309500545628e-22 8.251345027159514e-22 5.931422635641216e-22 3.330425587430339e-22 9.365496275314642e-23 -7.298698955688567e-23 -1.2606066005705636e-22 -1.0648296882419674e-22 -5.529499140031917e-23 -1.0650263790040607e-23 -1.1416825065974646e-24 -2.411453372759908e-24 -4.359676430432373e-25 1.5858063324373039e-25 1.7091031871903054e-25 -9.815399359604883e-26 -2.2301081706068867e-26 1.851490924956691e-26 -1.433566357410585e-27 1.7120098303449693e-27 7.574340365955352e-27 -1.3045611624851377e-26 -1.533544766098295e-26 2.7788265341238937e-26 9.444758628017613e-26 -1.2384124818367444e-25 -8.1772850466261615e-25 -2.254807027070958e-24 -7.097622891781297e-24 -1.647992117415906e-23 -2.969549175237637e-23 -4.8483033274648354e-23 -4.3314531926181486e-23 3.808434521330261e-24 9.084099521061593e-23 1.808402064494335e-22 2.493814061925603e-22 2.8227398565243367e-22 2.744951451455441e-22 2.301047756192413e-22 1.591410736716226e-22 7.623345724547095e-23 -1.020481983127639e-23 -9.085284669913455e-23 -1.5462375381198975e-22 -1.8741600927470254e-22 -1.642766736179765e-22 -4.7662164310925226e-23 2.153389490399954e-22 6.999400326595024e-22 1.501733789795684e-21 2.7347885873407767e-21 4.57356475553574e-21 7.073705593832074e-21 1.0128811844036092e-20 1.3417715364808676e-20 1.6309026145726386e-20 1.809539499570557e-20 1.8173849377453818e-20 1.5901993270287267e-20 1.2366823857150496e-20 9.05978057961252e-21 6.277516249529114e-21 4.2814798496178156e-21 3.342515701409247e-21 3.8853646479794346e-21 7.324890994347033e-21 1.4627205002028928e-20 2.634936280382265e-20 4.237190557943003e-20 6.330390544369566e-20 8.993338223471952e-20 1.2303481553203062e-19 1.630405282223103e-19 2.0941808464148917e-19 2.6063684003973737e-19 3.1402821339432213e-19 3.66494229650176e-19 4.146918517812083e-19 4.552992691306358e-19 4.849501036428518e-19 5.015527485478157e-19 5.043805951030926e-19 4.9389654832936075e-19 4.710183555738766e-19 4.370929049096414e-19 3.9387858416893594e-19 3.436988232907507e-19 2.894894508753474e-19 2.3465265601488786e-19 1.8180022149769963e-19 1.3320599635645575e-19 9.068251652229345e-20 5.540587689310115e-20 2.8100445009689477e-20 8.311316329368129e-21 -5.772092466227104e-21 -1.613969563725152e-20 -2.4398727318306073e-20 -3.155149369280029e-20 -3.757463039876978e-20 -4.2205368844360525e-20 -4.5047776153225697e-20 -4.568806283033082e-20 -4.468558195852585e-20 -4.283963710218939e-20 -4.100183405936455e-20 -3.987056538359831e-20 -3.9091341599544443e-20 -3.8105082376641124e-20 -3.678107348777801e-20 -3.495936499919973e-20 -3.257011941177084e-20 -2.962536002083788e-20 -2.6423953826364365e-20 -2.3150920829311615e-20 -1.9926473727283725e-20 -1.681347785898934e-20 -1.3867404884960367e-20 -1.1111804718618249e-20 -8.546409904485852e-21 -6.213331125768462e-21 -4.227669504506359e-21 -2.6949817479840624e-21 -1.5405490073657337e-21 -7.023462355346358e-22 -1.0842324965383852e-22 3.1239519857237353e-22 5.808345137195514e-22 7.190788074923684e-22 7.502006835254449e-22 6.944952898500957e-22 5.744704478784652e-22 4.1295415757880877e-22 2.3186904048655043e-22 6.520397881373222e-23 -5.081454056019591e-23 -8.776521488204959e-23 -7.413496289815537e-23 -3.84971654516494e-23 -7.414865737507622e-24 -7.948553673612979e-25 -1.6788883809475683e-24 -3.035268688241833e-25 1.104061033540182e-25 1.1899020285096883e-25 -6.83362114525601e-26 -1.5526332025057336e-26 1.2890344407807497e-26 5.4610438973534124e-27 -6.521749527416511e-27 -2.8853778485519445e-26 4.9696101939714465e-26 5.841902693346339e-26 -1.058569375691022e-25 -3.5978968718289495e-25 4.717622467364374e-25 3.1150639647103386e-24 8.589486303461522e-24 2.7037760752783775e-23 6.277878855397805e-23 1.1312232869132203e-22 1.8469181310365048e-22 1.6500288910738242e-22 -1.4507843403008462e-23 -3.4605063926999464e-22 -6.888946428328908e-22 -9.499962755339223e-22 -1.0752976734789287e-21 -1.0456649290119428e-21 -8.765638365491506e-22 -6.062340084187066e-22 -2.904048978706275e-22 3.8873954945639075e-23 3.460953750873485e-22 5.89024929458139e-22 7.13944107470726e-22 6.257969216751573e-22 1.8156445754247632e-22 -8.203146350705053e-22 -2.6663589347597013e-21 -5.720720290548667e-21 -1.0417931947656379e-20 -1.7422584945423697e-20 -2.6946647441780316e-20 -3.8584800923631785e-20 -5.1113583958941545e-20 -6.212777272817994e-20 -6.893278373558087e-20 -6.923164706833147e-20 -6.057721257633925e-20 -4.711029923404581e-20 -3.4512412618387325e-20 -2.391362498707428e-20 -1.63099026553032e-20 -1.2733002610793087e-20 -1.480093692455138e-20 -2.7903504581877224e-20 -5.572101625919996e-20 -1.0037552757584188e-19 -1.6141197105001265e-19 -2.411505523414303e-19 -3.4259316251880508e-19 -4.686901124396553e-19 -6.210882976617501e-19 -7.977594522451638e-19 -9.928727218930746e-19 -1.1962623856176709e-18 -1.3961269843225766e-18 -1.5797315173128254e-18 -1.7344218440772587e-18 -1.8473740474585533e-18 -1.9106203380549925e-18 -1.9213927649976457e-18 -1.881454724092205e-18 -1.7943022922829293e-18 -1.6650663194747908e-18 -1.50044522654328e-18 -1.3092899119705726e-18 -1.102784152610543e-18 -8.938882843242251e-19 -6.92551659815652e-19 -5.074363035283468e-19 -3.4544690896048743e-19 -2.11063704451765e-19 -1.0704610355614166e-19 -3.1661188146551126e-20 2.1988297203585226e-20 6.148275312882643e-20 9.294479451696239e-20 1.2019261723829522e-19 1.431372167383644e-19 1.6077759947815424e-19 1.7160549449921037e-19 1.7404460768644543e-19 1.702257446211618e-19 1.631937808333025e-19 1.56192832563446e-19 1.5188336389449925e-19 1.48914978913312e-19 1.451579110946803e-19 1.4011421623706377e-19 1.3317457935709188e-19 1.2407296076446102e-19 1.1285516217001117e-19 1.00659690653885e-19 8.819136336939837e-20 7.590811985275988e-20 6.404944000727083e-20 5.2826638127648743e-20 4.2329425472372295e-20 3.255678317992827e-20 2.3669128120332258e-20 1.610492771893512e-20 1.0266290808478029e-20 5.868582611102067e-21 2.675524241440341e-21 4.13027892578427e-22 -1.1900422009491645e-21 -2.212637625508804e-21 -2.7392667740514407e-21 -2.8578226642990867e-21 -2.6456178440674047e-21 -2.1883938456822676e-21 -1.5731118964097907e-21 -8.832842689952582e-22 -2.483885848323004e-22 1.9357357820659631e-22 3.3433380092487225e-22 2.824105277604181e-22 1.4665150898961705e-22 2.824626940450755e-23 3.0279314115522056e-24 6.395575188139161e-24 1.1562586053142878e-24 -4.205821939593825e-25 -4.532825649039544e-25 2.603207014179338e-25 5.914617513358342e-26 -4.910461629653922e-26 1.2294439839473076e-26 -1.468240494532593e-26 -6.495846677304405e-26 1.118807566642826e-25 1.3151866798877588e-25 -2.383155548798422e-25 -8.099940017549492e-25 1.0620776377062108e-24 7.012939159996194e-24 1.9337499148403647e-23 6.087007613900493e-23 1.413338060542485e-22 2.5467214755022283e-22 4.157964020383815e-22 3.714707213787109e-22 -3.266156251942839e-23 -7.790633944145645e-22 -1.5509075942876448e-21 -2.138725286794818e-21 -2.420816082326055e-21 -2.354103840134031e-21 -1.9734066798439855e-21 -1.3648133938860361e-21 -6.537876417014047e-22 8.751748926145924e-23 7.79164737214282e-22 1.326071766889983e-21 1.6073021394176471e-21 1.4088564202130085e-21 4.0875629289172477e-22 -1.8467730827146926e-21 -6.002770654055957e-21 -1.2879051042503438e-20 -2.345387840886845e-20 -3.92234457290296e-20 -6.066495668153899e-20 -8.686591827531438e-20 -1.1507195346384102e-19 -1.3986818485739178e-19 -1.5518829993504623e-19 -1.5586113306645112e-19 -1.3637741804076097e-19 -1.0605937492758838e-19 -7.769776968443159e-20 -5.383673275858158e-20 -3.671848221110868e-20 -2.8665811647058864e-20 -3.332134995282332e-20 -6.281914509096871e-20 -1.2544467594535026e-19 -2.2597532359186206e-19 -3.633865948412737e-19 -5.429019660064569e-19 -7.712795908374184e-19 -1.0551615003225797e-18 -1.3982553481414424e-18 -1.7959949014945367e-18 -2.235253165228148e-18 -2.6931440644390537e-18 -3.1430989889285247e-18 -3.556447647337583e-18 -3.9047017883914405e-18 -4.158990944580914e-18 -4.301377242054316e-18 -4.3256291961601765e-18 -4.235716736918821e-18 -4.0395105773271144e-18 -3.748561793145585e-18 -3.377950531608098e-18 -2.947602809802634e-18 -2.4826966503791855e-18 -2.012409640471367e-18 -1.5591407460773144e-18 -1.1423907724075425e-18 -7.777042475676388e-19 -4.751675041469701e-19 -2.409928062269192e-19 -7.127883727123368e-20 4.950218514913127e-20 1.3841600740176678e-19 2.0924646462906599e-19 2.705894563820725e-19 3.222446069795823e-19 3.6195838102243776e-19 3.8633521005531133e-19 3.9182638511928215e-19 3.832289861665873e-19 3.6739793763638657e-19 3.5163671429247993e-19 3.4193481551513538e-19 3.352520965693395e-19 3.2679381668170847e-19 3.154389547446914e-19 2.9981576070250258e-19 2.793252996987586e-19 2.5407068500426603e-19 2.266150362634182e-19 1.9854510746455275e-19 1.7089185730351939e-19 1.4419442656767473e-19 1.1892854692485446e-19 9.529618526868447e-20 7.329504785857389e-20 5.3286281016195787e-20 3.625700592990291e-20 2.3112489730034577e-20 1.3211934496547164e-20 6.023405886395122e-21 9.298503846485493e-22 -2.679139592664517e-21 -4.981307638634555e-21 -6.166907390122803e-21 -6.43381229444562e-21 -5.956076001720045e-21 -4.9267283197989354e-21 -3.5415449491211515e-21 -1.9885369574364658e-21 -5.591971340817541e-22 4.357917612411043e-22 7.526851808136396e-22 6.357904514367747e-22 3.3015636329387907e-22 6.359078957774099e-23 6.816776804480544e-24 1.4398350552402075e-23 2.60308336911252e-24 -9.468561544534694e-25 -1.0204744419521043e-24 5.860596543148859e-25 1.3315570917114684e-25 -1.1054915962109025e-25 -3.541139831685119e-26 4.2289400510871707e-26 1.8709840921477548e-25 -3.2224762402409656e-25 -3.788102594047471e-25 6.864149248312462e-25 2.333007500234375e-24 -3.059078315171846e-24 -2.019921095615178e-23 -5.56973641885797e-23 -1.7532271272116184e-22 -4.070805861255075e-22 -7.335264623050232e-22 -1.1976090184677102e-21 -1.0699387434562897e-21 9.407439486603571e-23 2.2439188053772318e-21 4.467044285876652e-21 6.160122346596511e-21 6.972622093775625e-21 6.780472287450027e-21 5.683958773857468e-21 3.931041168560277e-21 1.883089636273139e-21 -2.520749068103375e-22 -2.244210959745559e-21 -3.819455004320059e-21 -4.6294765225451104e-21 -4.057897746090524e-21 -1.1773317570903642e-21 5.3192189342300164e-21 1.728964553185151e-20 3.709524168320134e-20 6.755367968109037e-20 1.129744105470926e-19 1.7473191332999908e-19 2.501979549927072e-19 3.3143916525573887e-19 4.0285919439508755e-19 4.469853786884433e-19 4.4892332586652895e-19 3.928048201523088e-19 3.054804424106214e-19 2.237911483454028e-19 1.5506473981559455e-19 1.0575942727912704e-19 8.256550114301647e-20 9.597474370707465e-20 1.8093658086943276e-19 3.61315491378972e-19 6.508716586054775e-19 1.0466542576892187e-18 1.5637083502140539e-18 2.221499294685193e-18 3.0391579837038555e-18 4.0273634887885e-18 5.1729637920789636e-18 6.438149504218608e-18 7.757002377739766e-18 9.052997441422227e-18 1.0243556298954902e-17 1.124662487984959e-17 1.197904822549014e-17 1.2389160280926112e-17 1.2459012640752569e-17 1.2200039804926605e-17 1.1634911611034249e-17 1.0796898363044723e-17 9.72943507059692e-18 8.48991419330512e-18 7.150855424188924e-18 5.79629831177155e-18 4.4907580949879246e-18 3.2904025052365575e-18 2.240004097775138e-18 1.3686143098595208e-18 6.941261861027838e-19 2.053028520643898e-19 -1.425800151711104e-19 -3.986765015005139e-19 -6.026878776371041e-19 -7.793727199648443e-19 -9.28153890976179e-19 -1.0425405833215171e-18 -1.1127526174765939e-18 -1.1285687267413161e-18 -1.1038058327568227e-18 -1.0582080203987676e-18 -1.0128113239520504e-18 -9.848671639138988e-19 -9.656190796475836e-19 -9.412568869769888e-19 -9.08551734006831e-19 -8.635525998649098e-19 -8.045343859233013e-19 -7.317940869936673e-19 -6.527141990483409e-19 -5.718650139640276e-19 -4.922159789115503e-19 -4.153199689827524e-19 -3.425472234396666e-19 -2.7447946300992144e-19 -2.1111008109268393e-19 -1.5347927933573531e-19 -1.0443024073461109e-19 -6.657038587850384e-20 -3.8054038911414824e-20 -1.734908129979826e-20 -2.6782276736773454e-21 7.716665209726928e-21 1.4347548223191503e-20 1.7762404642533454e-20 1.8531164916151125e-20 1.7155151866205443e-20 1.4190344913875264e-20 1.0200632410975225e-20 5.7275384098495046e-21 1.6106430369062897e-21 -1.2552011417455925e-21 -2.1679421839212345e-21 -1.831252949589326e-21 -9.509419592060054e-22 -1.8315912228939134e-22 -1.9634208539612564e-23 -4.1471245739250475e-23 -7.497602483259128e-24 2.727208508473609e-24 2.9392496014899285e-24 -1.6880144522072525e-24 -3.8352539784689607e-25 3.1841226067006087e-25 -1.0717405104669058e-26 1.2799060029279924e-26 5.662610675618535e-26 -9.752957822069154e-26 -1.1464847366832145e-25 2.0774633752992214e-25 7.060941692394229e-25 -9.258425739743109e-25 -6.113372135052353e-24 -1.6857027261568356e-23 -5.306210554950731e-23 -1.2320453440512906e-22 -2.2200468803485223e-22 -3.6246126895393444e-22 -3.2382152379437907e-22 2.8471601228263604e-23 6.791306376993974e-22 1.3519686150483058e-21 1.8643857309345392e-21 2.1102923848952185e-21 2.0521379248609915e-21 1.720274273335161e-21 1.1897473674941852e-21 5.699272361755182e-22 -7.62883001322731e-23 -6.792157722203912e-22 -1.1559693669304195e-21 -1.401125618633053e-21 -1.2281354439105979e-21 -3.5632165121600996e-22 1.6098835065776189e-21 5.2327778760925055e-21 1.1227016068199985e-20 2.0445377517816554e-20 3.419213434454322e-20 5.2883277825650565e-20 7.572336263696547e-20 1.0031132263395464e-19 1.2192686195184276e-19 1.352818112751775e-19 1.3586832554967404e-19 1.1888382824777745e-19 9.24547548074745e-20 6.773116613848679e-20 4.6930849011045134e-20 3.200840416715758e-20 2.4988671999321163e-20 2.904702949826194e-20 5.476105511240048e-20 1.0935342587855055e-19 1.9698871528601868e-19 3.1677384646759556e-19 4.732622647422502e-19 6.723452358664276e-19 9.19812799739185e-19 1.2188970201116458e-18 1.5656173887801358e-18 1.948530747808422e-18 2.3476866828763107e-18 2.7399246141652567e-18 3.1002518698608086e-18 3.403834469209656e-18 3.6255052344123664e-18 3.749627230474332e-18 3.770768304341548e-18 3.692389155847121e-18 3.5213509029734556e-18 3.2677229337938847e-18 2.9446510193618004e-18 2.5695052087910128e-18 2.164233870375716e-18 1.754271904573326e-18 1.3591450958373562e-18 9.95852824471569e-19 6.77945677140139e-19 4.142161836863554e-19 2.1007974474084727e-19 6.213547717767189e-20 -4.315260981747035e-20 -1.20661192134322e-19 -1.8240601434732172e-19 -2.3588035613020976e-19 -2.8090954372964663e-19 -3.155291085044201e-19 -3.367790407143033e-19 -3.4156583416229953e-19 -3.3407123388487892e-19 -3.202708641716953e-19 -3.065313630270119e-19 -2.9807394042266744e-19 -2.922484200205357e-19 -2.8487509614889837e-19 -2.7497674395307703e-19 -2.613575715698061e-19 -2.434954713660276e-19 -2.214803303090738e-19 -1.9754648912019514e-19 -1.7307716435411462e-19 -1.489710708003155e-19 -1.256981922494428e-19 -1.0367323663031675e-19 -8.307226372552136e-20 -6.38932739115665e-20 -4.64510881454715e-20 -3.160620670908086e-20 -2.014777549516389e-20 -1.1517193527320751e-20 -5.2507590856048235e-21 -8.105697221551108e-22 2.3354835911279756e-21 4.34234485403822e-21 5.375863350362363e-21 5.608530714352014e-21 5.192074207540651e-21 4.294763147609279e-21 3.0872605475578173e-21 1.7334608078577627e-21 4.874662136053316e-22 -3.7989251968141427e-22 -6.561365927937713e-22 -5.542359172209767e-22 -2.878062606520938e-22 -5.54338284155546e-23 -5.9423769062281295e-24 -1.2551433216162478e-23 -2.269179522074347e-24 8.254003340747916e-25 8.895754832892512e-25 -5.108842218475645e-25 -1.1607545891682745e-25 9.636871823372695e-26 7.244341205090318e-26 -8.651419109450594e-26 -3.8275944167608883e-25 6.59243019909015e-25 7.749569109976782e-25 -1.4042438513723045e-24 -4.7727860075758114e-24 6.258156476073741e-24 4.132284727498756e-23 1.1394374350682858e-22 3.5866915241491266e-22 8.327914074974967e-22 1.5006230916547056e-21 2.4500270563507214e-21 2.188843518744137e-21 -1.9245437599791005e-22 -4.590531721709596e-21 -9.13852486836322e-21 -1.2602165265290858e-20 -1.4264348943955086e-20 -1.387125524860608e-20 -1.1628045490030941e-20 -8.041986895378075e-21 -3.8523581102968735e-21 5.156880139766648e-22 4.591131350794404e-21 7.813711338665652e-21 9.470825353593625e-21 8.30150900178435e-21 2.4085460922485423e-21 -1.088187380924004e-20 -3.5370560500961785e-20 -7.588816709351743e-20 -1.381989903494402e-19 -2.3111915644235303e-19 -3.574605272665966e-19 -5.11846354598501e-19 -6.78046823765473e-19 -8.241554607200869e-19 -9.144272928248807e-19 -9.183918859787711e-19 -8.035865915564928e-19 -6.249413996526979e-19 -4.5782426462838e-19 -3.1722615121002784e-19 -2.1635904452575243e-19 -1.6890971100180113e-19 -1.9634187781361928e-19 -3.7015387506403293e-19 -7.391668299599938e-19 -1.3315308504844916e-18 -2.1412092399345153e-18 -3.1989806667261683e-18 -4.544666689943055e-18 -6.21740462894603e-18 -8.239041358980831e-18 -1.0582670935109712e-17 -1.317094421293711e-17 -1.5869007916883372e-17 -1.8520309901546914e-17 -2.095591413299675e-17 -2.3007957223900915e-17 -2.450632363330976e-17 -2.5345316730530085e-17 -2.548821828621825e-17 -2.495842060343199e-17 -2.3802300851496734e-17 -2.2087922269393034e-17 -1.9904142702971683e-17 -1.7368373666648346e-17 -1.462897344501645e-17 -1.1857867243667325e-17 -9.18703811404305e-18 -6.731392063872674e-18 -4.582523242353382e-18 -2.799864077613379e-18 -1.4200195421762889e-18 -4.200016257318309e-19 2.9168514775502845e-19 8.155985105047259e-19 1.2329579516791592e-18 1.5944137122685581e-18 1.8987851047768146e-18 2.1327934598577798e-18 2.2764308239802575e-18 2.3087868825174585e-18 2.2581278169531217e-18 2.164845394618836e-18 2.0719744082422513e-18 2.0148072182442003e-18 1.9754301593309847e-18 1.925590833147121e-18 1.8586837660755865e-18 1.7666260959859852e-18 1.6458886755351541e-18 1.4970790862621073e-18 1.3353001838878966e-18 1.1699017138438715e-18 1.0069584686423383e-18 8.49647266493441e-19 7.007712957772905e-19 5.615206208359916e-19 4.318817261788424e-19 3.1398262050840693e-19 2.136397895418921e-19 1.36187404389967e-19 7.784964508206102e-20 3.549215644823403e-20 5.4790294840372e-21 -1.578648450020738e-20 -2.935171688657477e-20 -3.633771294110239e-20 -3.791041672576879e-20 -3.509541719311891e-20 -2.9030117865568836e-20 -2.0868102067048697e-20 -1.1717200991829555e-20 -3.2949986320130936e-21 2.5678465775146208e-21 4.435101030434826e-21 3.7463140332706856e-21 1.945404255426971e-21 3.747006068713529e-22 4.0166981893755033e-23 8.484044368918519e-23 1.5338335837532317e-23 -5.579229006094762e-24 -6.013015304474638e-24 3.4532816627611335e-24 7.8460301986599085e-25 -6.51396808835211e-25 1.563363607548425e-25 -1.8670176685684458e-25 -8.260133255169064e-25 1.422678262432714e-24 1.672394109884999e-24 -3.0304262889316295e-24 -1.0299899302527916e-23 1.350540148585092e-23 8.917665715826599e-23 2.458959336830541e-22 7.740247332646674e-22 1.7972026528415873e-21 3.238415003386263e-21 5.287275719403292e-21 4.723632007643433e-21 -4.153195947372191e-22 -9.906578512346932e-21 -1.9721364841980395e-20 -2.7196068457227344e-20 -3.0783144784431915e-20 -2.993483694459024e-20 -2.5093892884867262e-20 -1.7355018726745533e-20 -8.313611185495491e-21 1.112829988765375e-21 9.907821778274069e-21 1.6862296620548432e-20 2.0438426871155877e-20 1.791499360311642e-20 5.197717327994018e-21 -2.348360689463929e-20 -7.633130049139145e-20 -1.637701353854726e-19 -2.9823973059450334e-19 -4.987656952880594e-19 -7.714161554546964e-19 -1.1045878333569296e-18 -1.4632560244502883e-18 -1.7785650789253395e-18 -1.9733756933362966e-18 -1.98193126880358e-18 -1.7341759151138388e-18 -1.3486511396605731e-18 -9.880045192895444e-19 -6.845872361027485e-19 -4.669113392563116e-19 -3.645134741208598e-19 -4.237133324621046e-19 -7.98807606824897e-19 -1.5951545491939183e-18 -2.873503405163175e-18 -4.620826730419118e-18 -6.903546301772148e-18 -9.807598879288194e-18 -1.3417444625910656e-17 -1.778023013026058e-17 -2.283789113343643e-17 -2.8423504607820635e-17 -3.4246050926610587e-17 -3.996768330660062e-17 -4.522382996899515e-17 -4.965223398407051e-17 -5.28857780316126e-17 -5.4696363842864134e-17 -5.500475180185011e-17 -5.386142364417653e-17 -5.1366463505154374e-17 -4.7666755028586007e-17 -4.295405751112504e-17 -3.7481750413922565e-17 -3.156999781181295e-17 -2.5589822335599262e-17 -1.9826049475433145e-17 -1.4526651692057472e-17 -9.889293386012676e-18 -6.042232483135934e-18 -3.0644642281777645e-18 -9.063794386900485e-19 6.294733732712696e-19 1.7601024659293266e-18 2.6607832717899473e-18 3.4408213630719882e-18 4.097668748411271e-18 4.602669435141831e-18 4.912645326136655e-18 4.9824709917018926e-18 4.8731461615319335e-18 4.671838145631865e-18 4.47141802846622e-18 4.348048367359748e-18 4.263070650194024e-18 4.1555148956841435e-18 4.011126181310886e-18 3.812461315362877e-18 3.551904236957736e-18 3.2307661403625426e-18 2.8816396823568344e-18 2.5247020462194805e-18 2.1730629166976196e-18 1.8335780164015757e-18 1.5122967509955294e-18 1.2117873305233392e-18 9.32020586229875e-19 6.77588857752404e-19 4.61044389266078e-19 2.938985679730136e-19 1.6800299930078422e-19 7.659359812048735e-20 1.1823902388889546e-20 -3.4068040463114717e-20 -6.334242130884987e-20 -7.841850802935116e-20 -8.181246146831817e-20 -7.57375495149895e-20 -6.264834145362406e-20 -4.5034323742695344e-20 -2.528624808194371e-20 -7.110741823996402e-21 5.541547609330959e-21 9.571160754296849e-21 8.084720774365507e-21 4.1982722488551e-21 8.086214021325973e-22 8.668232251196352e-23 1.8308960198650167e-22 3.3100854908489186e-23 -1.204023599917594e-23 -1.2976368299027115e-23 7.452343223049312e-24 1.6932097831318347e-24 -1.4057446578542024e-24 -4.703769464649551e-25 5.617388545881702e-25 2.485267118895179e-24 -4.280482369768994e-24 -5.031815011677449e-24 9.11779308234838e-24 3.0989818326218474e-23 -4.063437035028499e-23 -2.683102452435988e-22 -7.398393666270993e-22 -2.32884690951675e-21 -5.4073334554661416e-21 -9.743580747015554e-21 -1.5908088358189866e-20 -1.421222346173595e-20 1.2495972362060606e-21 2.980642003713667e-20 5.933665434556122e-20 8.182616405002608e-20 9.261877503643708e-20 9.006642386254921e-20 7.550122819825447e-20 5.2216885209061834e-20 2.501354551541666e-20 -3.348263591157434e-21 -2.9810198578817304e-20 -5.073447681832834e-20 -6.149415790417411e-20 -5.3901773701044545e-20 -1.5638659788832094e-20 7.065628975411243e-20 2.2966181177098253e-19 4.927434405166467e-19 8.973288809643431e-19 1.5006614357758354e-18 2.32099858114564e-18 3.323428958778926e-18 4.4025719956685356e-18 5.351258250830034e-18 5.937394836689923e-18 5.963136574372579e-18 5.2177027919540845e-18 4.057755225794982e-18 2.9726597551873814e-18 2.059753012331441e-18 1.4048206472578027e-18 1.0967310667848841e-18 1.2748486662310392e-18 2.403413642811977e-18 4.799422646725847e-18 8.645654968871831e-18 1.3902914265184467e-17 2.0771047073164416e-17 2.9508615632962997e-17 4.03697394552027e-17 5.349627082718455e-17 6.871350889312071e-17 8.551922397426098e-17 1.0303781075480099e-16 1.2025277270122284e-16 1.3606720444040135e-16 1.493911653806282e-16 1.5912009133336851e-16 1.6456769164766412e-16 1.654955541051476e-16 1.6205556558540197e-16 1.545488541966821e-16 1.4341735609762013e-16 1.2923802712451016e-16 1.1277322276957415e-16 9.498623669915557e-17 7.699338322735309e-17 5.965163110561244e-17 4.3707067513950053e-17 2.9754415244684195e-17 1.8179570347246063e-17 9.220209756554225e-18 2.7270718346818306e-18 -1.893925588521182e-18 -5.2957061160428255e-18 -8.00562970936498e-18 -1.035256951280234e-17 -1.2328859266882593e-17 -1.384828025829218e-17 -1.4780920388930346e-17 -1.4991008520348035e-17 -1.4662077593386845e-17 -1.4056392254883525e-17 -1.3453378381109291e-17 -1.3082190065713925e-17 -1.2826513501907172e-17 -1.2502905251556933e-17 -1.206847581878479e-17 -1.147074299981073e-17 -1.0686791968963634e-17 -9.72056777824436e-18 -8.67013359029672e-18 -7.59619750719308e-18 -6.53820329308857e-18 -5.5167781025995934e-18 -4.5501230889923976e-18 -3.645965357365709e-18 -2.8042171474935136e-18 -2.0386956628899555e-18 -1.3871674702435383e-18 -8.842674575297336e-19 -5.054791420861382e-19 -2.3045108337140214e-19 -3.557523959847525e-20 1.0250216290983238e-19 1.905814726937198e-19 2.3594166197487747e-19 2.4615323021996876e-19 2.2787534779039626e-19 1.8849320035941963e-19 1.3549703034275353e-19 7.608001160279644e-20 2.1394458323769467e-20 -1.6673120045456057e-20 -2.879722521282739e-20 -2.4324903087179518e-20 -1.2631552134828814e-20 -2.4329396041470727e-21 -2.608053587048265e-22 -5.508708580184279e-22 -9.959218804147023e-23 3.622605996373831e-23 3.904264706728246e-23 -2.2422237172384717e-23 -5.094444973169161e-24 4.2295342193923186e-24 -2.7338017698842544e-25 3.26479160392293e-25 1.4444218571331896e-24 -2.487789812941168e-24 -2.924459881155094e-24 5.299204641264295e-24 1.8011092312508934e-23 -2.3616445528096645e-23 -1.5594027699557237e-22 -4.299901550115483e-22 -1.3535117631205645e-21 -3.142709548001317e-21 -5.662909998345565e-21 -9.245682903044574e-21 -8.260054902580632e-21 7.262620246151719e-22 1.732331304364834e-20 3.448610363498501e-20 4.755686696786368e-20 5.382946326388283e-20 5.234604805278961e-20 4.388083990548291e-20 3.034811583787645e-20 1.4537695045139485e-20 -1.946020739017528e-21 -1.7325540502661207e-20 -2.94866064385988e-20 -3.574006748051052e-20 -3.1327415990421994e-20 -9.089117716645826e-21 4.106499882236536e-20 1.3347806840403476e-19 2.863795516739463e-19 5.2152220591714645e-19 8.721754940532378e-19 1.3489505528212888e-18 1.9315571144615303e-18 2.5587486315691403e-18 3.1101194715299015e-18 3.450778641914438e-18 3.4657397088564066e-18 3.032498207793135e-18 2.3583437674535628e-18 1.7276928688993976e-18 1.1971169861359365e-18 8.164742395736417e-19 6.374144316899294e-19 7.4093532678205e-19 1.3968505451736126e-18 2.789396634718924e-18 5.02480381469512e-18 8.080291389090616e-18 1.2072008973078033e-17 1.7150231391178492e-17 2.3462651365452737e-17 3.109171257987212e-17 3.9935879937470463e-17 4.970326056394353e-17 5.988495792290425e-17 6.989019034351645e-17 7.908144301508434e-17 8.682524899865219e-17 9.247964229449225e-17 9.564575493076657e-17 9.618502314529994e-17 9.4185722640662e-17 8.982286722791682e-17 8.33533075314102e-17 7.511236684464777e-17 6.554312161061965e-17 5.5205432299628385e-17 4.4748094031977225e-17 3.4669171922044693e-17 2.5402287368176124e-17 1.7293089690518562e-17 1.0565859356520888e-17 5.35873275991705e-18 1.5849599290866225e-18 -1.1007361126426435e-18 -3.077830627802733e-18 -4.652822046523211e-18 -6.0168494586871024e-18 -7.165457288470034e-18 -8.048535743874993e-18 -8.590580698887478e-18 -8.712682785711747e-18 -8.521510245318955e-18 -8.169489709991885e-18 -7.81902181335485e-18 -7.603289531056753e-18 -7.454691973563445e-18 -7.266612916002232e-18 -7.01412524408338e-18 -6.666726617116733e-18 -6.2110990746532445e-18 -5.649535453997198e-18 -5.039029478880312e-18 -4.414864333399639e-18 -3.7999644953724736e-18 -3.2063183419193076e-18 -2.644504276765086e-18 -2.119013249352708e-18 -1.6297942550180674e-18 -1.184877770405326e-18 -8.062134978238369e-19 -5.139310265704305e-19 -2.937815244760722e-19 -1.3393685761323094e-19 -2.0676175309557155e-20 5.957359382607812e-20 1.1076477070178789e-19 1.371278500297554e-19 1.4306276084815704e-19 1.3243977327853802e-19 1.0955111294411776e-19 7.875006355953506e-20 4.421725410062002e-20 1.2434341548897319e-20 -9.690307355597153e-21 -1.6736769593436277e-20 -1.4137486417796218e-20 -7.341382285947252e-21 -1.414009781800267e-21 -1.515784348330612e-22 -3.2016283300242817e-22 -5.788237102925687e-23 2.105436733619604e-23 2.269134997136887e-23 -1.3031668506580392e-23 -2.9608607038739924e-24 2.4581797455519065e-24 1.4074393642166963e-24 -1.6808080275674092e-24 -7.436297652631502e-24 1.2807855318058725e-23 1.5055955202905686e-23 -2.728182741178092e-23 -9.272623802888825e-23 1.215842127267514e-22 8.028248819387367e-22 2.2137111267964786e-21 6.968261158954806e-21 1.6179557244351247e-20 2.915426584595951e-20 4.759941823688205e-20 4.252514938875499e-20 -3.738949038671909e-21 -8.918528799667603e-20 -1.7754423337041613e-19 -2.448362748387442e-19 -2.7712943253084217e-19 -2.6949245160003903e-19 -2.2591123066045007e-19 -1.5624100731504446e-19 -7.484455014002834e-20 1.0018226328329726e-20 8.919629905637795e-20 1.5180487857472414e-19 1.8399947304935548e-19 1.6128194864204008e-19 4.679301180717366e-20 -2.114143700804886e-19 -6.87182681291244e-19 -1.474362316264925e-18 -2.684942602025443e-18 -4.490204123172789e-18 -6.9447759848603e-18 -9.944198110964095e-18 -1.3173155884420362e-17 -1.6011767135888818e-17 -1.7765575014670217e-17 -1.7842597007055912e-17 -1.5612145655597297e-17 -1.2141406841469887e-17 -8.894637200834228e-18 -6.163082512425638e-18 -4.203426203893032e-18 -3.2815757532262287e-18 -3.81453026824364e-18 -7.191366235956083e-18 -1.4360585357579842e-17 -2.5869090845609845e-17 -4.159960149186269e-17 -6.215008814157922e-17 -8.829420790081117e-17 -1.207923246986606e-16 -1.6006888205515632e-16 -2.056011487986178e-16 -2.55886378153012e-16 -3.0830462709232295e-16 -3.5981438490773027e-16 -4.071335455890012e-16 -4.470008429635147e-16 -4.76111254049262e-16 -4.924112936186115e-16 -4.951875965507669e-16 -4.848946316219944e-16 -4.62433419801306e-16 -4.291263007486479e-16 -3.86699612913302e-16 -3.374344385795142e-16 -2.8421309759836886e-16 -2.303757709253905e-16 -1.7848663783098953e-16 -1.307781033541614e-16 -8.902966755260224e-17 -5.439598947591583e-17 -2.758823441149045e-17 -8.159789112059187e-18 5.666929808571802e-18 1.584556817398047e-17 2.3954066475915287e-17 3.097646272068885e-17 3.688981822967171e-17 4.1436153576218266e-17 4.42267521614101e-17 4.485536628131961e-17 4.387115413671523e-17 4.205885107405738e-17 4.0254541441264136e-17 3.914388884483551e-17 3.837886490240095e-17 3.741057924073858e-17 3.61107000035838e-17 3.4322192529329826e-17 3.197649222377523e-17 2.9085403306566466e-17 2.5942345495640378e-17 2.2728966571568107e-17 1.9563288222861095e-17 1.6507030012515445e-17 1.3614652504600025e-17 1.0909276338324522e-17 8.390638912000135e-18 6.100083369259475e-18 4.150612956456812e-18 2.6458604673296865e-18 1.512468892888167e-18 6.8954364975787e-19 1.0644591029312849e-19 -3.0670234641541803e-19 -5.702487944264161e-19 -7.059732163016329e-19 -7.365276838441432e-19 -6.818374342032994e-19 -5.640000538413991e-19 -4.0542747721411043e-19 -2.2764276758246506e-19 -6.401533730081797e-20 4.988857741644954e-20 8.61656766631636e-20 7.27837820769837e-20 3.779550468560134e-20 7.27972245249232e-21 7.803695750664817e-22 1.6482885293548011e-21 2.9799491493396083e-22 -1.083938345019453e-22 -1.1682149524005183e-22 6.709071843499189e-23 1.5243347224751832e-23 -1.265540428697222e-23 1.2233862884780977e-24 -1.461006500230787e-24 -6.463838304873099e-24 1.1132944936857512e-23 1.3087068085767563e-23 -2.3714114847818345e-23 -8.06003577940394e-23 1.0568447563107884e-22 6.978393798466757e-22 1.9242257497750242e-21 6.0570302664300414e-21 1.4063776007400918e-20 2.534177981347472e-20 4.1374777522129134e-20 3.6963968153208975e-20 -3.250236911236908e-21 -7.752274175704437e-20 -1.543268936881257e-19 -2.128189959293063e-19 -2.40888967521881e-19 -2.342504109252919e-19 -1.9636798285823977e-19 -1.3580817044514422e-19 -6.505558003706507e-20 8.710016408351822e-21 7.753425046828412e-20 1.3195569186025981e-19 1.599401993944152e-19 1.4019319344450337e-19 4.067537123371417e-20 -1.8376734568517587e-19 -5.9732127005862e-19 -1.2815641895144644e-18 -2.333840794973895e-18 -3.9030335841638825e-18 -6.036627993223678e-18 -8.643824239939955e-18 -1.1450541341696355e-17 -1.391795808680197e-17 -1.5442430427504658e-17 -1.5509388028211153e-17 -1.3570616992625021e-17 -1.0553747448159667e-17 -7.731556176166405e-18 -5.357203787263417e-18 -3.653808679874013e-18 -2.8525072353559274e-18 -3.3157692869766837e-18 -6.251024779581076e-18 -1.2482741554883905e-17 -2.2486304904468463e-17 -3.61597692590129e-17 -5.402291043080585e-17 -7.67482160618326e-17 -1.0499661803097671e-16 -1.3913705535128318e-16 -1.78715152873555e-16 -2.2242467509202296e-16 -2.679882848616494e-16 -3.12762204661293e-16 -3.538935235395364e-16 -3.885474441231773e-16 -4.1385113952493455e-16 -4.280196569154346e-16 -4.304329157953345e-16 -4.214859524727889e-16 -4.0196196083079983e-16 -3.730103596342278e-16 -3.3613173895933004e-16 -2.933088888628767e-16 -2.470472122524391e-16 -2.0025009756840534e-16 -1.5514641262111236e-16 -1.1367663569680325e-16 -7.738756531061279e-17 -4.72828680042701e-17 -2.398071049988093e-17 -7.092882066367373e-18 4.925748685861782e-18 1.3773352138620809e-17 2.08215237360021e-17 2.692562029940628e-17 3.206570330010277e-17 3.601752918569876e-17 3.8443213410410347e-17 3.8989632665031123e-17 3.8134132649676285e-17 3.655883002507214e-17 3.4990475509696494e-17 3.4025069326170375e-17 3.336009388350988e-17 3.2518436141507745e-17 3.1388546150896175e-17 2.983392443404592e-17 2.77949723730847e-17 2.5281950373138053e-17 2.254990836858019e-17 1.9756740389633696e-17 1.7005034589199345e-17 1.4348439502104442e-17 1.18342941578504e-17 9.482695899516602e-18 7.293416530278416e-18 5.30239288747946e-18 3.607851031974992e-18 2.2998719189253052e-18 1.314691315856365e-18 5.99377775948624e-19 9.252986551269852e-20 -2.6659252037546636e-19 -4.956761782336504e-19 -6.13652775681829e-19 -6.402122292525764e-19 -5.926742091428133e-19 -4.902466462114263e-19 -3.5241069679745284e-19 -1.9787486478236221e-19 -5.564484322342002e-20 4.3364132857604026e-20 7.48976611035791e-20 6.326591273101009e-20 3.2853061042048335e-20 6.327760487478144e-21 6.7831759912095e-22 1.43274488137695e-21 2.5902603421156944e-22 -9.421930711238283e-23 -1.015448446973606e-22 5.831732588612461e-23 1.3249996265510202e-23 -1.1000472324567941e-23 -5.069956830318763e-24 6.054701397682601e-24 2.6787442611257716e-23 -4.613716162699437e-23 -5.423541097406634e-23 9.827608380667293e-23 3.3402377163565994e-22 -4.37977492835559e-22 -2.8919826853468027e-21 -7.974362679079268e-21 -2.510149314721346e-20 -5.828298188434558e-20 -1.0502123399940105e-19 -1.714653055577668e-19 -1.5318630516915795e-19 1.3469046576006797e-20 3.2126882901981267e-19 6.395604428351748e-19 8.81963512329596e-19 9.982914663847762e-19 9.707806449571787e-19 8.137892757025823e-19 5.628185047807602e-19 2.6960683430167507e-19 -3.609137673094506e-20 -3.21311735565156e-19 -5.468443408210017e-19 -6.628175961202508e-19 -5.80982776339685e-19 -1.6856300838517486e-19 7.61568619550764e-19 2.4754121834939564e-18 5.311041424593887e-18 9.67187120819578e-18 1.6174898954557862e-17 2.5016913127441952e-17 3.5821621601939384e-17 4.7453179488176297e-17 5.767860917775616e-17 6.399629529643627e-17 6.427376143891618e-17 5.62391058787299e-17 4.3736608380908564e-17 3.2040901662759053e-17 2.2201130081121567e-17 1.5141936169334585e-17 1.1821190145932744e-17 1.3741033477907509e-17 2.590528389723538e-17 5.173069267724296e-17 9.318734764585195e-17 1.4985276951243594e-16 2.238810066014403e-16 3.1805897468461777e-16 4.3512570250841997e-16 5.766101453488271e-16 7.406292877795601e-16 9.217698423995676e-16 1.1105940900899144e-15 1.2961457140793391e-15 1.466601709802513e-15 1.6102141414487145e-15 1.7150774585935116e-15 1.773794473283829e-15 1.7837954563015025e-15 1.7467175190527707e-15 1.6658063711168703e-15 1.5458254243599206e-15 1.3929934045255214e-15 1.2155273681053893e-15 1.0238101833189703e-15 8.298740506907196e-16 6.429558175429499e-16 4.710971922603994e-16 3.2070840039675614e-16 1.9594882622470076e-16 9.938027188968018e-17 2.939391914096473e-17 -2.0413551392974392e-17 -5.707968191503784e-17 -8.628862587263862e-17 -1.1158514509371603e-16 -1.328866092935801e-16 -1.4926370970296215e-16 -1.5931618791139058e-16 -1.615806335981776e-16 -1.5803525815259804e-16 -1.5150688316292544e-16 -1.4500730254162097e-16 -1.410064553311389e-16 -1.3825065182341908e-16 -1.3476264517262063e-16 -1.3008015076174047e-16 -1.236374887302117e-16 -1.1518767131770808e-16 -1.0477322008035674e-16 -9.345110991502867e-17 -8.187568365447655e-17 -7.047208621049006e-17 -5.946264747539936e-17 -4.9043548942221885e-17 -3.9298077450182275e-17 -3.0225287147907815e-17 -2.1974106958891493e-17 -1.4951604216434298e-17 -9.531091414805873e-18 -5.448317437065902e-18 -2.483924165719267e-18 -3.834521998031534e-19 1.1048172177396823e-18 2.0541816504711763e-18 2.543097553102181e-18 2.6531636401831204e-18 2.4561558629186667e-18 2.031675518899807e-18 1.4604562430060611e-18 8.2002969450200385e-19 2.3060112412408473e-19 -1.7971069515644354e-19 -3.103908327184053e-19 -2.62186115488923e-19 -1.3614930666382697e-19 -2.62234551319728e-20 -2.8110879198532653e-21 -5.9375666308030585e-21 -1.0734546033597539e-21 3.904628479139154e-22 4.2082139782228954e-22 -2.4167821940010383e-22 -5.491051478727179e-23 4.558806452606471e-23 -7.172516369920799e-24 8.565644653050036e-24 3.7896445665958234e-23 -6.527067085686121e-23 -7.672736142798595e-23 1.3903206946212115e-22 4.725467617882465e-22 -6.196109860378944e-22 -4.091317695133912e-21 -1.1281416467207132e-20 -3.5511358155943915e-20 -8.245357384693352e-20 -1.4857465935473087e-19 -2.425736255199148e-19 -2.1671394653129924e-19 1.9055220870333366e-20 4.545027317521939e-19 9.047930028720936e-19 1.2477228456411333e-18 1.4122928234332966e-18 1.3733724970788745e-18 1.1512745891302025e-18 7.962229734771417e-19 3.814127493334758e-19 -5.1062271593686436e-20 -4.545669762610936e-19 -7.736306291754253e-19 -9.376991951786547e-19 -8.219261665438796e-19 -2.384705442491334e-19 1.077398343697122e-18 3.501993944821503e-18 7.513593065734159e-18 1.3682911276364979e-17 2.2882821722173612e-17 3.539172340898513e-17 5.0677272060573756e-17 6.713257603851444e-17 8.159861689736745e-17 9.05363310386942e-17 9.092887948540896e-17 7.956217669997747e-17 6.187476535336783e-17 4.5328724795025726e-17 3.140829232168192e-17 2.142157197930134e-17 1.672367566001341e-17 1.943970156571833e-17 3.6648607947334614e-17 7.318411135064667e-17 1.3183331655438828e-16 2.1199853548924607e-16 3.167271255874748e-16 4.499617685270792e-16 6.155773980051821e-16 8.157370428386674e-16 1.047776778793378e-15 1.3040383667535286e-15 1.5711701602711047e-15 1.8336721350571e-15 2.074818153201709e-15 2.2779882754488643e-15 2.4263395930591852e-15 2.5094072241942918e-15 2.523555742402526e-15 2.471101183248162e-15 2.3566352846465103e-15 2.1868968973850045e-15 1.9706837261688552e-15 1.719620534908204e-15 1.4483960821921367e-15 1.1740324521412097e-15 9.095971198061745e-16 6.6646678222478e-16 4.537100586247835e-16 2.7721127715186187e-16 1.4059464678969264e-16 4.158415368397229e-17 -2.887904913867521e-17 -8.075105069988012e-17 -1.2207328584557005e-16 -1.578605685351278e-16 -1.8799600168821357e-16 -2.1116488238748689e-16 -2.2538624979206158e-16 -2.28589801031765e-16 -2.235741339297675e-16 -2.1433838438461808e-16 -2.0514337049444774e-16 -1.994833421568926e-16 -1.9558468994458177e-16 -1.9065018032083532e-16 -1.84025814357848e-16 -1.7491131846014955e-16 -1.6295727609011075e-16 -1.4822384261042842e-16 -1.3220633266136956e-16 -1.1583045243045488e-16 -9.969765912236561e-17 -8.412248521046025e-17 -6.938247118530926e-17 -5.559544414844682e-17 -4.2760066112012793e-17 -3.1087028616748946e-17 -2.1152214491533468e-17 -1.3483753195096192e-17 -7.707805716161005e-18 -3.514043765499e-18 -5.424809092498839e-19 1.5629920458440615e-18 2.9060698999430024e-18 3.597745862079291e-18 3.753458581760271e-18 3.474750343705981e-18 2.8742340119707093e-18 2.0661243520496115e-18 1.1601062267037268e-18 3.2623524711988306e-19 -2.542376395561709e-19 -4.391128886493459e-19 -3.709175340787806e-19 -1.9261197083362812e-19 -3.709860705877248e-20 -3.976869628345939e-21 -8.399942587975732e-21 -1.5186271908773155e-21 5.523920816213693e-22 5.953405672376271e-22 -3.419047916405096e-22 -7.76825135375377e-23 6.449393505280722e-23 2.6324651324213712e-23 -3.143772777075951e-23 -1.3908795845493503e-22 2.395571405380657e-22 2.8160564775690857e-22 -5.102770152744141e-22 -1.7343467295836014e-21 2.27410336819951e-21 1.5016004194634146e-20 4.140519792243958e-20 1.3033424744746114e-19 3.0262217496546483e-19 5.45300589017883e-19 8.902965152242185e-19 7.953857112081236e-19 -6.993736183965771e-20 -1.6681221181613045e-18 -3.3207827337297323e-18 -4.579407601780453e-18 -5.1834137575606974e-18 -5.0405671463203496e-18 -4.22541975495849e-18 -2.922303916301278e-18 -1.3998613450298403e-18 1.8741471572920929e-19 1.668363430963622e-18 2.839395298448068e-18 3.4415617651287652e-18 3.016649454649612e-18 8.752417429075109e-19 -3.9542795880042886e-18 -1.285306537427411e-17 -2.7576493622502414e-17 -5.021921222076647e-17 -8.398485169309437e-17 -1.298951960005089e-16 -1.859964287835121e-16 -2.463909164482195e-16 -2.994843877487792e-16 -3.322877242363278e-16 -3.3372848252271104e-16 -2.920102822928766e-16 -2.2709373006863526e-16 -1.6636624394229467e-16 -1.1527529284155748e-16 -7.862190047138113e-17 -6.137961977180537e-17 -7.134801710695358e-17 -1.3450838052018424e-16 -2.6860148071701613e-16 -4.838565856345322e-16 -7.780800496891103e-16 -1.1624563261598317e-15 -1.6514558985440848e-15 -2.25930059820334e-15 -2.99392919999001e-15 -3.84556453209098e-15 -4.786099222900993e-15 -5.766529884035819e-15 -6.729968121238512e-15 -7.61502544076825e-15 -8.360703117541277e-15 -8.905184096006236e-15 -9.210060032986684e-15 -9.26198813558085e-15 -9.069468741443625e-15 -8.649354501835756e-15 -8.026378433856648e-15 -7.232829995357459e-15 -6.3113745515985704e-15 -5.315922976239327e-15 -4.3089499399008985e-15 -3.3384158678691383e-15 -2.446075667183799e-15 -1.6652131060103606e-15 -1.0174249242146755e-15 -5.160127396042515e-16 -1.5262309504553484e-16 1.0599190825206865e-16 2.9637323854865625e-16 4.480346751437864e-16 5.793816540028254e-16 6.899851393334745e-16 7.750198920684527e-16 8.272153642107539e-16 8.389731029772445e-16 8.205645590872919e-16 7.866674135295269e-16 7.529197764165508e-16 7.3214628905275905e-16 7.178374258244919e-16 6.997267428235209e-16 6.754139250100042e-16 6.419617977239013e-16 5.980879274823971e-16 5.440130967329138e-16 4.85225429666672e-16 4.2512246544361647e-16 3.659116801416399e-16 3.087474748191956e-16 2.5464848277289917e-16 2.0404715501912455e-16 1.5693858104204342e-16 1.140960439116764e-16 7.76331565697345e-17 4.948826687484171e-17 2.828930595531208e-17 1.289730297519335e-17 1.9910311735121628e-18 -5.736505878354552e-18 -1.0665890074839342e-17 -1.3204490132627335e-17 -1.3775990561099541e-17 -1.2753073261336725e-17 -1.0549051480657155e-17 -7.583117741330882e-18 -4.257838806970788e-18 -1.1973548669743585e-18 9.331046389458258e-19 1.6116371469211372e-18 1.3613462771160996e-18 7.069270335001066e-19 1.3615978422115984e-19 1.4595947074697305e-20 3.0829581133591286e-20 5.573683924767218e-21 -2.0273965857775184e-21 -2.185026537038536e-21 1.2548633388255873e-21 2.851113767818651e-22 -2.36706476076776e-22 5.264640819569324e-24 -6.287189436073595e-24 -2.781613840799518e-23 4.7908972329076596e-23 5.631792911224621e-23 -1.0205043698202355e-22 -3.4684827668571314e-22 4.547950694332765e-22 3.003005029971791e-21 8.280450693343631e-21 2.6064904762954917e-20 6.051993383522328e-20 1.0905246930013347e-19 1.7804923741240362e-19 1.5907100115769518e-19 -1.3980557123968815e-20 -3.335968383688474e-19 -6.641095968960058e-19 -9.158220938419714e-19 -1.036620814070698e-18 -1.0080602393362985e-18 -8.450499373619045e-19 -5.84453448537821e-19 -2.799940857248989e-19 3.743170949756043e-20 3.3359467152580996e-19 5.677807514610213e-19 6.882060915677853e-19 6.032358021765887e-19 1.7499823651708836e-19 -7.90813278369821e-19 -2.570405209477348e-18 -5.5148245408780115e-18 -1.0042967782614158e-17 -1.6795511590128806e-17 -2.59767946078146e-17 -3.7196078059142455e-17 -4.9273914584002036e-17 -5.989162987800641e-17 -6.645160604575746e-17 -6.673953635576172e-17 -5.83963378725407e-17 -4.5413864675727e-17 -3.3269213222845336e-17 -2.3051778264902895e-17 -1.572166310444719e-17 -1.2273470406461488e-17 -1.4266966278228318e-17 -2.6897987559159304e-17 -5.3714409762218e-17 -9.676193551645097e-17 -1.5560189653547795e-16 -2.324709938231159e-16 -3.302630894583173e-16 -4.518223427063602e-16 -5.987364044715808e-16 -7.690500093424802e-16 -9.571421301553612e-16 -1.153212841961727e-15 -1.3458853513270444e-15 -1.5228829245280295e-15 -1.6720068033339377e-15 -1.7808944384383386e-15 -1.8418647167308818e-15 -1.8522493113303668e-15 -1.8137482188462486e-15 -1.7297317620123559e-15 -1.605146179718038e-15 -1.446448809633162e-15 -1.2621720340300164e-15 -1.0630972113077438e-15 -8.617183741934955e-16 -6.676268116679695e-16 -4.89172827643143e-16 -3.330126406342412e-16 -2.034652548237467e-16 -1.0319080467602489e-16 -3.051873760974083e-17 2.1200020043409214e-17 5.92731061369569e-17 8.96028289015677e-17 1.1586999444744087e-16 1.3798878933639763e-16 1.549942319299768e-16 1.654323194394909e-16 1.6778347767887843e-16 1.641018373371035e-16 1.5732271079404448e-16 1.5057348448207592e-16 1.4641889536124975e-16 1.4355714714132958e-16 1.399351141727629e-16 1.3507276642891571e-16 1.2838271396120871e-16 1.196084926136564e-16 1.08794260560605e-16 9.703755164233909e-17 8.501782025722767e-17 7.317652830266263e-17 6.174453973510049e-17 5.0925560652680686e-17 4.080607060916051e-17 3.1385085889071756e-17 2.2817249343929942e-17 1.5525249181425097e-17 9.896723613155298e-18 5.657280087377941e-18 2.5791407234355232e-18 3.9807879434105127e-19 -1.1472868794616772e-18 -2.133067970815641e-18 -2.6407321372944577e-18 -2.7550092265845858e-18 -2.5504292340304303e-18 -2.1096481619751846e-18 -1.5164981864141403e-18 -8.514870442295161e-19 -2.3943456704019773e-19 1.8662202154267537e-19 3.223095397420935e-19 2.722495722876869e-19 1.4137413628275327e-19 2.722996851095981e-20 2.919076038794601e-21 6.16543008173801e-21 1.1146654428605169e-21 -4.0544905912351555e-22 -4.369739565545386e-22 2.5095452385060524e-22 5.701795085733189e-23 -4.733777364931029e-23 -5.702513297255216e-23 6.81012038193382e-23 3.012959374168847e-22 -5.189349090766705e-22 -6.100212954739366e-22 1.1053754987455713e-21 3.7569850716649575e-21 -4.926220526809739e-21 -3.252803434846937e-20 -8.969292044015622e-20 -2.8233308052772437e-19 -6.555472077225347e-19 -1.1812431143535285e-18 -1.928582919299075e-18 -1.722986395661143e-18 1.514965019471453e-19 3.6135233816119825e-18 7.193558376284783e-18 9.920024553654183e-18 1.1228440555406079e-17 1.0919006776344521e-17 9.153219631394431e-18 6.330384007576506e-18 3.032437241834757e-18 -4.0595374903601495e-19 -3.6140165837648515e-18 -6.1507314204489675e-18 -7.45515904112467e-18 -6.534707519981097e-18 -1.895947333634169e-18 8.565862068782363e-18 2.784259996575187e-17 5.973680563354746e-17 1.0878595302109196e-16 1.8192982017327536e-16 2.813818175903023e-16 4.0290954006841895e-16 5.337373913803018e-16 6.487495953490288e-16 7.198088282697933e-16 7.229297153500262e-16 6.325586729977706e-16 4.919348495990182e-16 3.6038552029106615e-16 2.497111086644416e-16 1.703116865636366e-16 1.3296106038772316e-16 1.5455481430733897e-16 2.9137419984426394e-16 5.818496792900559e-16 1.0481401319302228e-15 1.6854936480993975e-15 2.518138237488502e-15 3.577420187313714e-15 4.8941471627472726e-15 6.4855163310880676e-15 8.330348168687277e-15 1.0367755849198817e-14 1.2491587104703631e-14 1.4578608992833587e-14 1.64958403582718e-14 1.8111144387790895e-14 1.9290611501300793e-14 1.9951040641515918e-14 2.0063528358981212e-14 1.9646488315730683e-14 1.8736427142930855e-14 1.7386922080560266e-14 1.5667919261562822e-14 1.3671841361533586e-14 1.1515471362857987e-14 9.334143369253936e-15 7.23175032319567e-15 5.29874264431219e-15 3.607220383385239e-15 2.2039668883869786e-15 1.1177964389177047e-15 3.3061359001548096e-16 -2.2960402471544233e-16 -6.420122950709684e-16 -9.705446524955648e-16 -1.2550713770087413e-15 -1.4946630738631258e-15 -1.6788671944666769e-15 -1.791934107536097e-15 -1.817403869541569e-15 -1.7775267324855498e-15 -1.7040978277506485e-15 -1.6309927921415994e-15 -1.5859926621960961e-15 -1.5549963588666385e-15 -1.51576447821916e-15 -1.4630974002838615e-15 -1.3906325496234773e-15 -1.2955918909716824e-15 -1.1784536913214913e-15 -1.0511064477040242e-15 -9.20909986925812e-16 -7.926461948260587e-16 -6.688157624157955e-16 -5.516252737115613e-16 -4.420115117127252e-16 -3.3996383815833347e-16 -2.4715735553108255e-16 -1.6817061971716829e-16 -1.0720252353770614e-16 -6.128085990528442e-17 -2.793836326920066e-17 -4.312960828688973e-18 1.2426594319493555e-17 2.3104728103324143e-17 2.860389211462193e-17 2.9841881170484394e-17 2.762600699704602e-17 2.2851598089906435e-17 1.6426719004941237e-17 9.223419464727754e-18 2.593727123394502e-18 -2.0213217836884836e-18 -3.491169507384913e-18 -2.9489803614487055e-18 -1.5313613715878813e-18 -2.949525192553766e-19 -3.161814144908377e-20 -6.678374094456306e-20 -1.2073850777990353e-20 4.391793670366925e-21 4.73325607736742e-21 -2.7183145129273423e-21 -6.176148595457485e-22 5.127590842041081e-22 -1.1342077472636822e-22 1.3545056027664726e-22 5.992665663166111e-22 -1.0321429000775786e-21 -1.2133077761550732e-21 2.1985544353430995e-21 7.472480331250136e-21 -9.798056183329231e-21 -6.469673501381122e-20 -1.7839459508794632e-19 -5.615451662389001e-19 -1.303847921294309e-18 -2.3494325752647644e-18 -3.835874163510283e-18 -3.4269752436366366e-18 3.012682183811073e-19 7.187078793913166e-18 1.430761917542159e-17 1.9730466133291522e-17 2.233288998362259e-17 2.1717499448318488e-17 1.820550453960653e-17 1.2591099495755664e-17 6.031717363461403e-18 -8.070066949837239e-19 -7.187629511341827e-18 -1.2232993510970016e-17 -1.4827438019778396e-17 -1.2996759689147388e-17 -3.770620161494698e-18 1.703717412955846e-17 5.5377282226253946e-17 1.1881272757662744e-16 2.1636828400615854e-16 3.618467791513612e-16 5.596505415496098e-16 8.0136150733457e-16 1.0615696356163442e-15 1.2903210706496735e-15 1.4316523057046639e-15 1.4378578755158106e-15 1.258113235908433e-15 9.78418966255278e-16 7.167739786240049e-16 4.966485232982097e-16 3.387275241715543e-16 2.644392095101724e-16 3.0738771610305727e-16 5.795131146904964e-16 1.1572513892239137e-15 2.084675361632139e-15 3.3523339813635203e-15 5.008415249834153e-15 7.11526507059104e-15 9.734158261127793e-15 1.2899299176147182e-14 1.656856308997174e-14 2.0620849648101182e-14 2.4845027937630213e-14 2.8995994639956005e-14 3.280925787658036e-14 3.602200535486023e-14 3.836789767459324e-14 3.968145230083146e-14 3.990518212032473e-14 3.907571138402896e-14 3.7265650173901555e-14 3.4581560749470606e-14 3.116256155580518e-14 2.7192475813878867e-14 2.2903578432496057e-14 1.8565041857910282e-14 1.4383502824775592e-14 1.0538861841474206e-14 7.174521665531312e-15 4.383531651870999e-15 2.223201917984915e-15 6.575417276213652e-16 -4.566974098211775e-16 -1.276952170745652e-15 -1.9303826167793944e-15 -2.496288514824105e-15 -2.9728212409960507e-15 -3.3391911940483268e-15 -3.5640731982974526e-15 -3.6147293453926346e-15 -3.5354141255124378e-15 -3.3893662874249367e-15 -3.2439626140372843e-15 -3.1544580789710977e-15 -3.092806501555612e-15 -3.0147749998424824e-15 -2.9100217878764377e-15 -2.7658920584831006e-15 -2.576860479421633e-15 -2.3438783402532666e-15 -2.0905911382965926e-15 -1.8316371460581027e-15 -1.57652727156688e-15 -1.3302352617273766e-15 -1.0971498465795665e-15 -8.791342008330703e-16 -6.761671511831453e-16 -4.915803665307422e-16 -3.3448032165493256e-16 -2.132183655731345e-16 -1.218829461797162e-16 -5.556680022719026e-17 -8.577411037243285e-18 2.471642964897127e-17 4.5954468533806533e-17 5.68918538524845e-17 5.935402341060609e-17 5.4946669362826237e-17 4.5450547374021413e-17 3.267174790868753e-17 1.8344733847033667e-17 5.1586242182207474e-18 -4.020427391065815e-18 -6.943799114479466e-18 -5.865367178584519e-18 -3.0457884510756535e-18 -5.866449142003433e-19 -6.288765728839249e-20 -1.3282901134222298e-19 -2.401433445316351e-20 8.73503907154043e-21 9.41420000078647e-21 -5.406584907874041e-21 -1.228401818538693e-21 1.0198500635087963e-21 3.918957135211924e-22 -4.680139202654888e-22 -2.0706078314533968e-21 3.566297728141717e-21 4.192267175386204e-21 -7.59652366783218e-21 -2.58192067894925e-20 3.3854614871760085e-20 2.2354277761601875e-19 6.163965338100505e-19 1.9402751297229757e-18 4.5051116032827825e-18 8.117857914862484e-18 1.3253857973863874e-17 1.184099698478158e-17 -1.0409918789292153e-18 -2.4833122232817954e-17 -4.9436287842555747e-17 -6.817350341723969e-17 -7.716546991987426e-17 -7.50391043552182e-17 -6.290426366370741e-17 -4.350508320908395e-17 -2.0840782103396203e-17 2.7887088872680972e-18 2.4835342069602338e-17 4.22683195635014e-17 5.123274988301428e-17 4.4907274325518955e-17 1.3028642667604624e-17 -5.886747758404331e-17 -1.9134208019012166e-16 -4.10527265904606e-16 -7.476058347193344e-16 -1.2502699236332093e-15 -1.9337306667277567e-15 -2.768901635160859e-15 -3.6679850116793476e-15 -4.458378031125045e-15 -4.946713090843884e-15 -4.9681561001199074e-15 -4.347095789590684e-15 -3.3806848858510506e-15 -2.4766381949976325e-15 -1.7160512518421493e-15 -1.17039568680831e-15 -9.137114522946877e-16 -1.0621092077160477e-15 -2.002369331882534e-15 -3.9985968277710046e-15 -7.203074004125402e-15 -1.1583145005954835e-14 -1.730531124167202e-14 -2.458499308953401e-14 -3.3633909914715914e-14 -4.4570245991533547e-14 -5.724845000210708e-14 -7.125009059278697e-14 -8.58456589722835e-14 -1.001882633302576e-13 -1.133640195878654e-13 -1.2446484687055903e-13 -1.3257047815168653e-13 -1.3710913113437815e-13 -1.3788217365521274e-13 -1.3501615105761788e-13 -1.2876194855894246e-13 -1.1948776465581978e-13 -1.0767428786594815e-13 -9.3956672468208e-14 -7.913748484193974e-14 -6.414678106416326e-14 -4.9698541817532607e-14 -3.641436745672661e-14 -2.4789749629694998e-14 -1.514619662481454e-14 -7.681728778178736e-15 -2.271989253006049e-15 1.5779803898062871e-15 4.4121622257886265e-15 6.669925241625905e-15 8.625269460013666e-15 1.0271807515521483e-14 1.1537706315945853e-14 1.2314729770836177e-14 1.248976042543046e-14 1.2215708345913675e-14 1.1711078820602768e-14 1.120867503614637e-14 1.0899416365299387e-14 1.068639635881772e-14 1.041677958862323e-14 1.0054832686700336e-14 9.556830209052073e-15 8.903680767496167e-15 8.098671267542811e-15 7.223502710802922e-15 6.328753906357679e-15 5.4472873571039046e-15 4.596288562227939e-15 3.790921685161162e-15 3.0376244740725656e-15 2.336323780639882e-15 1.6985313452341134e-15 1.1557122709884281e-15 7.367225153177474e-16 4.211362231616072e-16 1.9199761089483217e-16 2.9637655691074486e-17 -8.54008278472311e-17 -1.5878355728585152e-16 -1.9657499671528727e-16 -2.050824823448677e-16 -1.8985407628923027e-16 -1.5704272550773946e-16 -1.1288891229990708e-16 -6.338562531999905e-17 -1.7824417911869122e-17 1.3891460100088975e-17 2.399247612100607e-17 2.0266266233049177e-17 1.0523944442866138e-17 2.0270005914653946e-18 2.172914952963363e-19 4.589567054602987e-19 8.297529203963332e-20 -3.0181684594065617e-20 -3.2528342876583056e-20 1.868106221351591e-20 4.244427500003102e-21 -3.523829954763956e-21 7.840248336190438e-23 -9.363083813196674e-23 -4.142435796396943e-22 7.134688807492698e-22 8.387049119538477e-22 -1.5197460747586088e-21 -5.165413530385618e-21 6.772949626497947e-21 4.472239791734894e-20 1.2331831868586648e-19 3.8817939355833783e-19 9.013108429907773e-19 1.624083520827634e-18 2.651565734475126e-18 2.368859795139275e-18 -2.0836617872046666e-19 -4.968262592579156e-18 -9.890381578656811e-18 -1.3638917202031073e-17 -1.5437774950112305e-17 -1.5012251649935193e-17 -1.2584384961964352e-17 -8.70318087757739e-18 -4.168757147925369e-18 5.587543427014189e-19 4.969574749144477e-18 8.457336218948213e-18 1.0250779123571185e-17 8.985178158549015e-18 2.607201477237036e-18 -1.177698712451199e-17 -3.828095754262278e-17 -8.213284668843556e-17 -1.4957124452601535e-16 -2.501376637875989e-16 -3.86875356242566e-16 -5.539652519211737e-16 -7.338423084521847e-16 -8.919747897559926e-16 -9.896765745624835e-16 -9.939699911496108e-16 -8.69721234738729e-16 -6.763793706111931e-16 -4.955131237479398e-16 -3.4334710476436565e-16 -2.3418073395136366e-16 -1.8282732793143157e-16 -2.1251699102985552e-16 -4.006311606351038e-16 -8.000080054954992e-16 -1.4411137195364533e-15 -2.3174145548853472e-15 -3.4622218575557517e-15 -4.918633833200747e-15 -6.72900783614937e-15 -8.916988048937487e-15 -1.145345448139792e-14 -1.4254693564256217e-14 -1.717475640836225e-14 -2.0044209737916664e-14 -2.2680217314833838e-14 -2.4901103439141953e-14 -2.6522756761020807e-14 -2.7430784473467355e-14 -2.7585446850520128e-14 -2.7012060109660124e-14 -2.5760816619160286e-14 -2.3905379601427483e-14 -2.154191881241694e-14 -1.8797506752425295e-14 -1.5832708345441987e-14 -1.2833593891478127e-14 -9.943006676737724e-15 -7.28530755308387e-15 -4.959627272647641e-15 -3.0302884719894994e-15 -1.536907749598682e-15 -4.546055226104021e-16 3.156417946743653e-16 8.826656674099119e-16 1.3343681804152735e-15 1.7255670121662313e-15 2.0549844984615955e-15 2.3082495167427567e-15 2.463707940021081e-15 2.498728975218157e-15 2.4439045434129043e-15 2.34294979082561e-15 2.2424403157686153e-15 2.180572229355781e-15 2.1379578287691267e-15 2.0840200607489346e-15 2.0116100100413315e-15 1.911979765208621e-15 1.781309766275905e-15 1.6202575193160772e-15 1.4451686183263517e-15 1.2661621142648497e-15 1.0898126206756027e-15 9.195583222586859e-16 7.584331159965938e-16 6.077250364160931e-16 4.674194781800948e-16 3.3981956553100347e-16 2.312203848886633e-16 1.473950193100234e-16 8.425697561969912e-17 3.841402245205093e-17 5.9311132430464146e-18 -1.7084412227500134e-17 -3.176604389006708e-17 -3.932706340949958e-17 -4.1029354922003865e-17 -3.7982900655423886e-17 -3.1418692656436654e-17 -2.2585228654903046e-17 -1.2681483790988886e-17 -3.566345253783489e-18 2.778923931694368e-18 4.7999270912535576e-18 4.054541433930943e-18 2.1054758856448456e-18 4.0552929916058764e-19 4.347042962797275e-20 9.182120915571801e-20 1.6600173423161137e-20 -6.038271624587926e-21 -6.507732020963116e-21 3.737399875957212e-21 8.491587697303005e-22 -7.049916830196922e-22 -9.527184745793226e-22 1.137765291052434e-21 5.033756394083176e-21 -8.66985902645276e-21 -1.0191611137192037e-20 1.8467562995881474e-20 6.27677272024457e-20 -8.230227150726194e-20 -5.434426413377344e-19 -1.498485954614097e-18 -4.716886897257064e-18 -1.0952108132080922e-17 -1.9734859139225458e-17 -3.222079364285251e-17 -2.878617438624606e-17 2.5304528568162514e-18 6.037020889230521e-17 1.201817109457393e-16 1.657328937467963e-16 1.875929921116473e-16 1.8242398262193801e-16 1.52923983719377e-16 1.057640916777577e-16 5.066652723855209e-17 -6.777481363239876e-18 -6.037354189777181e-17 -1.0275369609097501e-16 -1.2454662905561022e-16 -1.0916938218049561e-16 -3.167163821464382e-17 1.4310987582988956e-16 4.65159636420891e-16 9.980057325407784e-16 1.8174547312497544e-15 3.0394480688090386e-15 4.700964505369673e-15 6.731293571675396e-15 8.916994888316056e-15 1.0838464473649196e-14 1.2025618396835713e-14 1.2077739036858671e-14 1.0567909033376532e-14 8.218519871707704e-15 6.020743527117431e-15 4.1717257807325595e-15 2.845215821856916e-15 2.2212063738240256e-15 2.5819658609010014e-15 4.8677715895466246e-15 9.720672877393282e-15 1.7510874211760007e-14 2.8158989045276008e-14 4.2069788068410546e-14 5.976696612157245e-14 8.176522171164339e-14 1.0835186615283486e-13 1.391730592797456e-13 1.7321157877443617e-13 2.0869396029894114e-13 2.435613772889801e-13 2.755921427904039e-13 3.0257867880066257e-13 3.2228377667704616e-13 3.3331740993422605e-13 3.351966971264602e-13 3.2822927736254904e-13 3.1302506449708906e-13 2.904791640726163e-13 2.6176014626292807e-13 2.2841209445552946e-13 1.9238607931771897e-13 1.5594310584877882e-13 1.2081888651918003e-13 8.85245545690942e-14 6.026466855321809e-14 3.682082717319159e-14 1.867442621611351e-14 5.5231497901184576e-15 -3.836265573306932e-15 -1.0726261751614553e-14 -1.6214962130405502e-14 -2.0968471523714044e-14 -2.4971261470272446e-14 -2.804870259482552e-14 -2.993766853868124e-14 -3.0363166341118034e-14 -2.969692627111225e-14 -2.847014327811128e-14 -2.7248771182299272e-14 -2.649694266180963e-14 -2.597907471892324e-14 -2.5323618686437302e-14 -2.444370519318924e-14 -2.323303597312809e-14 -2.164519923289021e-14 -1.9688185775758832e-14 -1.7560613650700197e-14 -1.538544186529496e-14 -1.324256047057649e-14 -1.117374814611672e-14 -9.215869363843535e-15 -7.384574376801774e-15 -5.6796852895009586e-15 -4.129187514877154e-15 -2.809573868130581e-15 -1.790994242843936e-15 -1.023792594322264e-15 -4.667487014667702e-16 -7.204633394534825e-17 2.0761576581356444e-16 3.860112249454808e-16 4.778829993244881e-16 4.985644470489509e-16 4.615430965952353e-16 3.8177698990928757e-16 2.7443698750052087e-16 1.5409230188006321e-16 4.3331118307464694e-17 -3.377131286124335e-17 -5.832692664650754e-17 -4.9268134285087095e-17 -2.558410275873883e-17 -4.927721756272639e-18 -5.282486393357754e-19 -1.1157411452437473e-18 -2.0171675685613059e-19 7.33728891611619e-20 7.907776137958494e-20 -4.5414437510951014e-20 -1.0318371126943247e-20 8.566572806524274e-21 -1.0428392336125035e-21 1.2453949513344263e-21 5.5098815841278595e-21 -9.489888954917456e-21 -1.1155715981190719e-20 2.021417937940789e-20 6.870603435731353e-20 -9.00877834976899e-20 -5.948625153120365e-19 -1.6402929482476901e-18 -5.163303564120451e-18 -1.198863355644062e-17 -2.1602389901161128e-17 -3.526878881171076e-17 -3.1507977616221663e-17 2.772590214668438e-18 6.608499592293157e-17 1.3155480218415361e-16 1.8141420577155444e-16 2.0534025859445423e-16 1.9967905696640634e-16 1.6738394767021e-16 1.1575747367244829e-16 5.544244934136236e-17 -7.440775107690352e-18 -6.611139957601085e-17 -1.1250377860735653e-16 -1.3635877763365992e-16 -1.195235619070375e-16 -3.46858328582039e-17 1.566467288489782e-16 5.091906370029499e-16 1.0924875145862507e-15 1.9895192489861033e-15 3.3272009754291616e-15 5.1460125155961995e-15 7.368553305975197e-15 9.761186393986977e-15 1.1864592409536544e-14 1.3164192225675395e-14 1.3221335863352063e-14 1.1568693831346259e-14 8.997012539217333e-15 6.59126098543972e-15 4.5672512773313656e-15 3.115190062400751e-15 2.4321201886810992e-15 2.827038485177149e-15 5.3292271309332956e-15 1.0641506699119577e-14 1.916911789802931e-14 3.0825148180981386e-14 4.605268691114646e-14 6.542500101441137e-14 8.950549886345931e-14 1.1860867706114537e-13 1.5234719681338734e-13 1.8960755109028154e-13 2.28448421221999e-13 2.6661611221154525e-13 3.016786495790659e-13 3.312194906544593e-13 3.5278971972746883e-13 3.6486776304268916e-13 3.669250234645675e-13 3.592982305202205e-13 3.4265500183894157e-13 3.179751557062653e-13 2.8653789091538634e-13 2.50033450783182e-13 2.105975650254653e-13 1.707052112881486e-13 1.3225641003678865e-13 9.690533610163778e-14 6.597056750638651e-14 4.0307684914218174e-14 2.0443640248605977e-14 6.04749936010538e-15 -4.197885261245265e-15 -1.1740119102398582e-14 -1.7748418394352126e-14 -2.2951932504688814e-14 -2.7333669046650944e-14 -3.0702473960091174e-14 -3.2770318777762435e-14 -3.323618324267076e-14 -3.250698179826804e-14 -3.11641850365251e-14 -2.982731092251022e-14 -2.900441865777333e-14 -2.843762386444053e-14 -2.7720209194949373e-14 -2.675708504649028e-14 -2.5431892326299448e-14 -2.3693825188984697e-14 -2.1551628458316754e-14 -1.9222721947822173e-14 -1.684170301490094e-14 -1.449602285430353e-14 -1.2231413735184215e-14 -1.008823148478454e-14 -8.083609424796565e-15 -6.2173535839376e-15 -4.520098980596348e-15 -3.0755791631951804e-15 -1.9605842673958404e-15 -1.120758351611501e-15 -5.109803408925956e-16 -7.890906190320615e-17 2.2723280935945543e-16 4.2252202781943886e-16 5.230968588174868e-16 5.457421740523966e-16 5.052223635588731e-16 4.1791134826622033e-16 3.004158259026898e-16 1.6868369526279002e-16 4.7440438340942576e-17 -3.696072858042376e-17 -6.384433797540075e-17 -5.3930695974466256e-17 -2.800576509611439e-17 -5.394072756102528e-18 -5.781961488029801e-19 -1.2213491623040234e-18 -2.2080234399425354e-19 8.031706578605357e-20 8.656129157755658e-20 -4.9712299156400475e-20 -1.1294956457665705e-20 9.377327640232746e-21 4.601787033350124e-21 -5.495603775628572e-21 -2.4313797944719684e-20 4.1876672751404083e-20 4.9227260389853067e-20 -8.920074207555749e-20 -3.031803970703113e-19 3.9753410021380417e-19 2.6249472511974233e-18 7.23806370749644e-18 2.2783837498870727e-17 5.290162597888817e-17 9.532422457683754e-17 1.5563200523317778e-16 1.3903942795189504e-16 -1.222847938099281e-17 -2.9160703208540583e-16 -5.80507591041351e-16 -8.005259765434022e-16 -9.061098338683608e-16 -8.811356896881243e-16 -7.386359098050004e-16 -5.108338615977914e-16 -2.446914900108382e-16 3.2784158116773946e-17 2.916721576819787e-16 4.9638248933306e-16 6.01647237581037e-16 5.273653119022543e-16 1.5301858959297403e-16 -6.912434380433969e-16 -2.246862296722675e-15 -4.820698169669513e-15 -8.77891901003875e-15 -1.4681554866731216e-14 -2.2707225958474292e-14 -3.2514386151948707e-14 -4.3072069176044515e-14 -5.23534677332403e-14 -5.808793784221524e-14 -5.833988891154954e-14 -5.104717816475816e-14 -3.969912179678394e-14 -2.908332721969031e-14 -2.015207905484563e-14 -1.3744661782052566e-14 -1.0730521638264398e-14 -1.24731212718168e-14 -2.3514286174672577e-14 -4.695530146559594e-14 -8.458435316441516e-14 -1.3601795549019514e-13 -2.032112823214078e-13 -2.886939393461315e-13 -3.949520542921048e-13 -5.233734044052115e-13 -6.722488237077172e-13 -8.366648267106794e-13 -1.0080550807943124e-12 -1.1764748621057777e-12 -1.3311927750132554e-12 -1.4615455471196564e-12 -1.5567269154191971e-12 -1.6100226936952457e-12 -1.6191004024584869e-12 -1.5854459673209437e-12 -1.51200539418442e-12 -1.4031022801532747e-12 -1.2643812048425593e-12 -1.1033005606536683e-12 -9.29284557385739e-13 -7.53254429827321e-13 -5.835942161587037e-13 -4.276031509644392e-13 -2.9109961477226027e-13 -1.7785896132634922e-13 -9.020645316125798e-14 -2.668180907088528e-14 1.8527068154452205e-14 5.180794018012274e-14 7.832013845369563e-14 1.0128113538200497e-13 1.2061593663313875e-13 1.354810408274729e-13 1.446054782230308e-13 1.4666095564785404e-13 1.4344303670800135e-13 1.3751754113492453e-13 1.3161818090496775e-13 1.2798684213653341e-13 1.2548558395338869e-13 1.223197162873303e-13 1.1806963937205025e-13 1.122219027514057e-13 1.0455232161925703e-13 9.50994888723769e-14 8.482279218008658e-14 7.431615941649616e-14 6.396548147194817e-14 5.397255970826023e-14 4.4515464693277077e-14 3.566979545592594e-14 2.743469435173619e-14 1.9945340645132306e-14 1.3571218054618295e-14 8.651171880260966e-15 4.945349287631826e-15 2.2546461658717287e-15 3.4809826849855033e-16 -1.0027708952737294e-15 -1.8644907183951078e-15 -2.308273666220455e-15 -2.4081847111413436e-15 -2.2293730591636453e-15 -1.8440905589935983e-15 -1.3256166353618626e-15 -7.44324139042286e-16 -2.0931902885939666e-16 1.631099610895347e-16 2.817288199561268e-16 2.379777812177684e-16 1.2357882751961524e-16 2.3802184689304015e-17 2.5514820671567467e-18 5.3893564442849996e-18 9.743349136771083e-19 -3.544108757416102e-19 -3.8196572490585624e-19 2.193634333532509e-19 4.9840587376599937e-20 -4.137884997878965e-20 3.375381429495625e-21 -4.0309925822658625e-21 -1.783399912671932e-20 3.071623350850122e-20 3.610790408490437e-20 -6.54280349477286e-20 -2.2238132212966425e-19 2.9158885678327567e-19 1.9253887435747613e-18 5.309102631871922e-18 1.671191079531447e-17 3.880326057722315e-17 6.992007024099016e-17 1.1415514310419865e-16 1.0198396656532538e-16 -8.97084917361147e-18 -2.1389390926549548e-16 -4.258008857530666e-16 -5.871826713645616e-16 -6.64626858255325e-16 -6.463069209840804e-16 -5.417820188854764e-16 -3.7468798207693764e-16 -1.7947154940549793e-16 2.4057671945057027e-17 2.1395265245109518e-16 3.641079889491521e-16 4.413193001359202e-16 3.8683234924952624e-16 1.1224697042475937e-16 -5.070224691164942e-16 -1.648073640970231e-15 -3.535988559244599e-15 -6.43935126559451e-15 -1.076894332353162e-14 -1.665578302833898e-14 -2.3849347814643386e-14 -3.159342734178682e-14 -3.8401359970867134e-14 -4.2607629123241106e-14 -4.2792478347798987e-14 -3.744332527200605e-14 -2.911957145525654e-14 -2.1332915111518904e-14 -1.4781859452444335e-14 -1.0082024876764231e-14 -7.871156238003127e-15 -9.149358053545085e-15 -1.7248059745497942e-14 -3.444205234777112e-14 -6.204296727257635e-14 -9.976951215727458e-14 -1.4905580907799703e-13 -2.1175732410169707e-13 -2.896976270745332e-13 -3.83894647403607e-13 -4.930947093760427e-13 -6.136937726776641e-13 -7.394084404298876e-13 -8.629442645701585e-13 -9.7642977174841e-13 -1.072043450904325e-12 -1.141858937435292e-12 -1.180951389596774e-12 -1.1876099300682644e-12 -1.1629244709003893e-12 -1.1090558934622017e-12 -1.029175548794052e-12 -9.274237433099626e-13 -8.092712084911878e-13 -6.816305907532182e-13 -5.525125928107238e-13 -4.280669116629371e-13 -3.1364753683548823e-13 -2.135222501362946e-13 -1.3046027258977736e-13 -6.616717875348688e-14 -1.9571851451656278e-14 1.3588876118667209e-14 3.800041990402027e-14 5.74471433981878e-14 7.428905921347483e-14 8.847116187907677e-14 9.93747456592658e-14 1.0606755650968368e-13 1.0757529271998428e-13 1.0521499886289001e-13 1.0086870092843558e-13 9.654157306093435e-14 9.387803536947513e-14 9.204340737303607e-14 8.972128442110104e-14 8.660389132811078e-14 8.231461269898032e-14 7.668900857199418e-14 6.975538569578079e-14 6.221745547607465e-14 5.4510863717988937e-14 4.691866089634033e-14 3.9588867797785895e-14 3.265210008493206e-14 2.6163810445978835e-14 2.012337016680705e-14 1.4629933520139375e-14 9.954516880728517e-15 6.345663300917394e-15 3.627440921499064e-15 1.6538073284633731e-15 2.55350828741207e-16 -7.35515438903528e-16 -1.3675904732285867e-15 -1.6931085128829286e-15 -1.7663962639367973e-15 -1.6352407510787819e-15 -1.3526387019522486e-15 -9.723404812435693e-16 -5.459643848872547e-16 -1.535392300106425e-16 1.1963764505575732e-16 2.0664632884871013e-16 1.745562102641555e-16 9.064504269992375e-17 1.745885751215715e-17 1.871485565880645e-18 3.953090594453648e-18 7.146706318498983e-19 -2.59959849876609e-19 -2.801710165835584e-19 1.6090262470509392e-19 3.655801174918151e-20 -3.03513224413587e-20 -1.8562354384709035e-20 2.2167801411351985e-20 9.807498572273093e-20 -1.689185029068077e-19 -1.9856968662506427e-19 3.59809382678443e-19 1.2229535662050495e-18 -1.6035461359084934e-18 -1.058842135063765e-17 -2.919680986599188e-17 -9.190545130279155e-17 -2.1339455010309066e-16 -3.8451730390255863e-16 -6.277779803119732e-16 -5.608386889593312e-16 4.934631638879499e-17 1.176293297430051e-15 2.341643270010205e-15 3.2291330326048833e-15 3.655016113701388e-15 3.554253912517256e-15 2.979415472203209e-15 2.060483993673657e-15 9.868979045922158e-16 -1.3240207931553213e-16 -1.1767197916601753e-15 -2.002489557244311e-15 -2.4271031826188645e-15 -2.1274457810012702e-15 -6.173667899230726e-16 2.788284862082236e-15 9.063446125290741e-15 1.944593758639651e-14 3.541281354655231e-14 5.922312875612963e-14 9.159741093821385e-14 1.311579463150002e-13 1.737460508630638e-13 2.1118596606808595e-13 2.3431832855840356e-13 2.3533529800765693e-13 2.0591854661053363e-13 1.6014317977627483e-13 1.17321380082968e-13 8.129453121697319e-14 5.544823599477327e-14 4.328977643999901e-14 5.0319188641670847e-14 9.48573973005154e-14 1.8941441256745795e-13 3.4120341437107755e-13 5.486774063715864e-13 8.197232435661544e-13 1.1645449109815329e-12 1.5931709345920877e-12 2.1111992839784746e-12 2.7117354499299046e-12 3.3749593228552507e-12 4.066315957390963e-12 4.745690204319293e-12 5.369793597060553e-12 5.895612374988224e-12 6.279556427532457e-12 6.4945421251570495e-12 6.531160605395724e-12 6.395405613865383e-12 6.099160607428137e-12 5.659866098869397e-12 5.100291429539e-12 4.450522441137211e-12 3.74857455303107e-12 3.0385017457394465e-12 2.354123816603843e-12 1.7248845974478728e-12 1.1742543986022238e-12 7.174623132391248e-13 3.638879556878545e-13 1.0764079699886456e-13 -7.472403495930895e-14 -2.0897352965142137e-13 -3.1591942354858156e-13 -4.0854037888317637e-13 -4.865339246851276e-13 -5.464975637209259e-13 -5.833044632574868e-13 -5.915965441311106e-13 -5.786167715337112e-13 -5.54715165581523e-13 -5.309189818744424e-13 -5.162715412013063e-13 -5.061825792613826e-13 -4.934126423532686e-13 -4.762691580045422e-13 -4.5268096583368493e-13 -4.217437380339921e-13 -3.836131344723296e-13 -3.421591630376396e-13 -2.9977761908245663e-13 -2.580251106442626e-13 -2.1771566097412559e-13 -1.79567588604898e-13 -1.438858585568189e-13 -1.1066701673835137e-13 -8.045635653623423e-14 -5.474431073288648e-14 -3.489772153146199e-14 -1.9949068052766837e-14 -9.09520636809178e-15 -1.404476359839383e-15 4.0447459836086584e-15 7.520823790452013e-15 9.311013951203216e-15 9.71408215503933e-15 8.992829967552018e-15 7.438708479419684e-15 5.347312497828536e-15 3.0025107820623114e-15 8.444113909215356e-16 -6.57904239049967e-16 -1.1364178067309366e-15 -9.599528081637837e-16 -4.984946618184689e-16 -9.601311983790327e-17 -1.0291830071772886e-17 -2.173967271184468e-17 -3.930234096373595e-18 1.429622731915647e-18 1.5407694016427666e-18 -8.848664067698365e-19 -2.0104720643897223e-19 1.6691398524013668e-19 -3.792782304507631e-21 4.529325328375815e-21 2.0040384954558532e-20 -3.4517021694210244e-20 -4.05716135782305e-20 7.352759759579052e-20 2.4985405744715543e-19 -3.276387332552029e-19 -2.1630681448430458e-18 -5.9638226243408726e-18 -1.8771598315794786e-17 -4.358582668420196e-17 -7.854407969762859e-17 -1.282678713417659e-16 -1.1463052846370685e-16 9.997143727954059e-18 2.402192097169415e-16 4.783145566219533e-16 6.59671276369904e-16 7.467480439915462e-16 7.262596255197826e-16 6.089471350078209e-16 4.2135706572477e-16 2.021677991229555e-16 -2.6368263109603462e-17 -2.396038879848963e-16 -4.0822726301282544e-16 -4.949685517466531e-16 -4.33845069004679e-16 -1.2558041883017535e-16 5.6973238375508e-16 1.850975934198836e-15 3.970940091358448e-15 7.231286490047461e-15 1.2093401894252735e-14 1.8704412964044262e-14 2.6782858130037514e-14 3.547920989861592e-14 4.312367436641328e-14 4.7845627467726344e-14 4.805055856964481e-14 4.203969575841521e-14 3.268829189461573e-14 2.3941140669707034e-14 1.6582593641753045e-14 1.1303741722059454e-14 8.820474210722739e-15 1.0255739211958465e-14 1.9351106538336047e-14 3.866153963400708e-14 6.966034673447487e-14 1.1203194676999227e-13 1.673869049815645e-13 2.378091147377701e-13 3.253469650414853e-13 4.311440361265688e-13 5.537924525471724e-13 6.892443631272476e-13 8.304422542902128e-13 9.691931557231379e-13 1.0966561237450928e-12 1.2040467072435746e-12 1.2824608251000905e-12 1.3263664278102238e-12 1.3338422187067798e-12 1.3061131933190444e-12 1.245607148160884e-12 1.1558863537251143e-12 1.041600421199851e-12 9.088935997028834e-13 7.655303352466309e-13 6.205090390814053e-13 4.807362509012861e-13 3.522250857413833e-13 2.397687953266796e-13 1.464776068916697e-13 7.426742809027061e-14 2.1935322007123318e-14 -1.530716426073547e-14 -4.2722765828531055e-14 -6.456215843974605e-14 -8.347613122242376e-14 -9.94027281255512e-14 -1.1164691131487189e-13 -1.1916150691817688e-13 -1.2085217422019232e-13 -1.1819819547817784e-13 -1.1331348513243961e-13 -1.0845031794423805e-13 -1.0545578410461154e-13 -1.033924896601882e-13 -1.0078192183637279e-13 -9.7278334888967e-14 -9.245871246697262e-14 -8.613839393845471e-14 -7.83492420383086e-14 -6.988157519053491e-14 -6.122469409626734e-14 -5.2696529123328374e-14 -4.446335722984104e-14 -3.667181957777384e-14 -2.938414651070024e-14 -2.259960905367738e-14 -1.6429551861965284e-14 -1.1178354762813052e-14 -7.125159975856815e-15 -4.0723627557678915e-15 -1.8559118783854363e-15 -2.8550150975362265e-16 8.271285916908193e-16 1.5368048806567803e-15 1.9021991924310987e-15 1.9843239242112937e-15 1.8368445589121987e-15 1.5192830089758118e-15 1.092013197848282e-15 6.130204862914046e-16 1.722119283596805e-16 -1.3458547838471582e-16 -2.321979998843471e-16 -1.9607819039526362e-16 -1.0180698418208514e-16 -1.9611188995331497e-17 -2.1035506466631317e-18 -4.439942779742468e-18 -8.029111579190199e-19 2.919989421258168e-19 3.1471808092799715e-19 -1.8074117515286876e-19 -4.1062715046350344e-20 3.409216195947106e-20 4.85246379176568e-20 -5.794958834714959e-20 -2.563834458611041e-19 4.415804593328969e-19 5.190874323521524e-19 -9.406053967012096e-19 -3.1969362297068266e-18 4.1918864002663785e-18 2.7679049293999758e-17 7.632204227794955e-17 2.402440720553626e-16 5.578211114862444e-16 1.0051511232382988e-15 1.6410957113942706e-15 1.4661624233128087e-15 -1.2887978277907836e-16 -3.0748199545184913e-15 -6.121187737061771e-15 -8.441238634324865e-15 -9.554637302089158e-15 -9.291368946998408e-15 -7.788856342672296e-15 -5.386876745032413e-15 -2.580609146471637e-15 3.4516970991869965e-16 3.0749625139438313e-15 5.233499248293771e-15 6.343474046370206e-15 5.560271555758816e-15 1.6131039867674381e-15 -7.288989898316915e-15 -2.3691855814808107e-14 -5.0831153414060666e-14 -9.256791946421966e-14 -1.5480737051498623e-13 -2.394329353461465e-13 -3.4284313202956615e-13 -4.541668481180057e-13 -5.520324981346854e-13 -6.124974161426256e-13 -6.151519564325244e-13 -5.38252048443976e-13 -4.185911014076305e-13 -3.066522520335465e-13 -2.1247666965470498e-13 -1.449138640890443e-13 -1.1313134347075028e-13 -1.3150580132274095e-13 -2.479281389202482e-13 -4.950996930686948e-13 -8.918760012665395e-13 -1.4342137026382307e-12 -2.142728873656586e-12 -3.04409472826614e-12 -4.164526285198619e-12 -5.518657110651518e-12 -7.088465160563811e-12 -8.822140508924679e-12 -1.0629355732465911e-11 -1.2405249130015844e-11 -1.4036664077844e-11 -1.5411162574949663e-11 -1.6414797376027038e-11 -1.697677058513454e-11 -1.7072487734699914e-11 -1.6717617764024483e-11 -1.594322529326669e-11 -1.479490052133646e-11 -1.3332161914465776e-11 -1.163365387324895e-11 -9.798749806829552e-12 -7.942608958582352e-12 -6.153635913168801e-12 -4.508796829052482e-12 -3.0694431781965774e-12 -1.8753839286832465e-12 -9.511379020393196e-13 -2.8130732292291567e-13 1.953933336812282e-13 5.46319677872104e-13 8.258741786282411e-13 1.0679833896209888e-12 1.2718563966074168e-12 1.4285988402499372e-12 1.5248089677607932e-12 1.5464806300669155e-12 1.5125470726963228e-12 1.4500635183477721e-12 1.3878555563484894e-12 1.349562745399988e-12 1.3231861993461284e-12 1.2898019241633112e-12 1.2449854214225254e-12 1.1833226275910511e-12 1.1024496637359975e-12 1.002773526214408e-12 8.944103756895886e-13 7.836228524041247e-13 6.744799770113003e-13 5.691096535265505e-13 4.693894883879369e-13 3.7611658992621067e-13 2.8928189652345464e-13 2.103107813225498e-13 1.4309923304866582e-13 9.122017813617632e-14 5.214449754310041e-14 2.3772731226458297e-14 3.66946597751282e-15 -1.057448259338986e-14 -1.9660643866844955e-14 -2.4339917283667852e-14 -2.539327270895312e-14 -2.3507666759781453e-14 -1.9444953549559102e-14 -1.3977826847847076e-14 -7.84833708116564e-15 -2.206963482727449e-15 1.7200742997401255e-15 2.97075472469918e-15 2.5093624385009873e-15 1.3030685966700063e-15 2.5098249689307175e-16 2.690521790014194e-17 5.682776276716516e-17 1.027399770106405e-17 -3.737083808361073e-18 -4.027649379618203e-18 2.3130829950675997e-18 5.255430904516552e-19 -4.363192091494596e-19 7.319572312695356e-20 -8.741189969882919e-20 -3.8673959696872877e-19 6.661014901550659e-19 7.829974714299095e-19 -1.4188713492004107e-18 -4.822211823350051e-18 6.3231046407253206e-18 4.1749848140669153e-17 1.151177616632401e-16 3.6235838416060706e-16 8.41358399655037e-16 1.51609217205911e-15 2.4754509406523535e-15 2.2117548283234655e-15 -1.9402679832595226e-16 -4.6375625549134484e-15 -9.23270301077499e-15 -1.2732407110664065e-14 -1.4412138641994955e-14 -1.40154603857094e-14 -1.1749663524813043e-14 -8.127220796301689e-15 -3.894944144003052e-15 5.176336982901258e-16 4.634671837228773e-15 7.890203358853846e-15 9.564433809102717e-15 8.383494424774846e-15 2.4307509218115537e-15 -1.099493817755019e-14 -3.573326298967285e-14 -7.666439604038584e-14 -1.3961179929699402e-13 -2.3348216639355734e-13 -3.611160805272498e-13 -5.170811658647969e-13 -6.849800705021284e-13 -8.325786154914182e-13 -9.237649901787127e-13 -9.277565051820225e-13 -8.117577912061378e-13 -6.312659646596367e-13 -4.624256965031017e-13 -3.2038091595230813e-13 -2.184774387226078e-13 -1.7054047423894468e-13 -1.9825238843804814e-13 -3.7384464026920586e-13 -7.466395607480086e-13 -1.3450769228315004e-12 -2.163059885393348e-12 -3.2316821241548414e-12 -4.591173501393903e-12 -6.281074259114605e-12 -8.323456984877893e-12 -1.0691140581462021e-11 -1.330598222481169e-11 -1.6031743047144787e-11 -1.871026316122838e-11 -2.1170872276065777e-11 -2.3243985692571752e-11 -2.4757733879716046e-11 -2.5605331804533214e-11 -2.57496858191508e-11 -2.5214432714264713e-11 -2.404642973661114e-11 -2.2314440529161318e-11 -2.0108231920022604e-11 -1.7546419349778864e-11 -1.4778886273368745e-11 -1.1979328435489087e-11 -9.281080872123906e-12 -6.800227724900335e-12 -4.629302601698418e-12 -2.828347752273679e-12 -1.4343453141369349e-12 -4.240718096238549e-13 2.94908656736862e-13 8.241874102880421e-13 1.2458188521801738e-12 1.610973758758081e-12 1.9184584187749673e-12 2.1548571761881552e-12 2.299956161782113e-12 2.332630187278448e-12 2.281435747545859e-12 2.1871797416374878e-12 2.0933394572684996e-12 2.035570272160437e-12 1.995775074517333e-12 1.945411554522137e-12 1.877806098866304e-12 1.7847927862484379e-12 1.6628064050240775e-12 1.5124611315076472e-12 1.3490145361163346e-12 1.1819123448463933e-12 1.017291808498462e-12 8.583624889270327e-13 7.079560359972742e-13 5.672744639128248e-13 4.3630400128784873e-13 3.1719439106020625e-13 2.1582174953372162e-13 1.375749454793221e-13 7.863937324852966e-14 3.584838893351844e-14 5.528609460285606e-15 -1.59538063990186e-14 -2.9657030206816574e-14 -3.6713637666987913e-14 -3.830151483345323e-14 -3.545674261500247e-14 -2.932839045676338e-14 -2.108190220797087e-14 -1.1836531198307994e-14 -3.3276050327134363e-15 2.5953004204793905e-15 4.481146969108578e-15 3.7848918662072375e-15 1.9653643857126026e-15 3.7855773985524185e-16 4.058737495531124e-17 8.571129106367852e-17 1.5496924115725534e-17 -5.636615856177923e-18 -6.074951344940086e-18 3.488841958654488e-18 7.9266848427836375e-19 -6.580977230352152e-19 -3.070958637389105e-19 3.667409559239287e-19 1.6225792863053486e-18 -2.794649458580816e-18 -3.2851051862483224e-18 5.952906062976874e-18 2.0231896742187765e-17 -2.6528891314094048e-17 -1.7516478724120917e-16 -4.829880107766197e-16 -1.5203149743441783e-15 -3.530012224976046e-15 -6.3609102666690445e-15 -1.0385876136276146e-14 -9.279389620166835e-15 8.143421755964922e-16 1.9457539446099565e-14 3.8736709705442916e-14 5.341980639686553e-14 6.046699591212683e-14 5.880237132579748e-14 4.929563235524562e-14 3.4096923881639316e-14 1.6339627539004467e-14 -2.1741089297740674e-15 -1.9447825401741204e-14 -3.31069056683133e-14 -4.013127666540417e-14 -3.517623464875791e-14 -1.0200260322118865e-14 4.6129704746273976e-14 1.4992365629151617e-13 3.2165701799848986e-13 5.857628602051274e-13 9.79610287317181e-13 1.5151174215599407e-12 2.169492347855866e-12 2.8739385630018152e-12 3.4932136451773463e-12 3.875805895537833e-12 3.892562309850172e-12 3.4058854428863897e-12 2.6486181644708937e-12 1.9402328967329724e-12 1.3442685319630627e-12 9.167203538240525e-13 7.155951829164256e-13 8.318652753968411e-13 1.5685873500229972e-12 3.1326994083171284e-12 5.643523606332467e-12 9.075478622499996e-12 1.3559022527813605e-11 1.9262945087400476e-11 2.635314154324355e-11 3.492221920684093e-11 4.485613565199734e-11 5.582703262447117e-11 6.726330374337939e-11 7.850136982843343e-11 8.882516230981741e-11 9.752316601920461e-11 1.0387428608977628e-10 1.0743049485902655e-10 1.0803616023306462e-10 1.0579045032386432e-10 1.0088995782706082e-10 9.362318805224095e-11 8.436677118077547e-11 7.361837410301072e-11 6.200685012489532e-11 5.0260957622004154e-11 3.8940122445882296e-11 2.853139115449732e-11 1.9423000652435767e-11 1.1866865919870932e-11 6.018149186268727e-12 1.7794130835549125e-12 -1.2371679653773628e-12 -3.4578321911578776e-12 -5.226848323422847e-12 -6.758909364716216e-12 -8.04900757366035e-12 -9.040856349353035e-12 -9.649646231426601e-12 -9.78674399539257e-12 -9.571961893753147e-12 -9.176510048488467e-12 -8.782802372254107e-12 -8.54043497225261e-12 -8.373478839251366e-12 -8.162181056081793e-12 -7.87854187022675e-12 -7.488300193604244e-12 -6.9764976204888436e-12 -6.345710757644581e-12 -5.659954877870001e-12 -4.95886070813646e-12 -4.268177786189221e-12 -3.601372139968085e-12 -2.970324528706895e-12 -2.380078337862097e-12 -1.8305758687513118e-12 -1.3308367138858389e-12 -9.055149100587716e-13 -5.772201733414641e-13 -3.2994786481505523e-13 -1.504120110444383e-13 -2.3200576193628155e-14 6.69325586674533e-14 1.2442702366057515e-13 1.5403466669505742e-13 1.6069747501278206e-13 1.4876248095974385e-13 1.2305075640445164e-13 8.845205439523046e-14 4.966230826764925e-14 1.3962225355242145e-14 -1.0888153112159782e-14 -1.8800856575487012e-14 -1.58799053895939e-14 -8.245939842150765e-15 -1.5882791022217394e-15 -1.7028385482852242e-16 -3.596125227925281e-16 -6.501850570215759e-17 2.3649050189641673e-17 2.548807528430339e-17 -1.4637797391373734e-17 -3.3257323113508104e-18 2.761121826027096e-18 1.187521172377182e-20 -1.4178420155841404e-20 -6.276766036489893e-20 1.0812249325280726e-19 1.270008494026432e-19 -2.3039452070743047e-19 -7.817370931663812e-19 1.025670743588946e-18 6.76402551732097e-18 1.863554834811286e-17 5.863149946422137e-17 1.361406195059842e-16 2.454616585948773e-16 4.0153005345919375e-16 3.5963342798496276e-16 -2.9590261287202865e-17 -7.495539663886308e-16 -1.4946990353539451e-15 -2.0629066076849205e-15 -2.3366938770447218e-15 -2.2745422805127245e-15 -1.910079512506642e-15 -1.3261723680911199e-15 -6.433450200259048e-16 6.887169870310655e-17 7.335909955014543e-16 1.259486493816618e-15 1.5307028723871778e-15 1.3414129129798843e-15 3.819225593858849e-16 -1.7840672215895878e-15 -5.776888451848239e-15 -1.2385433631808255e-14 -2.255141252681604e-14 -3.7715468913460316e-14 -5.833633251431748e-14 -8.353358495616044e-14 -1.1065139292642291e-13 -1.3447623027438709e-13 -1.4916869734884387e-13 -1.4975313428326725e-13 -1.3092833557319894e-13 -1.0168343361958757e-13 -7.434564176930313e-14 -5.1359872801837774e-14 -3.487639258663049e-14 -2.7121833842429304e-14 -3.159505739529912e-14 -5.997332345484637e-14 -1.202329692850495e-13 -2.1697621463665893e-13 -3.4922519305973133e-13 -5.220040292262243e-13 -7.418163794855449e-13 -1.0150616613354994e-12 -1.3453157577703022e-12 -1.7281877112851938e-12 -2.151042131762125e-12 -2.5918414706989605e-12 -3.02500586321716e-12 -3.42293502439447e-12 -3.758212797973798e-12 -4.003011171989341e-12 -4.140046364901048e-12 -4.163326449042384e-12 -4.076693163136062e-12 -3.887741760095134e-12 -3.6075999476329844e-12 -3.2507703154165654e-12 -2.8364288240051994e-12 -2.388823744526329e-12 -1.936069428856995e-12 -1.4997154674577466e-12 -1.0985281505813639e-12 -7.474680780197643e-13 -4.562437829036151e-13 -2.308420520972505e-13 -6.750956851373924e-14 4.870721286757221e-14 1.3424305813388717e-13 2.023725747276667e-13 2.6137348153274846e-13 3.110487328904174e-13 3.492258154935922e-13 3.726335041876336e-13 3.7785455175093936e-13 3.69507646636326e-13 3.541940823377345e-13 3.389480214943006e-13 3.2953871000263716e-13 3.2304153583999385e-13 3.1484125863119703e-13 3.0385718158749986e-13 2.8876837121033035e-13 2.689990038450612e-13 2.4464998654763144e-13 2.1818727566822925e-13 1.911383980375338e-13 1.6449627643568777e-13 1.3878053291809952e-13 1.1444769569412222e-13 9.16909673664478e-14 7.050760170919189e-14 5.124475499901492e-14 3.485234019847451e-14 2.2201555613906236e-14 1.2675408324259818e-14 5.761301012817726e-15 8.645262745177898e-16 -2.60331946821789e-15 -4.8137528568476085e-15 -5.9500283601216326e-15 -6.202509120496199e-15 -5.7385852793940705e-15 -4.744034833077475e-15 -3.407410122492357e-15 -1.909932369199871e-15 -5.327267987089251e-16 4.2454775619503585e-16 7.269654164304526e-16 6.12608939661399e-16 3.177843655971723e-16 6.126594984738906e-17 6.599336228379921e-18 1.386050853892518e-17 2.5111173982815724e-18 -9.120320490064085e-19 -9.833439798871418e-19 5.64691288733025e-19 1.2823633604704137e-19 -1.0648686840105929e-19 6.647569932122329e-19 -7.93867336088477e-19 -3.512332139420041e-18 6.049468846610004e-18 7.111115824114997e-18 -1.2886043709625181e-17 -4.379495315723898e-17 5.742588673197757e-17 3.791692636111138e-16 1.045493046599391e-15 3.2909211309692237e-15 7.64117545167231e-15 1.3769060914377917e-14 2.2481831437647586e-14 2.0086883758787223e-14 -1.7623114993680273e-15 -4.211819412362141e-14 -8.385088200436471e-14 -1.1563484134984445e-13 -1.3088989314067404e-13 -1.2728708950398205e-13 -1.0670903064256312e-13 -7.380997396326369e-14 -3.537245854766813e-14 4.7025231768581184e-15 4.209339746364924e-14 7.166005697997879e-14 8.68653062237188e-14 7.613990400683832e-14 2.2077031333351348e-14 -9.98550180161597e-14 -3.2452821119006106e-13 -6.962641063984492e-13 -1.2679511527215792e-12 -2.1204795536450316e-12 -3.279647430624269e-12 -4.696118346644598e-12 -6.220972603525441e-12 -7.561460764093977e-12 -8.389616784172939e-12 -8.42587330111111e-12 -7.372383880766129e-12 -5.733169736023697e-12 -4.1997724236202645e-12 -2.9097288803064785e-12 -1.984246011865443e-12 -1.5488846673124962e-12 -1.8005639225070933e-12 -3.3952873116357766e-12 -6.780998234951228e-12 -1.2215985271033909e-11 -1.9644876394171802e-11 -2.935006350444011e-11 -4.169691278384179e-11 -5.70445266256427e-11 -7.559336677414298e-11 -9.709657516751395e-11 -1.2084446169830127e-10 -1.4559971101185757e-10 -1.69925921692253e-10 -1.922730730881534e-10 -2.111010030437896e-10 -2.2484880263554458e-10 -2.3254665592553691e-10 -2.338576792768765e-10 -2.28996539252189e-10 -2.1838878980456599e-10 -2.0265893884484288e-10 -1.8262224639782895e-10 -1.5935597365709755e-10 -1.3422135517238272e-10 -1.0879588630987905e-10 -8.429051166899911e-11 -6.175950331957285e-11 -4.204324807417734e-11 -2.5687047330367825e-11 -1.3026770781049676e-11 -3.851503527805373e-12 2.6782529990278798e-12 7.485146551656703e-12 1.1314391396746105e-11 1.463071820826438e-11 1.742328612553355e-11 1.9570254984767093e-11 2.088804346276499e-11 2.1184793546296626e-11 2.0719854104106396e-11 1.9863831536604143e-11 1.9011584509492438e-11 1.8486933417801446e-11 1.8125520839292842e-11 1.7668126624998564e-11 1.705414142736454e-11 1.620940271510889e-11 1.5101531311976978e-11 1.3736104993183883e-11 1.2251692530185586e-11 1.0734079623530068e-11 9.239004495702697e-12 7.79561620238615e-12 6.429631804057962e-12 5.151968056144403e-12 3.962499936228178e-12 2.880751368771731e-12 1.960089036789562e-12 1.249454453322948e-12 7.14203534740525e-13 3.2557699639858006e-13 5.021338435068219e-14 -1.448896293553879e-13 -2.693422789595509e-13 -3.334305618045824e-13 -3.478520025756425e-13 -3.220162612244641e-13 -2.663591441206531e-13 -1.9146515742343256e-13 -1.0749929382403584e-13 -3.022168174401623e-14 2.3569957720930113e-14 4.069737986766558e-14 3.4374184786760964e-14 1.784936418640956e-14 3.4380416429360605e-15 3.686095369583435e-16 7.78426510302095e-16 1.4074196512426979e-16 -5.119146972812399e-17 -5.517237482441741e-17 3.1685475280387905e-17 7.19897844315451e-18 -5.976811037702911e-18 8.3303703832653e-19 -9.948796675458576e-19 -4.401108586767205e-18 7.580033988753882e-18 8.911745014395805e-18 -1.6145085983097746e-17 -5.4890736692959314e-17 7.196576468392217e-17 4.752969644417138e-16 1.3107761787128788e-15 4.12638202212203e-15 9.580961950974162e-15 1.726232039616944e-14 2.817428595361235e-14 2.5159668203625456e-14 -2.237021070046057e-15 -5.2823210598277417e-14 -1.0512587893491992e-13 -1.449494594466393e-13 -1.640470431136166e-13 -1.59498824332877e-13 -1.3366402084065806e-13 -9.237927651337337e-14 -4.415375536355501e-14 6.121667966593615e-15 5.302669210755959e-14 9.011251325115688e-14 1.0917309557475269e-13 9.569772031052023e-14 2.7854055117896318e-14 -1.2512893582476346e-13 -4.06990494212571e-13 -8.733153034501225e-13 -1.5904269542378385e-12 -2.6597587832249946e-12 -4.113671738467874e-12 -5.890326086423032e-12 -7.803036313917142e-12 -9.484700836886719e-12 -1.0524037648806146e-11 -1.0570428222026917e-11 -9.250332713227243e-12 -7.195585012347389e-12 -5.273187272252445e-12 -3.655675297782691e-12 -2.4951652373258408e-12 -1.94925070089295e-12 -2.264985519521473e-12 -4.2650657808282565e-12 -8.511218303622922e-12 -1.5327295194994765e-11 -2.4643736514079386e-11 -3.681473045699994e-11 -5.229848515353296e-11 -7.154524357438919e-11 -9.480629143711459e-11 -1.2177199391899375e-10 -1.5155236384728737e-10 -1.825958703482267e-10 -2.13101284881654e-10 -2.4112485736827843e-10 -2.6473507070310323e-10 -2.819750322596514e-10 -2.916288021875805e-10 -2.932738210327855e-10 -2.8717899231745747e-10 -2.7387770029617805e-10 -2.541529747254997e-10 -2.2902737983392258e-10 -1.9985191138671496e-10 -1.683334338698439e-10 -1.3644977566664893e-10 -1.0571967622988568e-10 -7.746530738620427e-11 -5.2740582658915e-11 -3.2229338468974566e-11 -1.6352667595300973e-11 -4.84604443846147e-12 3.3431982428797665e-12 9.371988488389733e-12 1.4174760667857984e-11 1.8334255919898635e-11 2.183694022306204e-11 2.453006913076643e-11 2.6183463605910903e-11 2.6556545020465498e-11 2.5974531541697758e-11 2.4902137209496397e-11 2.3834473312321583e-11 2.317756775190412e-11 2.2725283505155914e-11 2.215254634833495e-11 2.13833733169398e-11 2.032476897022303e-11 1.8936118241287715e-11 1.7224391764776118e-11 1.5363378921266815e-11 1.3460656431421078e-11 1.1586114461297405e-11 9.776297580768132e-12 8.063476543290379e-12 6.461359047048209e-12 4.969796171652346e-12 3.6132786963583157e-12 2.458734645876296e-12 1.567541578274887e-12 8.962568833011829e-13 4.08823496482852e-13 6.341560986432264e-14 -1.8134086110399893e-13 -3.37491361145456e-13 -4.1793321187746586e-13 -4.3608310846915854e-13 -4.037433596891168e-13 -3.34001326606169e-13 -2.401289298412641e-13 -1.3486991437667524e-13 -3.7980259996432635e-14 2.948377003853823e-14 5.100051378175957e-14 4.309777502652974e-14 2.238411363680425e-14 4.310650252710525e-15 4.617021556981915e-16 9.7616597986168e-16 1.7641690552526942e-16 -6.418740000668068e-17 -6.917307361427753e-17 3.9726718595912995e-17 9.026898831336814e-18 -7.494086425971037e-18 -3.9880461117993024e-18 4.762735691167052e-18 2.107047246593586e-17 -3.629018979546939e-17 -4.266262413812312e-17 7.729901572822644e-17 2.6276073907927884e-16 -3.4451959091854244e-16 -2.275096481005262e-15 -6.273761446878267e-15 -1.97491332471983e-14 -4.5855257104813994e-14 -8.262367349478524e-14 -1.3487749610060592e-13 -1.2047546887169164e-13 1.0645362898723528e-14 2.5278725271128666e-13 5.031663879602165e-13 6.938303012358139e-13 7.853003071281563e-13 7.636011556630356e-13 6.400271618887223e-13 4.4251105300527005e-13 2.117675998889935e-13 -2.879413028905235e-14 -2.5323584191828943e-13 -4.3070161690346357e-13 -5.219375534167585e-13 -4.575042872747167e-13 -1.3292534577160007e-13 5.990456917394103e-13 1.947715476483904e-12 4.17909066218823e-12 7.610581387162659e-12 1.2727637044566081e-11 1.9685109013129617e-11 2.8186979780112245e-11 3.733967030988332e-11 4.5386280857518685e-11 5.035851376786976e-11 5.0578460235522494e-11 4.4258512497824594e-11 3.4422987574194726e-11 2.522163810683401e-11 1.7480046769946297e-11 1.1925940910273624e-11 9.313222629701478e-12 1.0823986943367808e-11 2.0395366122653255e-11 4.071567635129213e-11 7.333491234486496e-11 1.1792044839621948e-10 1.761672151159393e-10 2.5026803161372413e-10 3.423778442287067e-10 4.536994726646869e-10 5.827512247567561e-10 7.252738531419646e-10 8.73841854409724e-10 1.0198348124754704e-9 1.1539503236948403e-9 1.2669448195035117e-9 1.3494518533032177e-9 1.395651674735102e-9 1.4035222264257403e-9 1.3743510805981192e-9 1.3106915067833827e-9 1.2162911834195847e-9 1.0960434183876434e-9 9.564136011851702e-10 8.05570772228303e-10 6.52981267780025e-10 5.059130357084926e-10 3.706935091281507e-10 2.52366385895392e-10 1.5420432724913226e-10 7.822280834809427e-11 2.315594038978889e-11 -1.603430650411309e-11 -4.4884955220764775e-11 -6.786819399058936e-11 -8.777299263849553e-11 -1.0453444435414736e-10 -1.1742144360847936e-10 -1.2533232109795787e-10 -1.2711568301701166e-10 -1.2432798018288834e-10 -1.1919331415216602e-10 -1.1408129634371433e-10 -1.1093520333991767e-10 -1.0876857183191092e-10 -1.0602567900975582e-10 -1.0234283593425432e-10 -9.727497242594856e-11 -9.062773760107716e-11 -8.243454523867372e-11 -7.352706774629991e-11 -6.442014578897891e-11 -5.5448274293553344e-11 -4.6786368053250054e-11 -3.858882113981779e-11 -3.092119577079759e-11 -2.378276164467607e-11 -1.7290710056318975e-11 -1.1765333274239983e-11 -7.500362894849296e-12 -4.2878875660588125e-12 -1.955328451314914e-12 -3.0249316536654525e-13 8.686518942865369e-13 1.615767142870801e-12 2.0005799249830265e-12 2.0872957888325397e-12 1.932392768969029e-12 1.5985028275672006e-12 1.1491454741573546e-12 6.453171743845414e-13 1.8158286182550465e-13 -1.4126767356336566e-13 -2.4415592744502696e-13 -2.06275318563374e-13 -1.071243023434501e-13 -2.0631504258165075e-14 -2.210824247933419e-15 -4.6717217448424895e-15 -8.444659667547161e-16 3.072050046457994e-16 3.310798803541541e-16 -1.9014070542831858e-16 -4.3202593337077144e-17 3.586729372826953e-17 -9.413583072108065e-19 1.1241934033664474e-18 4.9737721844476484e-18 -8.56656926277493e-18 -1.0070034697373795e-17 1.8247678897699074e-17 6.20182886688338e-17 -8.132060762147917e-17 -5.369472659877962e-16 -1.480551042164186e-15 -4.6603865651992124e-15 -1.0820927942316883e-14 -1.9498714355875378e-14 -3.1836455992012014e-14 -2.8444234588636425e-14 2.4971975811876144e-15 5.96457180795755e-14 1.1874342761624905e-13 1.6375213946290175e-13 1.8535364830044058e-13 1.802498727868328e-13 1.5110675333401522e-13 1.0451538898800761e-13 5.008103260233184e-14 -6.6720130563729575e-15 -5.962372937219372e-14 -1.0149482266812734e-13 -1.230272279572274e-13 -1.0783710015129047e-13 -3.127368505778977e-14 1.4140385044991437e-13 4.595796984068569e-13 9.860197658025622e-13 1.7956216670384358e-12 3.002937216818624e-12 4.644500772890582e-12 6.65044653110833e-12 8.809886462586588e-12 1.0708246254654479e-11 1.1881078839683715e-11 1.1932474945413266e-11 1.044063958144178e-11 8.11932650087014e-12 5.9478458074950326e-12 4.120972868724948e-12 2.8103606641115265e-12 2.193828961449136e-12 2.5502496052942323e-12 4.808620323048992e-12 9.603292748386318e-12 1.7300037748439316e-11 2.7820433739018638e-11 4.156439150366206e-11 5.90493234848392e-11 8.078376550999465e-11 1.0705159454864892e-10 1.3750322043723334e-10 1.7113361950033124e-10 2.0619058152309054e-10 2.406399597646317e-10 2.722867041341771e-10 2.989497182967047e-10 3.184185614613396e-10 3.2931984866931626e-10 3.3117649900787436e-10 3.2429249463150605e-10 3.092704656102616e-10 2.8699479777636717e-10 2.586200275316315e-10 2.2567171541865063e-10 1.9007755535792164e-10 1.5407148448227586e-10 1.1936838386932407e-10 8.746125849184589e-11 5.954021892119603e-11 3.637749074156583e-11 1.8448708080649236e-11 5.455183433324792e-12 -3.7919284619084805e-12 -1.0599223409374275e-11 -1.6022026720732633e-11 -2.0718461087238203e-11 -2.467317770190862e-11 -2.7713636050775828e-11 -2.9579860767502685e-11 -3.000015436431437e-11 -2.934179127839809e-11 -2.812960118877489e-11 -2.6922757571431558e-11 -2.6179833573321788e-11 -2.5668073972554364e-11 -2.502038564901878e-11 -2.4150938376930974e-11 -2.295470775419121e-11 -2.1385839628959957e-11 -1.9452231575280826e-11 -1.7350117951011857e-11 -1.520098353591095e-11 -1.3083761231494036e-11 -1.1039729758091476e-11 -9.10530932203952e-12 -7.295960606426908e-12 -5.611506999038598e-12 -4.079597576889858e-12 -2.7758074689172193e-12 -1.7694450636945917e-12 -1.0114494902639727e-12 -4.610939241017389e-13 -7.113435102151625e-14 2.051645917786821e-13 3.814120315129999e-13 4.72174322581772e-13 4.926007867840463e-13 4.560169808436864e-13 3.772015328195781e-13 2.711435435071038e-13 1.5223790499334185e-13 4.280278517475465e-14 -3.3374317342206605e-14 -5.76313576763543e-14 -4.867830413479268e-14 -2.5277288377070596e-14 -4.8687179965359054e-15 -5.219733711924486e-16 -1.1023633450139759e-15 -1.9930643339577441e-16 7.249399641011386e-17 7.813116480749314e-17 -4.487073653804502e-17 -1.019473864391994e-17 8.463964370416092e-18 1.2573735305752508e-17 -1.5016498658762616e-17 -6.643014035675304e-17 1.144129946065729e-16 1.3451188756774937e-16 -2.43695488160459e-16 -8.285000927490947e-16 1.0862366877760913e-15 7.173869988080947e-15 1.978382781381071e-14 6.227981084417304e-14 1.4460630849981198e-13 2.6054460203542794e-13 4.252567023111137e-13 3.7977240197432e-13 -3.372709094986771e-14 -7.972481455623664e-13 -1.5866892933797904e-12 -2.1877888455396087e-12 -2.476070528749469e-12 -2.4074649676479807e-12 -2.0175817729513335e-12 -1.394512779333227e-12 -6.666811334010435e-13 9.209420297727426e-14 8.000063533788161e-13 1.3597280657755183e-12 1.6474173365943674e-12 1.4440686349028679e-12 4.201734869376469e-13 -1.888682424729715e-12 -6.142639728836504e-12 -1.3180627372069542e-11 -2.4003661267858248e-11 -4.014267251506701e-11 -6.208606943651036e-11 -8.89004711673886e-11 -1.1776816497251544e-10 -1.4314850085439636e-10 -1.5883404148026735e-10 -1.5953297767000045e-10 -1.396075493760502e-10 -1.0859426529490304e-10 -7.957899060033133e-11 -5.51657114981665e-11 -3.765014388789315e-11 -2.9410651171346877e-11 -3.4175845104088373e-11 -6.436253725405014e-11 -1.2844882844154601e-10 -2.313226543973081e-10 -3.719343156110492e-10 -5.556294611785105e-10 -7.893237464255848e-10 -1.0798127561226687e-9 -1.430889254553679e-9 -1.8378800420991175e-9 -2.2873526447224144e-9 -2.7558898187541565e-9 -3.216305707198045e-9 -3.6392634415137307e-9 -3.995610957461257e-9 -4.255812344800988e-9 -4.401515218787445e-9 -4.4263420588672505e-9 -4.334351794262271e-9 -4.133595108127423e-9 -3.8358903580491425e-9 -3.4566707388449843e-9 -3.016326599624293e-9 -2.540619706168674e-9 -2.059401768718689e-9 -1.595594742116611e-9 -1.169153931812366e-9 -7.959858987243305e-10 -4.864117060268044e-10 -2.4678699834255785e-10 -7.311935814071465e-11 5.047914199217373e-11 1.4147004229570654e-10 2.1395678914848924e-10 2.767347003062882e-10 3.295994270436386e-10 3.702455492635615e-10 3.9519894624022e-10 4.008285643575562e-10 3.9204290861882273e-10 3.758559147981951e-10 3.597403226100504e-10 3.4982434353431723e-10 3.429968078869871e-10 3.343514065467939e-10 3.227413051079814e-10 3.067629232468941e-10 2.858032756715875e-10 2.5996760158018586e-10 2.3187886125614523e-10 2.0316070160622884e-10 1.7486797803153962e-10 1.4755226660320213e-10 1.217005990667352e-10 9.751984073956884e-11 7.500773348124918e-11 5.453390474589794e-11 3.710848683848042e-11 2.3657840949569945e-11 1.352628898500647e-11 6.1696144332394396e-12 9.565303239184736e-13 -2.737434315311335e-12 -5.094088359153034e-12 -6.308092048939833e-12 -6.581940076039874e-12 -6.093760503759795e-12 -5.041078924974695e-12 -3.624209024863676e-12 -2.035495573260088e-12 -5.731239875404208e-13 4.450940692416683e-13 7.697930205918595e-13 6.504820563467223e-13 3.378407280143928e-13 6.506125612836489e-14 6.969154786562069e-15 1.473318826958775e-14 2.662747590122937e-15 -9.687854416809306e-16 -1.0440424213666929e-15 5.996020942078988e-16 1.36243260102876e-16 -1.1310890179165256e-16 3.7365696171513e-18 -4.460614547665876e-18 -1.975487035434559e-17 3.4032411884614377e-17 3.995454811888077e-17 -7.253538394044309e-17 -2.4584836219099026e-16 3.2269196466716767e-16 2.126363507504876e-15 5.8552140800685e-15 1.8415963327452694e-14 4.2762234182571287e-14 7.712987997307115e-14 1.2632495955555582e-13 1.1332566126310812e-13 -8.919009661959002e-15 -2.3526032543513026e-13 -4.696463947679656e-13 -6.485213972621793e-13 -7.349325639966999e-13 -7.158337110240669e-13 -6.018052659225727e-13 -4.188641978479019e-13 -2.048014719388694e-13 1.8537215868875697e-14 2.270241664115369e-13 3.920260511682402e-13 4.772801927573188e-13 4.181975191074823e-13 1.1759299785346666e-13 -5.614154915704484e-13 -1.813474697073177e-12 -3.886218306528709e-12 -7.0753185428266996e-12 -1.1833171798210582e-11 -1.8303678222268285e-11 -2.621000353580989e-11 -3.471740666913207e-11 -4.2188779361390626e-11 -4.679075033237521e-11 -4.6961549789400516e-11 -4.1037179333650274e-11 -3.1843052760132164e-11 -2.3252481823848685e-11 -1.603227177703083e-11 -1.0855910339231199e-11 -8.420621920403468e-12 -9.823420533447177e-12 -1.8729981111934544e-11 -3.7644756462100815e-11 -6.801339619692712e-11 -1.0953055168355913e-10 -1.6377282954079703e-10 -2.3278181229182729e-10 -3.1856786914459763e-10 -4.2225509345349983e-10 -5.424657732523721e-10 -6.752329463595132e-10 -8.136360645529631e-10 -9.496429102947232e-10 -1.074587454992195e-9 -1.1798632667055433e-9 -1.2567257837303832e-9 -1.299745101781718e-9 -1.307041258709402e-9 -1.279824504886498e-9 -1.2204832933961787e-9 -1.1325130908962237e-9 -1.0204645074836684e-9 -8.903571909152758e-10 -7.49806685248135e-10 -6.07645588133974e-10 -4.706374165889909e-10 -3.4467312250038827e-10 -2.344493235489385e-10 -1.430140627731037e-10 -7.224837032432245e-11 -2.097424868115091e-11 1.5504524937048876e-11 4.234938373044252e-11 6.372937686179339e-11 8.224409744674063e-11 9.783084364182672e-11 1.0980686380964022e-10 1.1714456954284094e-10 1.1877080562712508e-10 1.1613589161578331e-10 1.1131296539595069e-10 1.065112911725441e-10 1.0354297436110673e-10 1.0149015141924033e-10 9.89038254546513e-11 9.544437180852529e-11 9.069696341483138e-11 8.448095354449207e-11 7.682835506246897e-11 6.851313494259516e-11 6.001490955860753e-11 5.164552856349476e-11 4.356826560888132e-11 3.592617211907232e-11 2.8779664246669417e-11 2.2127771732961637e-11 1.607939313725577e-11 1.0932711419658814e-11 6.96121142048876e-12 3.971145557581486e-12 1.8014633932012408e-12 2.652996281104321e-13 -8.222506350737481e-13 -1.5151224028905535e-12 -1.8708748616973227e-12 -1.949253674334175e-12 -1.8027828919237827e-12 -1.4897841179994403e-12 -1.0694763416700533e-12 -5.988055601779732e-13 -1.6614305167241754e-13 1.3430865884394956e-13 2.287309335080919e-13 1.924586694781913e-13 9.976885445125081e-14 1.9246199886688855e-14 2.0795030956530903e-15 4.351870694413739e-15 7.894896351841009e-16 -2.86465920783689e-16 -3.089452342492168e-16 1.774048031635991e-16 4.027412898893144e-17 -3.344784726186886e-17 -4.29952306678176e-17 5.134439668658239e-17 2.2718155831773133e-16 -3.912929359258001e-16 -4.599191642031054e-16 8.335343350327499e-16 2.8322980611675558e-15 -3.7141148919276895e-15 -2.4519702668952734e-14 -6.760202171988381e-14 -2.1277973098388056e-13 -4.940542892341153e-13 -8.903280206452034e-13 -1.45404421677005e-12 -1.2995424448671096e-12 1.1313203681076818e-13 2.7228458719828356e-12 5.421872598676778e-12 7.477788055467568e-12 8.465028027567692e-12 8.232999122405413e-12 6.9034630433945394e-12 4.777323893627419e-12 2.2929760323159068e-12 -2.9734202433869155e-13 -2.714260126398261e-12 -4.625549107729958e-12 -5.608811636058191e-12 -4.916151288099845e-12 -1.4222950300761395e-12 6.458551292580164e-12 2.098066218389632e-11 4.5009382926603994e-11 8.196404958085245e-11 1.3707451921372822e-10 2.1200840877223177e-10 3.0357514719047987e-10 4.021448970345209e-10 4.887904382799897e-10 5.423082624980243e-10 5.446248129504533e-10 4.764847229308328e-10 3.7048052529442295e-10 2.71327917223109e-10 1.879171116807372e-10 1.280808093839005e-10 9.993268061827175e-11 1.1620058012629634e-10 2.1929487724677904e-10 4.3817613886840265e-10 7.895446567100314e-10 1.2698241575763662e-9 1.89726998668611e-9 2.695502886677212e-9 3.6877419163091013e-9 4.8869502433015055e-9 6.2771700599343574e-9 7.81251906386625e-9 9.412999638152182e-9 1.0985744022210085e-8 1.2430539948970036e-8 1.3647816387729778e-8 1.4536641893175373e-8 1.5034309034354942e-8 1.511904057616035e-8 1.4804723867767401e-8 1.4118879864429336e-8 1.3101887748017764e-8 1.180644947182131e-8 1.0302209577762861e-8 8.677179208510532e-9 7.033358110688644e-9 5.4490306975506615e-9 3.9923550688055485e-9 2.7176624445838954e-9 1.660207173831208e-9 8.417067461220153e-10 2.485260887539247e-10 -1.736125342277907e-10 -4.843629231502691e-10 -7.319070921344427e-10 -9.462920512076515e-10 -1.1268151109089426e-9 -1.2655976948720482e-9 -1.3507698282133097e-9 -1.3699270398408803e-9 -1.3398370863748072e-9 -1.2844614490414521e-9 -1.2293300322473805e-9 -1.1953799674604924e-9 -1.171986083983887e-9 -1.1423894667979404e-9 -1.102670928929119e-9 -1.0480355339294166e-9 -9.7639022631263e-10 -8.880963359544809e-10 -7.921119862531017e-10 -6.939834093843973e-10 -5.973143965560848e-10 -5.039897609111184e-10 -4.156715375064575e-10 -3.330649854705429e-10 -2.5616178801304944e-10 -1.8622398762234633e-10 -1.267016985378043e-10 -8.075897471340311e-11 -4.615595162523019e-11 -2.1033053844567353e-11 -3.233092575980916e-12 9.37794363231668e-12 1.7421554565750534e-11 2.156279680234022e-11 2.24932344501273e-11 2.0821149948885076e-11 1.7221220518521165e-11 1.2377794092119237e-11 6.948158637221352e-12 1.9514637157636924e-12 -1.5260324642749017e-12 -2.632206280727297e-12 -2.2226045102496426e-12 -1.1539788540593713e-12 -2.2229802336159865e-13 -2.3847497527483643e-14 -5.0326783350483085e-14 -9.101533744696234e-15 3.3098650916825504e-15 3.5674312131967676e-15 -2.0487552148976428e-15 -4.654516733983506e-16 3.8644167032050784e-16 -3.883843407324034e-17 4.637653941838078e-17 2.0524562297061031e-16 -3.535283796251892e-16 -4.1541552590081986e-16 7.531857976233926e-16 2.5577322846498564e-15 -3.35481229742381e-15 -2.2137783781145122e-14 -6.101684763364475e-14 -1.920190833022237e-13 -4.4585541603860036e-13 -8.036404097273329e-13 -1.3133644596373643e-12 -1.1748642171039402e-12 9.992336186775515e-14 2.4561835212717954e-12 4.893825191307476e-12 6.751476242840382e-12 7.644795058970528e-12 7.437850597618827e-12 6.2406287208977976e-12 4.324609584773632e-12 2.0850363667141295e-12 -2.504270200219456e-13 -2.4297969095049e-12 -4.153560322294235e-12 -5.041267940362282e-12 -4.4183457689948126e-12 -1.269827163286638e-12 5.8344432030231934e-12 1.8927649138348952e-11 4.059466976221993e-11 7.392054848876696e-11 1.2362425970070425e-10 1.912096394482011e-10 2.7379569706870393e-10 3.6268897907563344e-10 4.408115472375749e-10 4.890331323295377e-10 4.910497861186368e-10 4.294911989256206e-10 3.3378119346870366e-10 2.442805366161558e-10 1.690054631933544e-10 1.1501342055411155e-10 8.961396685588814e-11 1.0428172550582044e-10 1.9727689305868296e-10 3.947292368705666e-10 7.117102324618852e-10 1.1450029151043672e-9 1.71107305804735e-9 2.4312298343489876e-9 3.3264287537884004e-9 4.4083734895456055e-9 5.662671749736105e-9 7.0479282010208095e-9 8.491958507857524e-9 9.91096947333214e-9 1.1214544594313416e-8 1.2312856227547137e-8 1.3114798349839128e-8 1.356377536098949e-8 1.3640146875800661e-8 1.3356465941361033e-8 1.2737584551236781e-8 1.1819943780605202e-8 1.065107683773704e-8 9.293813070857114e-9 7.827572022038786e-9 6.344412764810109e-9 4.914951826512149e-9 3.600677042081563e-9 2.450604350618498e-9 1.4965403954566712e-9 7.58087171620013e-10 2.229452206508528e-10 -1.5786365709115628e-10 -4.381689726486202e-10 -6.61448971598708e-10 -8.548166112566554e-10 -1.0176330771639164e-9 -1.1427863472303102e-9 -1.2195639717113132e-9 -1.2367728795735074e-9 -1.2095425230637732e-9 -1.1594947040603475e-9 -1.109667563243098e-9 -1.078955435370788e-9 -1.0577741652969655e-9 -1.0310036687901374e-9 -9.951061058083856e-10 -9.45754806051852e-10 -8.810621893272926e-10 -8.013561691899713e-10 -7.147174655921832e-10 -6.261501563129353e-10 -5.389062720059345e-10 -4.546870836128831e-10 -3.74990480829793e-10 -3.0045135975059066e-10 -2.310615914085992e-10 -1.6795925959196775e-10 -1.1425680286628337e-10 -7.28086600169479e-11 -4.159378497195595e-11 -1.8933777700578354e-11 -2.8815221646429734e-12 8.48929486378987e-12 1.573989306462192e-11 1.9470437060586248e-11 2.030474489217381e-11 1.8791444870009527e-11 1.5539209103090148e-11 1.1165586975724353e-11 6.263879737000726e-12 1.7542079042072485e-12 -1.3826896636050816e-12 -2.377661719610917e-12 -2.0059812939912048e-12 -1.0411201204316925e-12 -2.006247711082386e-13 -2.1559298504209887e-14 -4.5406802125776375e-14 -8.217872692807043e-15 2.9869216939056493e-15 3.2198227432624363e-15 -1.8490742944175196e-15 -4.200120105777118e-16 3.487407375826855e-16 2.2732249929344407e-16 -2.714468148032298e-16 -1.2012827687380375e-15 2.0691512810896858e-15 2.4314748333331183e-15 -4.408199146170555e-15 -1.497116339666213e-14 1.963601786791727e-14 1.2958357669759972e-13 3.571790204626308e-13 1.124067885590493e-12 2.6100050990090955e-12 4.704294388536025e-12 7.687255206193916e-12 6.875626537716964e-12 -5.869518097071701e-13 -1.4379270586701582e-11 -2.8647268279246422e-11 -3.951969145131622e-11 -4.4746904209734026e-11 -4.353320311575365e-11 -3.6522342389773826e-11 -2.530361046096981e-11 -1.2191085580610967e-11 1.482534764276047e-12 1.4242034552976033e-11 2.433380482641574e-11 2.953003902530739e-11 2.5881497552702017e-11 7.446151633653692e-12 -3.414888630342746e-11 -1.1080680743299134e-10 -2.3766016639588574e-10 -4.327692405624981e-10 -7.237591836475002e-10 -1.119434352584337e-9 -1.6029311934762332e-9 -2.123361706027148e-9 -2.5807503020231732e-9 -2.86310545117886e-9 -2.8749791111071443e-9 -2.5146806945780652e-9 -1.9544450092252e-9 -1.4305341889013092e-9 -9.898808606466772e-10 -6.738090884568086e-10 -5.251201128186108e-10 -6.109962105275039e-10 -1.1554215462109968e-9 -2.31136294040921e-9 -4.1670473251668746e-9 -6.7036332032649105e-9 -1.0017517985967653e-8 -1.4233450667794082e-8 -1.9474101763865765e-8 -2.5807978962231193e-8 -3.315082277916825e-8 -4.1260297947740545e-8 -4.971383436359403e-8 -5.802089922359282e-8 -6.565218304009516e-8 -7.208181406085209e-8 -7.677648383465478e-8 -7.940489113820464e-8 -7.985205119117862e-8 -7.819142964976223e-8 -7.45684935717011e-8 -6.91965652744653e-8 -6.235392592021365e-8 -5.440839322454181e-8 -4.582488846766766e-8 -3.7142309392183155e-8 -2.8774068352710497e-8 -2.108013001454674e-8 -1.4347443862408516e-8 -8.76221142321939e-9 -4.439178386188158e-9 -1.3063396128857697e-9 9.230237304944256e-10 2.5640299610404994e-9 3.8712005796429575e-9 5.003255405313775e-9 5.956459187437196e-9 6.689180569775229e-9 7.1387100940055856e-9 7.2395231801968635e-9 7.080188836930088e-9 6.787281421150046e-9 6.4956655773784904e-9 6.315947572341831e-9 6.192018344274831e-9 6.035362438513841e-9 5.825270518277869e-9 5.536414122488241e-9 5.1577423096893905e-9 4.6911729681767614e-9 4.184013253652505e-9 3.6655576705775318e-9 3.1548435405759695e-9 2.66182967068942e-9 2.1952864483578098e-9 1.7589319511112266e-9 1.3527191694469244e-9 9.83311136903845e-10 6.689288511355231e-10 4.2628285624440353e-10 2.435418158580303e-10 1.1088072028966147e-10 1.6901642410361377e-11 -4.967146211326186e-11 -9.21236075352002e-11 -1.1396812396735294e-10 -1.1885705460600682e-10 -1.100023176836527e-10 -9.096720672889793e-11 -6.536684359015633e-11 -3.6674244440834044e-11 -1.0275361613043927e-11 8.089049662593444e-12 1.3916580548826692e-11 1.1742674505154741e-11 6.0948990030450764e-12 1.174430127917915e-12 1.2617116735753423e-13 2.6581755412111693e-13 4.810289122834231e-14 -1.7485260503565002e-14 -1.8848218827451134e-14 1.0824170314313081e-14 2.4587487061226136e-15 -2.041503491613082e-15 -3.962573049379599e-17 4.726784035093614e-17 2.097610757188099e-16 -3.615267584501611e-16 -4.2335017007498817e-16 7.714617406242322e-16 2.6002483726987428e-15 -3.4200284303215953e-15 -2.2443131346522745e-14 -6.162945931274107e-14 -1.935219460801552e-13 -4.4941277240594553e-13 -8.12214634114574e-13 -1.3386961275876693e-12 -1.2108426170997026e-12 7.323949196515617e-14 2.4627850101689022e-12 4.944254730756069e-12 6.8459150296016566e-12 7.776629698710313e-12 7.599013322416439e-12 6.425232815726766e-12 4.528069466452919e-12 2.3010815476081077e-12 -2.5829121302599873e-14 -2.200334650950519e-12 -3.924386441957723e-12 -4.8238614353465524e-12 -4.223348077738241e-12 -1.1064504314471818e-12 5.9566044612550815e-12 1.900043945378074e-11 4.0618803957992627e-11 7.391238337212799e-11 1.2362934607568851e-10 1.912717145311034e-10 2.739141853489488e-10 3.627549200143346e-10 4.406149059818635e-10 4.882703074304498e-10 4.893679373816654e-10 4.2648168218264007e-10 3.294086971675018e-10 2.3892594607660147e-10 1.6302926975025474e-10 1.0869184181840231e-10 8.31226345731974e-11 9.774196223860277e-11 1.9095452071199716e-10 3.890293893421748e-10 7.071637409301833e-10 1.1422467562005387e-9 1.7107665289932578e-9 2.434111418337983e-9 3.333425088559379e-9 4.4205699768639615e-9 5.681149108303521e-9 7.073573326127402e-9 8.525194649984e-9 9.951735718805336e-9 1.1262302314142612e-8 1.2366722620548713e-8 1.3172894852496819e-8 1.3623698701755451e-8 1.369949279396003e-8 1.3413189968784184e-8 1.2790042058457057e-8 1.1866796151556924e-8 1.0691019901835346e-8 9.325780597176205e-9 7.851062991144585e-9 6.359789975412618e-9 4.922754065927757e-9 3.601669232774523e-9 2.4457547439445627e-9 1.4869652005985675e-9 7.450997428107191e-10 2.0782916149146204e-10 -1.7416099135089297e-10 -4.550717084909314e-10 -6.786872895455564e-10 -8.723025138758243e-10 -1.0352142714357787e-9 -1.1602276819701763e-9 -1.2365386814327307e-9 -1.2528806496090762e-9 -1.2244724153090546e-9 -1.1730824012018074e-9 -1.1219184102137575e-9 -1.0900228339787891e-9 -1.067791301385258e-9 -1.0400319975620442e-9 -1.0031661829816984e-9 -9.528387637735415e-10 -8.871633124642528e-10 -8.064935748656844e-10 -7.189308699406017e-10 -6.295055965527694e-10 -5.414934313413126e-10 -4.5661347725515e-10 -3.763502593534639e-10 -3.0132400716332546e-10 -2.3151863782485267e-10 -1.6807073183013288e-10 -1.1410377342061731e-10 -7.248312522267364e-11 -4.117543626706351e-11 -1.8485865757083796e-11 -2.446976330583069e-12 8.889136058646816e-12 1.609262589695176e-11 1.976831531635045e-11 2.054147573813589e-11 1.8961172989382206e-11 1.5638594831659482e-11 1.119577565487835e-11 6.23248389143127e-12 1.6812075805133424e-12 -1.4637463182482116e-12 -2.425076732073338e-12 -2.0246341590757255e-12 -1.0458952982728143e-12 -2.0239834458542223e-13 -2.2216171316252293e-14 -4.563993408230713e-14 -8.337428159829278e-15 3.0102509659938395e-15 3.2508634313435503e-15 -1.866250183341429e-15 -4.229688816315376e-16 3.5151719510782215e-16 -4.966066753861156e-16 5.930463376737757e-16 2.6239762818806885e-15 -4.519463359509365e-15 -5.312237761202698e-15 9.627274815918785e-15 3.271466659414991e-14 -4.28992590496648e-14 -2.832227744765638e-13 -7.808810797095141e-13 -2.4578881715821243e-12 -5.7069724809915875e-12 -1.0284247073356658e-11 -1.6794728624007735e-11 -1.5008930093574595e-11 1.3094191209391817e-12 3.145373081415676e-11 6.26287998175766e-11 8.637462287408626e-11 9.77757111445874e-11 9.509254723325884e-11 7.973152424050064e-11 5.516856740721928e-11 2.646816210563377e-11 -3.456033851868291e-12 -3.137676168741178e-11 -5.345596674484723e-11 -6.48135222611918e-11 -5.6809794425509765e-11 -1.6445746471731037e-11 7.459776911686217e-11 2.423620194626152e-10 5.199466781499068e-10 9.46850497223982e-10 1.583486112758637e-9 2.4491180338350377e-9 3.506892903497112e-9 4.645576868334303e-9 5.646531988335507e-9 6.264823912574412e-9 6.291671340680117e-9 5.504641310059163e-9 4.280207802873021e-9 3.1348877400943437e-9 2.1713830730941884e-9 1.4801854513216252e-9 1.1550338017511313e-9 1.3429657194837575e-9 2.5338922918358603e-9 5.062353003574106e-9 9.12125797503006e-9 1.4669284522880951e-8 2.1917316349013482e-8 3.1138212990514305e-8 4.2600183728910854e-8 5.645296453219628e-8 7.251221110289568e-8 9.024790863354128e-8 1.0873596698519782e-7 1.269036221194961e-7 1.435932657173872e-7 1.5765468464088758e-7 1.6792201117028398e-7 1.7367089744094425e-7 1.7464977237946098e-7 1.7101902857760474e-7 1.630965509681995e-7 1.513487718333478e-7 1.363845015858959e-7 1.1900825262486234e-7 1.0023667792800032e-7 8.12479990389499e-8 6.294654167454536e-8 4.61196475937574e-8 3.139493247058489e-8 1.917964109502383e-8 9.724635655597182e-9 2.872406410446837e-9 -2.0040321611317773e-9 -5.59376672722768e-9 -8.453367852385956e-9 -1.0929921937796682e-8 -1.3015317500926134e-8 -1.4618548946668338e-8 -1.5602502842292462e-8 -1.582388957073374e-8 -1.5476401940836547e-8 -1.4836829353214053e-8 -1.4200077487301776e-8 -1.3807998290248497e-8 -1.3537851581745481e-8 -1.3196044942591221e-8 -1.2737307641453828e-8 -1.2106251196615238e-8 -1.1278696546614603e-8 -1.025881542632158e-8 -9.150090204037942e-9 -8.016588554815239e-9 -6.899939320584543e-9 -5.821914237058941e-9 -4.801714405508654e-9 -3.847488373677709e-9 -2.959140837862657e-9 -2.1512510691905364e-9 -1.4636737742355796e-9 -9.3295910022486e-10 -5.332332883780061e-10 -2.430160586254703e-10 -3.7389455740797813e-11 1.0829661989267283e-10 2.0122091350560178e-10 2.490657338256809e-10 2.59819899606561e-10 2.405102505339263e-10 1.9893042586079624e-10 1.4298559893213437e-10 8.02681632566565e-11 2.2550197813957755e-11 -1.7621096740737934e-11 -3.0402745992132034e-11 -2.567372344612583e-11 -1.3330285177812372e-11 -2.5678151529766158e-12 -2.754251084037972e-13 -5.813526623649662e-13 -1.0512982340581328e-13 3.823339277925233e-14 4.120807249956978e-14 -2.3665619020743014e-14 -5.376620743933648e-15 4.463914728657664e-15 -5.926022794544887e-16 7.081143927991418e-16 3.1280695865174308e-15 -5.3857539043518045e-15 -6.34339296505903e-15 1.1461703708058549e-14 3.912091239726907e-14 -5.121674227217682e-14 -3.392334053284517e-13 -9.373211955518786e-13 -2.9540539457616887e-12 -6.858451720121949e-12 -1.2340260939040479e-11 -2.0052586115947872e-11 -1.7803069420544365e-11 1.8152564414646066e-12 3.791373860041245e-11 7.516387062602684e-11 1.0344362261272595e-10 1.1687864507523815e-10 1.1338170988296455e-10 9.463143855297482e-11 6.481262660682343e-11 3.005414465514204e-11 -6.146277688856934e-12 -3.989566207340312e-11 -6.654774662452054e-11 -8.015544833577025e-11 -7.029616254469427e-11 -2.1289693022766203e-11 8.898270144887558e-11 2.9194611953683246e-10 6.2748137444447e-10 1.1431348418085307e-9 1.9115815969908007e-9 2.9560941566292065e-9 4.232571724456496e-9 5.6076828545705115e-9 6.818370143600419e-9 7.569764414163918e-9 7.610251950564918e-9 6.671796064013467e-9 5.20560663523131e-9 3.8315801514721046e-9 2.6738789830318207e-9 1.8424857242770106e-9 1.4514467085910136e-9 1.6787458266082367e-9 3.1145500776152053e-9 6.161501805387462e-9 1.1051382678248464e-8 1.7733370350884887e-8 2.6461854405285686e-8 3.756554311718608e-8 5.136657110373541e-8 6.804430637497852e-8 8.737624431705849e-8 1.0872424143719726e-7 1.3097678897600734e-7 1.528430736536615e-7 1.729297980179797e-7 1.8985141714679198e-7 2.0220921740372221e-7 2.091333602712046e-7 2.1032015328376109e-7 2.0596006728464847e-7 1.9643334602948692e-7 1.823003872693264e-7 1.6429586013359314e-7 1.4338890073494743e-7 1.2080186908612994e-7 9.794954945313616e-8 7.592212296077329e-8 5.566810335562747e-8 3.794337883306426e-8 2.323828542762968e-8 1.1853937648693447e-8 3.6004471208974313e-9 -2.2761437530852752e-9 -6.604452272537594e-9 -1.0053694168820337e-8 -1.3041282698665574e-8 -1.5557991009463902e-8 -1.7494682833905035e-8 -1.868663607094969e-8 -1.8961513610664147e-8 -1.855236189620821e-8 -1.779204078890094e-8 -1.703507806268678e-8 -1.6572143472344724e-8 -1.625523932093611e-8 -1.5851285947460405e-8 -1.5305991445428847e-8 -1.4552739117561573e-8 -1.3562328836481305e-8 -1.2339569173776758e-8 -1.100920610895731e-8 -9.64835243308959e-9 -8.307055557464746e-9 -7.0114419459900246e-9 -5.784809192366038e-9 -4.637123307852667e-9 -3.5683389660719416e-9 -2.5960698711178884e-9 -1.7683327316045798e-9 -1.1291559658834113e-9 -6.474120315778857e-10 -2.973137776029486e-10 -4.8958161765449593e-11 1.2722326923189212e-10 2.3981825788715863e-10 2.9806011563972256e-10 3.1158039596461235e-10 2.888582838179982e-10 2.39280385658683e-10 1.7235062064570965e-10 9.717786067605237e-11 2.7864859387258212e-11 -2.0560393431248046e-11 -3.6286817734064125e-11 -3.0830649264243743e-11 -1.6051043159220587e-11 -3.084404488663281e-12 -3.267244762514886e-13 -6.997833277526336e-13 -1.2586438037111258e-13 4.5951435378657175e-14 4.947478281781667e-14 -2.841888238104761e-14 -6.464846110788746e-15 5.364576796831798e-15 3.264562734676154e-15 -3.899786990726618e-15 -1.7240209649973528e-14 2.9688381377651064e-14 3.493375201885185e-14 -6.32097347223368e-14 -2.1529807496255667e-13 2.8208150293812186e-13 1.8655136686739827e-12 5.149318587527823e-12 1.6218877554705178e-11 3.765699166400708e-11 6.78043627155649e-11 1.104373602809656e-10 9.835246893666818e-11 -9.344395023557051e-12 -2.078757031032014e-10 -4.1295449203351073e-10 -5.68889244744874e-10 -6.433415934727635e-10 -6.248430087708999e-10 -5.226397749333654e-10 -3.5968943209392916e-10 -1.6953355509783993e-10 2.8613512160758167e-11 2.134145889774522e-10 3.5944609292761965e-10 4.3426701636305017e-10 3.8075366321676067e-10 1.1296301010895554e-10 -4.902834340835496e-10 -1.6011941018440031e-9 -3.43847331653847e-9 -6.262977221283998e-9 -1.0473545846654678e-8 -1.6197647008507874e-8 -2.319265655767982e-8 -3.0725616973961016e-8 -3.735297651230252e-8 -4.145705808982799e-8 -4.165817719463538e-8 -3.648652100943349e-8 -2.8422649362216292e-8 -2.087231132859091e-8 -1.4515327224547594e-8 -9.952388782961906e-9 -7.806084803227858e-9 -9.050355441183107e-9 -1.6921937895692886e-8 -3.363001969859773e-8 -6.04473498009858e-8 -9.709787403872826e-8 -1.4497587704552645e-7 -2.0588411288470649e-7 -2.8159177807247395e-7 -3.730851992100664e-7 -4.791451832455553e-7 -5.962710140879877e-7 -7.183623551501367e-7 -8.383360126951974e-7 -9.485474363011802e-7 -0.0000010413975630246887 -0.0000011092004902458053 -0.000001147178601839023 -0.0000011536679606901426 -0.0000011297202473535215 -0.0000010774278051591776 -9.99867916630966e-7 -9.010665626502144e-7 -7.863389411899818e-7 -6.623950251503985e-7 -5.370057985785334e-7 -4.161482555711934e-7 -3.0502433482541255e-7 -2.0778007897643665e-7 -1.2710534197395106e-7 -6.465435381065749e-8 -1.9386057864222734e-8 1.2838009059399633e-8 3.656616113130093e-8 5.547188669151394e-8 7.184626427183827e-8 8.563729084978737e-8 9.624514891773962e-8 1.0276527280177162e-7 1.042517821046906e-7 1.0198353575201756e-7 9.778755369100247e-8 9.361009224860752e-8 9.104704700009399e-8 8.92870929280864e-8 8.705158561243725e-8 8.404214043053239e-8 7.989312841581296e-8 7.444459061711639e-8 6.772345607823096e-8 6.041366347980784e-8 5.2938302055442016e-8 4.5572111534745053e-8 3.8458639350660815e-8 3.172523023179385e-8 2.54261568477462e-8 1.9560991919696568e-8 1.4226205891996864e-8 9.68512788005532e-9 6.179232687189768e-9 3.5376975846233725e-9 1.6188660963678863e-9 2.584435029427472e-10 -7.060604503069014e-10 -1.3218989671413737e-9 -1.6397657874659416e-9 -1.7124642950206277e-9 -1.5864611780062586e-9 -1.31324168443312e-9 -9.449782347808758e-10 -5.317235313420957e-10 -1.5102454462138004e-10 1.1447545974947242e-10 1.9988069910863126e-10 1.693384665207952e-10 8.804965461818888e-11 1.6939121055762916e-11 1.8049097631090609e-12 3.839307426453374e-12 6.922975866678859e-13 -2.5229046821122895e-13 -2.717684212890199e-13 1.5609213826443592e-13 3.54870456965811e-14 -2.945469664152835e-14 -3.666581029023616e-16 4.3882884531532573e-16 1.9303253451037253e-15 -3.320371766055185e-15 -3.931760076518047e-15 7.04828096937463e-15 2.4339823110339575e-14 -3.1731563831190756e-14 -2.1193650238315162e-13 -5.888158525278278e-13 -1.861861406701749e-12 -4.32194950866162e-12 -7.74589605228443e-12 -1.2425539009859527e-11 -1.0841586661033581e-11 1.5317767775493154e-12 2.4070888240579025e-11 4.7195431848155103e-11 6.460023811471065e-11 7.263718712925839e-11 6.999631325476497e-11 5.7716474991642764e-11 3.8446522254647677e-11 1.6116898729805933e-11 -7.07496750153992e-12 -2.8652989765307085e-11 -4.5635422763545114e-11 -5.41425720772083e-11 -4.754371702182344e-11 -1.5865556883634677e-11 5.499452261488782e-11 1.8504495370533791e-10 3.99578341901234e-10 7.286772136689335e-10 1.2182491392110255e-9 1.8831516801835238e-9 2.69590134002552e-9 3.573047735781538e-9 4.348353786995744e-9 4.835201580270315e-9 4.873919413362946e-9 4.294460708937901e-9 3.379163096479456e-9 2.517270308880533e-9 1.788191920938536e-9 1.2631935936134778e-9 1.0163615420356305e-9 1.1618865808182213e-9 2.073897653157558e-9 4.007068840733671e-9 7.107357784544705e-9 1.1340854650542847e-8 1.6869387693996763e-8 2.3901348966057185e-8 3.263939403557142e-8 4.319559526152624e-8 5.542820471807521e-8 6.893324145574579e-8 8.300883515659585e-8 9.683911320260954e-8 1.0954278622368414e-7 1.202416180301919e-7 1.280581619715371e-7 1.3244542690352634e-7 1.3320988804039805e-7 1.3046790324706386e-7 1.244561865408676e-7 1.1552758268346499e-7 1.0414983772845653e-7 9.093726321889481e-8 7.666094843031077e-8 6.221041561840053e-8 4.82780177812131e-8 3.546510939262398e-8 2.4250594931190928e-8 1.4944901771382715e-8 7.737168026738447e-9 2.5067896499975334e-9 -1.2220267823267316e-9 -3.972156960942223e-9 -6.165806341466041e-9 -8.066447330715631e-9 -9.669106477819878e-9 -1.0905390907314002e-8 -1.167160252938075e-8 -1.1858934635917265e-8 -1.1614666509382074e-8 -1.1148888482824353e-8 -1.0685176544820486e-8 -1.040671104708734e-8 -1.0219450466271416e-8 -9.975851360073707e-9 -9.641891301018972e-9 -9.175512051375957e-9 -8.558084166517309e-9 -7.79230459795111e-9 -6.9573917255983934e-9 -6.102121867042655e-9 -5.258058157711879e-9 -4.441599598763216e-9 -3.6677828720118187e-9 -2.9431655844095617e-9 -2.26782931491068e-9 -1.6530211261471575e-9 -1.1291895424374013e-9 -7.24242846001291e-10 -4.1851376663058506e-10 -1.957976738817197e-10 -3.732168906575542e-11 7.545546170248471e-11 1.4788071338746745e-10 1.857730235267948e-10 1.952506064906698e-10 1.8171173095142685e-10 1.511036780388501e-10 1.0942062272004898e-10 6.237687614049831e-11 1.878594256654742e-11 -1.196556064141336e-11 -2.2464490425808277e-11 -1.9391700455338667e-11 -1.0165319872805727e-11 -1.941305013863661e-12 -1.9897928030533868e-13 -4.4278003983866015e-13 -7.853475739190199e-14 2.8959431209210846e-14 3.1096671517307183e-14 -1.7871545366168075e-14 -4.078980478503518e-15 3.380184382452841e-15 -8.307278937601052e-15 9.925418631229594e-15 4.385853669988074e-14 -7.551859292452821e-14 -8.891239040187915e-14 1.6074508041861026e-13 5.481863686388835e-13 -7.178949801828155e-13 -4.7521819683766945e-12 -1.3125437660633553e-11 -4.135567626922742e-11 -9.601637368545582e-11 -1.7280904988310204e-10 -2.810731792090679e-10 -2.4984951623248834e-10 2.478999294671442e-11 5.305077943568115e-10 1.0525758151522167e-9 1.4491656198442458e-9 1.6379484051581422e-9 1.5896946605210694e-9 1.3279367749209696e-9 9.112432904251772e-10 4.253071381287228e-10 -8.089127058286123e-11 -5.528860631000606e-10 -9.25715631474103e-10 -1.1163344100350704e-9 -9.789254301226851e-10 -2.941125124397424e-10 1.247503798249585e-9 4.085545856147287e-9 8.778089679279867e-9 1.599059662043339e-8 2.674034804355982e-8 4.135285308116469e-8 5.921020000713322e-8 7.844480913144675e-8 9.5374612671857e-8 1.0587271488992652e-7 1.064182991063238e-7 9.326066761394272e-8 7.271997534636926e-8 5.347703354232662e-8 3.7268279598879e-8 2.5630372446400053e-8 2.0156441478331708e-8 2.333503101502589e-8 4.342486586233393e-8 8.606141198756675e-8 1.544897933689324e-7 2.480016093471038e-7 3.701558549435711e-7 5.255524357570722e-7 7.187018394304294e-7 9.521168205916331e-7 0.0000012226847752492806 0.000001521474590278473 0.0000018329273063793837 0.00000213897535532269 0.000002420117754684966 0.0000026569650413859356 0.0000028299286838544366 0.0000029268289752720406 0.0000029434176055465606 0.0000028823670252355635 0.0000027490053798369765 0.0000025511788148774006 0.0000022991650629841884 0.000002006526352730332 0.0000016903746029060435 0.0000013705202653882835 0.0000010622172945439318 7.787390783391295e-7 5.306639542223651e-7 3.2485436421877665e-7 1.655269313422474e-7 5.002471882564887e-8 -3.220667074618661e-8 -9.276683992627439e-8 -1.4102410363495804e-7 -1.8282159959378412e-7 -2.180287864312269e-7 -2.4511713701514347e-7 -2.6178036818655346e-7 -2.656060892508083e-7 -2.598562707654731e-7 -2.4919041805569687e-7 -2.3857166135605945e-7 -2.3206936294097854e-7 -2.2761280025220428e-7 -2.2193991346545344e-7 -2.1429028938086208e-7 -2.0373141696875448e-7 -1.8985486913226634e-7 -1.7272851727865833e-7 -1.5409782841110952e-7 -1.3504209581235216e-7 -1.1626195200587731e-7 -9.812327962978647e-8 -8.095167353438426e-8 -6.488621293660712e-8 -4.99260901162808e-8 -3.631766067084291e-8 -2.4732853473425782e-8 -1.5787804628589634e-8 -9.046814019980372e-9 -4.148788035471123e-9 -6.749679829582163e-10 1.7887555907633925e-9 3.3627184404970307e-9 4.176187930641571e-9 4.363927819419888e-9 4.044557873369616e-9 3.349438908632233e-9 2.4116182532226285e-9 1.3586630205509146e-9 3.8813405693486557e-10 -2.8943935224012937e-10 -5.086533415793542e-10 -4.3167701613710895e-10 -2.2462672118847826e-10 -4.3184402200523704e-11 -4.585362792144624e-12 -9.79393943247766e-12 -1.7633771475575456e-12 6.433174521583955e-13 6.927780862534646e-13 -3.979245616881714e-13 -9.049942750162866e-14 7.51046131156791e-14 -3.912885249510412e-15 4.652744822216671e-15 2.082052622750036e-14 -3.59512568118802e-14 -4.1656559009499467e-14 7.708692746617938e-14 2.5394924837607857e-13 -3.3689852495510754e-13 -2.1726043278653423e-12 -5.895704122006103e-12 -1.838420277360647e-11 -4.271662669399519e-11 -7.786665939721951e-11 -1.3179956547091232e-10 -1.2325788214063156e-10 -1.4966012625965663e-12 2.3003605905560514e-10 4.733432914388986e-10 6.630307892357577e-10 7.607861931781506e-10 7.534385139560161e-10 6.520439420300525e-10 4.822586526718844e-10 2.8000069518447535e-10 6.7242936879216e-11 -1.3255129227620434e-10 -2.9224524804619514e-10 -3.791607720243656e-10 -3.305148957483998e-10 -5.1774277370412014e-11 5.89304612343516e-10 1.781525264691818e-9 3.767750237940496e-9 6.83986595408816e-9 1.1446476712526499e-8 1.7726064688620928e-8 2.5394089605530802e-8 3.360215642190895e-8 4.0728569119396406e-8 4.4964655720127876e-8 4.4781249402448844e-8 3.8547819872295864e-8 2.9138729041003015e-8 2.0458060340837197e-8 1.3239578826391802e-8 8.102516141395431e-9 5.682890021426437e-9 7.020992068704063e-9 1.5717210019324572e-8 3.42467425259429e-8 6.405545122898549e-8 1.0488795232173786e-7 1.5827766057702634e-7 2.2622922795135348e-7 3.1075826489926694e-7 4.130119956095255e-7 5.316561377425747e-7 6.627805832742571e-7 7.995164379479073e-7 9.339117060278783e-7 0.000001057403732639625 0.0000011615380223388323 0.0000012374796471529644 0.000001279778190318789 0.000001286615241369499 0.0000012592980086464961 0.0000012002880381980513 0.000001113081868739142 0.0000010020937090677805 8.732356347746085e-7 7.340871956778464e-7 5.935181692266569e-7 4.581368631933991e-7 3.337266493025576e-7 2.249071009370475e-7 1.346822484365491e-7 6.494608954333616e-8 1.4548037949006361e-8 -2.1181362404148247e-8 -4.737479270250813e-8 -6.818035814602146e-8 -8.618117915691419e-8 -1.012922691699064e-7 -1.1282186282441556e-7 -1.1974134547227978e-7 -1.2098486719358463e-7 -1.1798909105843535e-7 -1.1281476548395574e-7 -1.0766303054390224e-7 -1.0434271366236928e-7 -1.0195841257159046e-7 -9.90814957009401e-8 -9.536803910016323e-8 -9.040605349744463e-8 -8.40212272323422e-8 -7.625426389281194e-8 -6.786155702068183e-8 -5.931694793296271e-8 -5.093099421218176e-8 -4.2868350017252085e-8 -3.526230506782041e-8 -2.816572596784332e-8 -2.1574641907654104e-8 -1.559380578191304e-8 -1.0515808497947194e-8 -6.609306916447165e-9 -3.6822318191688086e-9 -1.5725791913134574e-9 -9.191115459143807e-11 9.467894953225387e-10 1.599066015195189e-9 1.9223500398429476e-9 1.9749774994383677e-9 1.8079172449933436e-9 1.4785321188159207e-9 1.0457974809083086e-9 5.672394397877614e-10 1.3300728939098622e-10 -1.6065102449855903e-10 -2.392495496143683e-10 -1.932643558474526e-10 -9.833328252417738e-11 -1.9291880789205528e-11 -2.26008128908463e-12 -4.298071347325704e-12 -8.088712100397347e-13 2.8591541666313306e-13 3.105819639151655e-13 -1.7809947275046003e-13 -4.0075957770782195e-14 3.3404368522695144e-14 3.830066205098585e-14 -4.570620356360852e-14 -2.026088667142585e-13 3.4911436365312896e-13 4.0938082279842244e-13 -7.444853145632595e-13 -2.5169636607495173e-12 3.3068646460667034e-12 2.1747740450961525e-11 5.980715479363226e-11 1.8797121043737212e-10 4.3650599834432893e-10 7.880512470646965e-10 1.294430875172001e-9 1.1656673010078877e-9 -8.179226177745538e-11 -2.3968845642969507e-9 -4.797393202942934e-9 -6.632924523088997e-9 -7.52507196593691e-9 -7.340544410540705e-9 -6.187755670385143e-9 -4.331966137739687e-9 -2.1573056821105328e-9 1.1312653195050051e-10 2.2336340074771295e-9 3.913260060211964e-9 4.784999578477068e-9 4.191141621525353e-9 1.1419860410150787e-9 -5.7556427587633605e-9 -1.8483515203336512e-8 -3.9565221560748224e-8 -7.201558454582234e-8 -1.2044925781976132e-7 -1.8633034495422796e-7 -2.668261225780306e-7 -3.5340359851448416e-7 -4.293648615605836e-7 -4.760167797596907e-7 -4.774457698199561e-7 -4.1669546385947006e-7 -3.226514881582582e-7 -2.3488017030126368e-7 -1.6117929674265475e-7 -1.0837506735574887e-7 -8.352986710276899e-8 -9.779130192617908e-8 -1.885214426761475e-7 -3.8126019188058855e-7 -6.907649199243561e-7 -0.0000011139619361050537 -0.0000016669072320582581 -0.000002370408694362788 -0.000003244992420667977 -0.000004302153091552331 -0.000005527865498538714 -0.000006881685804071078 -0.000008293015917819983 -0.00000967993471284133 -0.000010954071337328565 -0.000012027705981265854 -0.000012811494691328154 -0.000013249991579861551 -0.000013324061319009315 -0.000013046144961293125 -0.000012440688239005094 -0.000011543373042704499 -0.000010400530679054135 -0.000009073513573404989 -0.000007640028082809347 -0.000006190268788663325 -0.000004793140167206389 -0.0000035086817112676995 -0.0000023847681801302023 -0.0000014524747135810006 -7.310142057628265e-7 -2.0838606378474023e-7 1.6332458230991462e-7 4.367794582792696e-7 6.545171099436498e-7 8.430592611181045e-7 0.0000010017462099613315 0.0000011236004212215506 0.0000011981313161851524 0.0000012143905131035368 0.0000011871709407896654 0.0000011376243892823453 0.0000010882959963473067 0.0000010576810118979886 0.0000010364298105074721 0.0000010097691159636327 9.742284315500817e-7 9.255757210356852e-7 8.619724590560626e-7 7.83752963870132e-7 6.988023645438159e-7 6.120114169762168e-7 5.265622608678461e-7 4.4412274472967657e-7 3.6614448357657663e-7 2.932374926197012e-7 2.2538915247187298e-7 1.6370741810717273e-7 1.1123120234754861e-7 7.074797610432846e-8 4.028140391740543e-8 1.8186619689125386e-8 2.554707237994974e-9 -8.503696839037838e-9 -1.554055623945489e-8 -1.914330738330275e-8 -1.9920584014676887e-8 -1.840718156172414e-8 -1.5197601640174664e-8 -1.089613350423012e-8 -6.0845861379286894e-9 -1.6665938966233256e-9 1.3944346755843057e-9 2.3443676553012975e-9 1.965495243591799e-9 1.0172601640242285e-9 1.9652165141772594e-10 2.138690828442069e-11 4.4378263926999934e-11 8.076167350020659e-12 -2.9237739801011264e-12 -3.1551858249443964e-12 1.8115789269240645e-12 4.109506624145458e-13 -3.4140207300160836e-13 1.337356629162943e-14 -1.5945056712215168e-14 -7.084910957861888e-14 1.2214342320797268e-13 1.428100270448422e-13 -2.6087717740154976e-13 -8.759551232868281e-13 1.153344286519802e-12 7.554597922250501e-12 2.0718338540838793e-11 6.497166413385747e-11 1.5085198825112116e-10 2.7292075630750736e-10 4.5161089177023883e-10 4.103922517313234e-10 -2.0850152004575835e-11 -8.257507576411456e-10 -1.6629783304430454e-9 -2.3060563114413474e-9 -2.6229827177887693e-9 -2.5675705809001025e-9 -2.1777532736516833e-9 -1.5450657016045228e-9 -8.009616952175895e-10 -2.2815792172793867e-11 7.047767301452402e-10 1.282187839878072e-9 1.585095229329945e-9 1.3871407832144664e-9 3.47693812619428e-10 -2.012003536532509e-9 -6.373505230254379e-9 -1.3606754891047421e-8 -2.4752501410381242e-8 -4.140511979780531e-8 -6.406746387183281e-8 -9.175351589584182e-8 -1.2149975480396204e-7 -1.475390331843646e-7 -1.6342051995824265e-7 -1.6366077480991853e-7 -1.4241614843839906e-7 -1.0971555296099614e-7 -7.927139119586252e-8 -5.3760665353463093e-8 -3.550984016976666e-8 -2.6921826348042273e-8 -3.181537341018628e-8 -6.306783298375374e-8 -1.2949372925018648e-7 -2.3619994303787872e-7 -3.821646136169645e-7 -5.729108730102269e-7 -8.156114794413191e-7 -0.000001117375355379959 -0.0000014822001172679113 -0.0000019052641186709361 -0.0000023726105042582895 -0.000002859840850920964 -0.000003338661684831389 -0.0000037785661657678677 -0.000004149310071400037 -0.000004419907406402472 -0.000004571152412001865 -0.000004596463907160517 -0.00000450021261310557 -0.000004290913055112183 -0.000003980917826518903 -0.0000035861627304404925 -0.0000031278045346869014 -0.0000026327135361387217 -0.0000021321364410810698 -0.0000016498039502207823 -0.0000012064140283849859 -8.184775189012635e-7 -4.967172689884073e-7 -2.4779204897443574e-7 -6.756845642842732e-8 6.051712707693693e-8 1.5467089711629637e-7 2.296008072433366e-7 2.944743219975692e-7 3.490463416877143e-7 3.908958863063509e-7 4.1639228330373766e-7 4.217527293309724e-7 4.120853263545468e-7 3.9469948551084646e-7 3.773899333564734e-7 3.6655340938335667e-7 3.589707774957442e-7 3.4954447403187445e-7 3.37069306735824e-7 3.2008285616122094e-7 2.979540686402106e-7 2.708059081647359e-7 2.413539099699738e-7 2.1128656043211335e-7 1.817045011309775e-7 1.5318628604987477e-7 1.2622714912396088e-7 1.0103281265404871e-7 7.759703752952358e-8 5.630024887374737e-8 3.8189876460034215e-8 2.4226899988657038e-8 1.3728909326236732e-8 6.12611810082364e-9 7.56824565697679e-10 -3.0344072154634893e-9 -5.439918055031615e-9 -6.662975084073888e-9 -6.913169329736259e-9 -6.374385696132485e-9 -5.2516251294448175e-9 -3.753832826095482e-9 -2.0828164608818035e-9 -5.527626257349833e-10 5.013290564594417e-10 8.180106566110755e-10 6.798226300554357e-10 3.504587324862313e-10 6.794920096865657e-11 7.536021730091994e-12 1.5306226580481652e-11 2.8094634984786578e-12 -1.011250840021e-12 -1.0928947901986032e-12 6.273048913688831e-13 1.4201778540351593e-13 -1.1808026483060552e-13 -1.6261709290149852e-13 1.9390266666280192e-13 8.613755147437224e-13 -1.4849360370422083e-12 -1.7366229408018823e-12 3.1707885609870394e-12 1.065580351476865e-11 -1.4029057209725112e-11 -9.188890742156098e-11 -2.520057190542047e-10 -7.905798410098867e-10 -1.8358989015774224e-9 -3.321189912805131e-9 -5.491789134239649e-9 -4.987408254732923e-9 2.5820023160655855e-10 1.0044596407998177e-8 2.022175645630403e-8 2.8036811367461902e-8 3.188558274791451e-8 3.120620340379933e-8 2.645923666016715e-8 1.8758075273821885e-8 9.703258693759715e-9 2.3515333349953214e-10 -8.617464616271848e-9 -1.5642372801798385e-8 -1.932514778591324e-8 -1.691243007841822e-8 -4.260669878340125e-9 2.445498607735683e-8 7.752647990527543e-8 1.6553550917975053e-7 3.0113982940273253e-7 5.037302307692312e-7 7.794241563655761e-7 0.0000011162350275695861 0.0000014781338179102765 0.0000017949736979073997 0.000001988288020807578 0.0000019913728093988526 0.000001733142703494089 0.000001335560471482251 9.653916204639468e-7 6.551915844970756e-7 4.332556593603077e-7 3.28814253098481e-7 3.8832280219522513e-7 7.684597734982321e-7 0.0000015764581807804744 0.000002874427314189002 0.0000046498726983317 0.0000069700006043678624 0.000009922071413711583 0.00001359252456707491 0.000018029943458612815 0.000023175663678432294 0.000028859933715736008 0.00003478603787735604 0.000040609855881973974 0.00004596032388158809 0.00005046953136879874 0.000053760700932154454 0.000055600294559780535 0.000055908271327030194 0.00005473777289354473 0.00005219229841881894 0.000048422047023708364 0.000043620884097783195 0.00003804614182442627 0.000032024585126249973 0.00002593615310057699 0.00002006954243691006 0.000014676538404863756 0.000009957985044373131 0.000006044305332305915 0.000003016469836835582 8.241982906007757e-7 -7.339513216041742e-7 -0.0000018793886461107255 -0.0000027909800871301084 -0.0000035802155476894656 -0.000004244130435912919 -0.000004753284892369816 -0.00000506352138301048 -0.000005128826051891792 -0.00000501133776680134 -0.000004799967354359028 -0.000004589525362769424 -0.000004457818063836512 -0.000004365683262301649 -0.000004251115143255012 -0.000004099466793048217 -0.000003892950935864256 -0.000003623885309361178 -0.000003293753729223019 -0.000002935593811259413 -0.000002569941899849929 -0.000002210181509138858 -0.0000018633452835789196 -0.0000015354613251901135 -0.000001229034724965726 -9.43988900972898e-7 -6.849524713298621e-7 -4.646679284225008e-7 -2.9482592761333237e-7 -1.671241610637096e-7 -7.463266058269477e-8 -9.304598480845275e-9 3.682956536943924e-8 6.610697867379357e-8 8.099923330095312e-8 8.405609436246299e-8 7.751513014850555e-8 6.387024748029183e-8 4.566266883341672e-8 2.5346059268319295e-8 6.73914524860032e-9 -6.085873850127796e-9 -9.949634752475771e-9 -8.274276792602314e-9 -4.266821756766595e-9 -8.270296031135822e-10 -9.152828275129966e-11 -1.8626688431806514e-10 -3.415339870180916e-11 1.229983222228308e-11 1.329181049695418e-11 -7.629517914641023e-12 -1.7276510443972155e-12 1.4363176613197097e-12 4.409814978317068e-14 -5.191267532516175e-14 -2.3844624327831445e-13 4.1406779138994765e-13 4.643589546496429e-13 -9.015893772347361e-13 -2.7596607541270137e-12 3.760018574308746e-12 2.2986771684473975e-11 5.999829102653898e-11 1.820741392296563e-10 4.2321306493684655e-10 7.950194893288064e-10 1.4716472872782903e-9 1.5169300716006013e-9 3.151507028609622e-10 -2.149518159538723e-9 -4.840832952088888e-9 -7.050792830367822e-9 -8.356061278449806e-9 -8.621792206445058e-9 -7.973327737371247e-9 -6.656719415538771e-9 -4.975059583219069e-9 -3.1528194312998804e-9 -1.4060790797468434e-9 3.68442198501709e-11 9.542900357872231e-10 7.700195780350633e-10 -1.3851007719118313e-9 -6.698807774372681e-9 -1.688911436251029e-8 -3.424713201641713e-8 -6.158399719322287e-8 -1.0327731692650502e-7 -1.6055631972631904e-7 -2.3035121374081698e-7 -3.0377483741764987e-7 -3.650632315490804e-7 -3.96852825771278e-7 -3.8479984125382593e-7 -3.1357262717356867e-7 -2.132843752830285e-7 -1.238237487301898e-7 -5.160554179147615e-8 -1.3008457708990143e-9 2.24563359137478e-8 1.0877227062468888e-8 -7.007115060192863e-8 -2.442488886837101e-7 -5.261137629199984e-7 -9.146411994714801e-7 -0.0000014238828746479941 -0.000002072792297655799 -0.0000028816990523703353 -0.000003862785841868091 -0.000005003977329706944 -0.0000062677989667765185 -0.000007587007574813705 -0.000008884398399332293 -0.000010077359040255848 -0.000011085795434093035 -0.000011818734812395724 -0.000012221045894343746 -0.000012276275805131547 -0.000012000228670851833 -0.000011419656685585321 -0.000010569601430240098 -0.00000949026203456679 -0.000008237674115718366 -0.000006886648181798011 -0.000005527036955358145 -0.000004220384129050943 -0.000003021373468006786 -0.0000019739449609661896 -0.0000011068693481601463 -4.394650527990198e-7 3.898204925303197e-8 3.7440219147106877e-7 6.173183929727841e-7 8.086268182143449e-7 9.736936427985997e-7 0.0000011110144966659111 0.00000121341553786777 0.0000012705901483177411 0.0000012721044521990806 0.0000012319076396976984 0.0000011702224514987966 0.000001108799272538518 0.0000010656068087746791 0.0000010323454897243747 9.95324220161203e-7 9.509644941544213e-7 8.952306122802157e-7 8.265720446921643e-7 7.456615276124234e-7 6.595454747482089e-7 5.727963909844543e-7 4.884869571290208e-7 4.083087566508349e-7 3.3331115355231007e-7 2.6380543423734444e-7 1.9966944904371275e-7 1.418305715393308e-7 9.30496199041059e-8 5.587040728633413e-8 2.8425801025061037e-8 9.070450230283978e-9 -4.124493426737695e-9 -1.309090134215989e-8 -1.8432995137909476e-8 -2.0722284166583435e-8 -2.0500991823419343e-8 -1.8232774671554243e-8 -1.4462799564128127e-8 -9.773626784236621e-9 -4.7578350002453565e-9 -3.708719765788244e-10 2.3640702042387234e-9 2.6831690261905537e-9 1.9417008781127848e-9 9.337004625725863e-10 1.9284184362959745e-10 2.7881250247085327e-11 4.123130112780366e-11 8.65610903892457e-12 -2.8402253623886384e-12 -3.1498047233899237e-12 1.7989631788311985e-12 3.94150556197952e-13 -3.3219972035366953e-13 3.963230292059508e-13 -4.73716376595059e-13 -2.091012157586245e-12 3.5996130201157666e-12 4.243388295197105e-12 -7.654864473526977e-12 -2.619795583239304e-11 3.428477479413595e-11 2.2714757589599562e-10 6.277922884730197e-10 1.9806936032503996e-9 4.60051787692544e-9 8.274289292129942e-9 1.3414130770402979e-8 1.188067735358632e-8 -1.2629487368804075e-9 -2.5409939142355975e-8 -5.030662261980384e-8 -6.91874968971427e-8 -7.812878551003293e-8 -7.573211464964017e-8 -6.311591104973403e-8 -4.308410990315897e-8 -1.975542850473927e-8 4.532154921561258e-9 2.7170905686114533e-8 4.504333347565191e-8 5.414554845752184e-8 4.7492266001993014e-8 1.457336601629322e-8 -5.9445129203556e-8 -1.9563567142828724e-7 -4.2072235468663756e-7 -7.665529480720389e-7 -0.0000012818018719912092 -0.000001982074293298215 -0.0000028378847417263625 -0.000003760053331239977 -0.000004572351558918715 -0.000005077201131412165 -0.000005105958974526842 -0.000004478979442382184 -0.000003498275912895351 -0.0000025788826739720535 -0.0000018039922500890192 -0.0000012473591472584628 -9.855048929667025e-7 -0.0000011377936688742499 -0.0000020999492136069306 -0.000004141847076514757 -0.0000074186979154653 -0.00001189596755851789 -0.00001774429755653355 -0.000025184033098568823 -0.000034430766456919526 -0.0000456043519102606 -0.00005855556347866973 -0.00007285690863673985 -0.00008776407192646437 -0.00010241241018948364 -0.00011586845738429433 -0.00012720360092138386 -0.0001354818005290892 -0.00014012085921615057 -0.00014091729106993257 -0.00013799837791217954 -0.00013161828538871105 -0.00012215208323873984 -0.00011009233022728968 -0.0000960883575728054 -0.00008095860055696616 -0.00006564990202957184 -0.00005089310981920393 -0.00003732394852587903 -0.000025448986429462602 -0.000015596733489044792 -0.00000796872779937108 -0.0000024376986385428887 0.000001501268176124938 0.000004403029197813332 0.0000067156967155186094 0.000008718795693825351 0.000010406288110430798 0.000011705131464725662 0.000012505012004700793 0.000012690463813025274 0.000012417660304738951 0.000011909611321012392 0.000011403812554252611 0.00001109497574748662 0.000010883884044397681 0.000010614359660248138 0.000010250118762379537 0.000009746537534097284 0.00000908400488739351 0.00000826565332889455 0.0000073751214311583454 0.0000064640649513665816 0.000005565985628543344 0.000004698353836742303 0.000003876819924631733 0.0000031080904843085205 0.0000023921362943582836 0.000001740771675697641 0.0000011861840754856153 7.578861051863625e-7 4.350124280912131e-7 2.0029478364790017e-7 3.3716038084108606e-8 -8.450924000523349e-8 -1.6011606180011424e-7 -1.9928448931197777e-7 -2.084713641014843e-7 -1.9336481134546076e-7 -1.6025661501677394e-7 -1.1551179415048437e-7 -6.52247050064878e-8 -1.8821322911860267e-8 1.3651148203850503e-8 2.4286777743457632e-8 2.0683160392455718e-8 1.0779282108914994e-8 2.0693012150588068e-9 2.1769813897584188e-10 4.694064628579618e-10 8.415691536172956e-11 -3.0778945416340166e-11 -3.3128413115341924e-11 1.9031151973520418e-11 4.332252916524173e-12 -3.5939037951485793e-12 3.130326192200278e-13 -3.7755057773519596e-13 -1.6267767185508385e-12 2.7848714908005024e-12 3.387066292356037e-12 -5.845636971708628e-12 -2.1306116453793555e-11 2.716615786440666e-11 1.9000055591297887e-10 5.431460223307553e-10 1.7385948315810028e-9 4.0238139425664815e-9 7.075488936408747e-9 1.0686758185086426e-8 8.497102847000036e-9 -3.14387522423234e-9 -2.3387716699114263e-8 -4.3582965427211284e-8 -5.811710235573166e-8 -6.378676923248234e-8 -5.9391331065144346e-8 -4.5837122360191226e-8 -2.5661752116583367e-8 -2.8284534391929055e-9 2.061455575851398e-8 4.223365424737883e-8 5.8990966617486454e-8 6.668645228124713e-8 5.881131199753434e-8 2.559155328864158e-8 -4.6924709678970204e-8 -1.7840890210460768e-7 -3.933210207267e-7 -7.204587464296483e-7 -0.0000012034289609375187 -0.0000018570357550101788 -0.000002656790832292951 -0.000003526708203387031 -0.000004308739120956107 -0.000004824259198858156 -0.000004918537136335261 -0.00000442699679801715 -0.000003605442538703845 -0.000002812762825433236 -0.0000021290471077098676 -0.0000016303906340294666 -0.0000013966183466874915 -0.0000015441690669409481 -0.000002432990252778595 -0.00000430574333960835 -0.000007298948902820887 -0.000011373658827428798 -0.00001668803270739966 -0.000023442892020460217 -0.00003182733602786944 -0.000041942969990806365 -0.00005365014851770602 -0.00006656123039317813 -0.00008001022386410815 -0.00009322024344738415 -0.00010534971964051749 -0.00011555238372626404 -0.00012302146702615428 -0.000127247888614087 -0.0001280399040006498 -0.00012548982231275042 -0.00011980757244615374 -0.00011132378832864029 -0.00010049859558457454 -0.00008792489043297515 -0.00007433099634583403 -0.00006054443743620774 -0.000047238076865735637 -0.00003499196048088588 -0.00002426665190241893 -0.000015359960350081498 -0.000008446864627954059 -0.000003409984662171876 2.005507663275606e-7 0.0000028792117818374053 0.000005024879181663695 0.000006887006580337411 0.000008464459837388274 0.00000969473534942283 0.000010481030104384343 0.00001072044667136474 0.000010552830625823637 0.000010176575183821569 0.000009802006359055745 0.00000960085949517743 0.000009481492845285758 0.00000930253795373405 0.000009032679956362786 0.00000863210853232587 0.000008082456254908247 0.000007384991334037096 0.000006616632826980574 0.000005823995039081495 0.000005036885398459091 0.000004270487391026005 0.000003540455136710928 0.000002854169011096475 0.0000022122431359834176 0.0000016258791134118176 0.0000011244544304485978 7.348466917576062e-7 4.384275585395745e-7 2.202084782003905e-7 6.288359471828107e-8 -5.056626050916571e-8 -1.2490967559756698e-7 -1.65624525866347e-7 -1.786639375556625e-7 -1.6932309699400856e-7 -1.433174678434391e-7 -1.0629636316211784e-7 -6.352049036619034e-8 -2.297872807171238e-8 6.858060549205314e-9 1.9162889431215936e-8 1.786217211293492e-8 9.659218934470311e-9 1.7941983147553066e-9 1.574722434756482e-10 4.2110087724672123e-10 7.043415764238081e-11 -2.716547615432015e-11 -2.880571277536769e-11 1.6592819800303278e-11 3.840889196973208e-12 -3.1647701833554545e-12 -2.3731398092504614e-12 2.8481443119873436e-12 1.243589942611733e-11 -2.1354578541018303e-11 -2.5531793568031398e-11 4.515980445878536e-11 1.5893400110245308e-10 -2.0548288406900721e-10 -1.396946114062667e-9 -3.924647092001463e-9 -1.2463421308345239e-8 -2.888988534890927e-8 -5.1395206844500925e-8 -8.06377454966183e-8 -6.806845820386691e-8 1.5047841902581575e-8 1.6380551810879826e-7 3.1483999190590174e-7 4.2666452181276297e-7 4.753931283017332e-7 4.523182510269311e-7 3.642348242239898e-7 2.2906690901023069e-7 7.393969985407886e-8 -8.642215061540032e-8 -2.350833112839201e-7 -3.5135809548168473e-7 -4.0766399886076037e-7 -3.58686486033612e-7 -1.3631794443235635e-7 3.560982927831058e-7 0.0000012553501069509327 0.0000027332398872292045 0.000004993300269096006 0.000008345168474396611 0.000012890989313161412 0.000018449888806845962 0.000024468078704166164 0.000029824069804215676 0.00003325554659609195 0.00003367714180656031 0.000029933552367612112 0.000023893938608978517 0.000018152811123188582 0.000013259123831051419 0.000009717512065318003 0.000008054512130942881 0.00000906280368197548 0.00001527739821694378 0.00002841746595897918 0.000049461416767785206 0.00007816281152351026 0.00011562505854164139 0.00016326134839359148 0.00022242928266933288 0.0002938717275032168 0.00037661887885820556 0.0004679350036244576 0.0005630877318374373 0.0006565690830127124 0.0007424231445994951 0.000814693824360872 0.0008675374692609576 0.0008972937393809144 0.0009026347593109208 0.0008842936771244627 0.0008438257193802219 0.0007835985779222749 0.0007068110404267727 0.0006176327307930316 0.0005212534394257555 0.0004236249775277704 0.0003294586367515547 0.00024283435029933927 0.00016699750066835153 0.00010404998222503974 0.00005525443575229137 0.00001978958361829103 -0.00000554788069593844 -0.000024278683463551522 -0.000039244598825767536 -0.00005222047789168604 -0.00006318265432558215 -0.00007167676636002295 -0.00007700826834533046 -0.0000784447515225311 -0.00007697911412026083 -0.00007402472583840512 -0.00007108347169771509 -0.00006938419415247822 -0.00006828624967598188 -0.00006679121670069975 -0.00006467224163168488 -0.00006164608037499455 -0.00005758533133027565 -0.00005250475672379557 -0.00004694318229117084 -0.00004123037862121956 -0.00003557879264169423 -0.000030097993024822676 -0.000024893198007261643 -0.00002001185395552349 -0.00001545605886948821 -0.00001130310836170366 -0.000007759587400365026 -0.000005014709111176955 -0.000002936038130541694 -0.0000014154358154762767 -3.277671359869996e-7 4.503749732970622e-7 9.542161038423482e-7 0.0000012228750558417244 0.0000012980056629922948 0.0000012164698835450454 0.0000010185544666911097 7.445612900887998e-7 4.325711700149293e-7 1.409909216216095e-7 -6.80930670995034e-8 -1.4528506264248763e-7 -1.290589197868557e-7 -6.846962655538762e-8 -1.2937194473982564e-8 -1.2548833335865239e-9 -2.985370025698574e-9 -5.181588732125743e-10 1.9432476387223256e-10 2.07649129597271e-10 -1.194410658737744e-10 -2.7406020761661932e-11 2.2662197919767825e-11 6.403765310813283e-13 -7.855537274366484e-13 -3.2305814446350206e-12 5.467537858772177e-12 7.077036343137529e-12 -1.1228395734134837e-11 -4.5771278722475304e-11 5.527295290493759e-11 4.3365369250710616e-10 1.3185971497098516e-9 4.283323470094779e-9 9.806456488948404e-9 1.6601380061120928e-8 2.223097918927516e-8 1.3681135265556074e-8 -1.5692795997077738e-8 -6.265426912829661e-8 -1.0688512810388488e-7 -1.3551578617702086e-7 -1.4137907880023467e-7 -1.2161026460142523e-7 -7.826949091828887e-8 -1.7990135373042903e-8 4.81383516494904e-8 1.1492393703502673e-7 1.7567625376673836e-7 2.2162987562220396e-7 2.3978153839341415e-7 2.1236147811891638e-7 1.1279159517427935e-7 -9.733345968278459e-8 -4.7161740008872954e-7 -0.000001075105294736095 -0.0000019831868217176007 -0.0000033084093210227058 -0.000005092105622466388 -0.0000072781948731892055 -0.000009684656544866063 -0.000011903865115084704 -0.00001346985561515035 -0.000013970409211484476 -0.000012968023328628272 -0.00001106369860049216 -0.00000913139381483154 -0.000007400915478477269 -0.000006109592196943664 -0.000005508727788502362 -0.0000059360726757756856 -0.000008333607535670875 -0.000013326811014366566 -0.00002125775327114139 -0.00003200270160045163 -0.00004598661229115952 -0.00006373814724036105 -0.00008573156052012939 -0.00011221058392505752 -0.00014279379437767939 -0.00017646282084790222 -0.00021149959115214734 -0.0002458919033364871 -0.00027745175791299653 -0.0003039478171006732 -0.00032341750127241333 -0.0003345920008614177 -0.0003369378268499062 -0.00033060640289230274 -0.0003160745794779923 -0.00029417841452803633 -0.0002661748830320648 -0.00023363657931143144 -0.00019842774592566365 -0.00016261122608587786 -0.00012798572608826737 -0.00009608320253245989 -0.00006811429501842922 -0.000044860290724897905 -0.000026751885442074325 -0.000013473778773851509 -0.000003874336244403764 0.0000033139493480032158 0.000009111701142108612 0.00001415946766579957 0.00001846948548099854 0.000021891866489213325 0.000024185252958081297 0.000025087380343449368 0.000024956865666742543 0.000024298036702134025 0.000023642125343698764 0.000023419975597523073 0.000023385374151116326 0.000023168845597874906 0.00002269291527020864 0.0000218557132257491 0.000020607629581163496 0.000018947318894386893 0.000017079825476570684 0.000015126697123606746 0.00001316437877835615 0.000011230678617639175 0.0000093719596183787 0.000007612444882733457 0.000005956443993573394 0.000004435124603170733 0.00000312599911232639 0.000002099765867914214 0.0000013090198990549527 7.170833601535993e-7 2.817467619107151e-7 -3.829149865366587e-8 -2.541287488076974e-7 -3.797406566023048e-7 -4.310786992118243e-7 -4.224585963396257e-7 -3.688554209466827e-7 -2.846280437971654e-7 -1.8264197922010223e-7 -8.199663830387446e-8 -2.6801793855891997e-9 3.868262026920404e-8 4.246135738317231e-8 2.4283852833784525e-8 4.295237122963044e-9 2.705392696100291e-10 1.072925405618077e-9 1.6366767087783783e-10 -6.829293686760992e-11 -7.076339780007229e-11 4.091908898631975e-11 9.685826616197132e-12 -7.910411480069696e-12 5.416397002766026e-12 -6.494012045480318e-12 -2.8438033145840362e-11 4.887401437381215e-11 5.812337139280019e-11 -1.0305009858096661e-10 -3.632228808357114e-10 4.740037623775464e-10 3.137533238965951e-9 8.676386018414437e-9 2.7714761414168277e-8 6.472826896571502e-8 1.1606205693908713e-7 1.8377222792715852e-7 1.5909602073690107e-7 -2.2846164579320582e-8 -3.5208787043432893e-7 -6.888751789157532e-7 -9.418099129251047e-7 -0.0000010582678274352485 -0.0000010188392604882914 -8.380414283075927e-7 -5.546586456918297e-7 -2.2746389205369062e-7 1.1208802381029606e-7 4.281462978810223e-7 6.771283202802802e-7 8.011035591456326e-7 7.033894597636629e-7 2.382858398541667e-7 -8.010674685165929e-7 -0.0000027082336268870247 -0.000005852969334269435 -0.000010674139123791883 -0.000017842135970716446 -0.000027573946398052267 -0.00003946974171001457 -0.00005231668193159767 -0.00006367998579872714 -0.000070825190554451 -0.00007141300462630633 -0.00006295201861989485 -0.000049589789547572235 -0.000037035379899598176 -0.000026432890404727994 -0.000018800547503367997 -0.000015200869870112932 -0.000017292428862247323 -0.0000305978396811854 -0.00005886854613487096 -0.00010424122349297384 -0.00016616475249003876 -0.00024702801454612835 -0.00034989454026542805 -0.0004777115778966544 -0.0006320892941041384 -0.000810945258316511 -0.0010083817522455259 -0.0012141674613285103 -0.0014163765532605825 -0.0016021074065976776 -0.0017584786004840277 -0.0018726856181509992 -0.001936759049231039 -0.0019478942225657613 -0.0019078241886097932 -0.0018199861473174627 -0.0016895081839460259 -0.0015232374876566587 -0.0013301452254162718 -0.001121467679152133 -0.0009101496557747349 -0.000706353375754307 -0.000518899370071478 -0.0003548092715652906 -0.00021862121757009647 -0.00011309521930786485 -0.00003646692229371691 0.000018212220987222348 0.00005856811480337533 0.00009075913559972481 0.00011862967483809276 0.00014211539688961268 0.00016021529565516925 0.00017140887798485911 0.00017409765921294634 0.0001704483653693743 0.0001635476570449658 0.00015667855911659357 0.0001525326118834116 0.0001497305576729889 0.00014611083626455516 0.00014118575022786144 0.00013433923750869476 0.0001252928363399133 0.00011407644292366528 0.00010185488142501974 0.00008934074036836336 0.00007699263162502528 0.00006504694526178868 0.00005372512645509785 0.000043123201566940514 0.00003324007977015761 0.000024240676368541607 0.000016572461361033778 0.000010645567972585812 0.000006169464703469353 0.00000290613496175555 5.808560258432855e-7 -0.0000010766840754127961 -0.000002143074997140235 -0.0000027028201943084347 -0.0000028456765508519224 -0.0000026513099690649344 -0.0000022071531161541354 -0.0000016008979723745074 -9.156495014530778e-7 -2.784747740558871e-7 1.7462933082816717e-7 3.352211932990392e-7 2.917686077224419e-7 1.5353041157732364e-7 2.919596718770198e-8 2.853573410491105e-9 6.590762951179506e-9 1.1412950993489829e-9 -4.249721250445392e-10 -4.561745440541833e-10 2.6231111464186916e-10 6.014253539310775e-11 -4.974214528706761e-11 5.339790094013841e-12 -6.169503948180707e-12 -2.9698606764449886e-11 5.2053256867701357e-11 5.532757249679891e-11 -1.1765578568061212e-10 -3.065909934378453e-10 4.3210169839627067e-10 2.5381087846463272e-9 6.381001733577135e-9 1.760516644331811e-8 3.962130564624423e-8 7.848414188427603e-8 1.7542468580124155e-7 2.0624562985477897e-7 8.321069333945887e-8 -2.0626289798872356e-7 -5.408568001705616e-7 -8.332646442032962e-7 -0.00000102920562666157 -0.0000011145674733992657 -0.0000011074343577372937 -0.0000010323634561582167 -9.085479019896537e-7 -7.63122110172858e-7 -6.175194096477646e-7 -4.894386267143475e-7 -3.8185219379976375e-7 -3.493059922425168e-7 -4.733805629490429e-7 -8.578893457585347e-7 -0.000001656758053638334 -0.0000030942327592035267 -0.000005458271845780958 -0.000009204413374364072 -0.000014440674588316289 -0.000020794885418811648 -0.00002722389177274721 -0.00003212152213212917 -0.00003375862804353514 -0.0000307621166493859 -0.000021658369826608805 -0.00000983327326669731 3.555105342179898e-7 0.000008309060643708386 0.00001368809683529036 0.00001620030230536726 0.000015122085025711873 0.000007290539570267404 -0.000009620077881486278 -0.000037153168434129886 -0.00007562934440881697 -0.00012627600651150415 -0.00019089789953430827 -0.00027175887176894884 -0.0003703763665685795 -0.0004856893835694882 -0.0006139033307460983 -0.0007479245969493323 -0.0008798220559787422 -0.0010012606371151507 -0.0011044872475318673 -0.0011792322386505961 -0.0012193808219018397 -0.0012233583810133434 -0.0011931900545022935 -0.001132169353098355 -0.0010441752568568416 -0.0009328676983027946 -0.0008038078282842574 -0.000664999177550287 -0.0005264795266928511 -0.0003940007399132593 -0.00027283740346404007 -0.0001672819253646094 -0.0000802233055431056 -0.000013814359767102147 0.00003296575376876004 0.0000649541005172205 0.00008751187202797523 0.00010498669957731761 0.00012005463920898865 0.00013242151934410055 0.0001412796979984757 0.00014553383408148491 0.00014412513188943388 0.00013843974429042727 0.00013053734605751764 0.00012266410065244932 0.00011668556333957473 0.0001118293296060335 0.00010673480680179968 0.00010096263905077126 0.00009409672304760111 0.00008602180623840829 0.00007688468546905495 0.00006733728067092308 0.00005784604602833894 0.00004874537153834755 0.00004023548691468421 0.00003237848833926378 0.00002517265037067805 0.000018599428205908997 0.00001273765157675217 0.000007849740929344795 0.000004179037672503667 0.0000015436473878448465 -2.334582165528226e-7 -0.0000013656535238005223 -0.0000020728441119600618 -0.000002433048929359824 -0.0000025091305222681357 -0.000002351731599954584 -0.0000020008078913971796 -0.0000015087474727281287 -9.367837287824557e-7 -3.528052251260937e-7 1.2593237231384552e-7 3.7568076638412834e-7 3.115837771733134e-7 1.820962748762709e-7 7.578441404025129e-8 1.795125661225384e-8 4.023632489611941e-9 3.75362754217446e-9 1.043414128433568e-9 -2.966974142946141e-10 -3.4012347161109866e-10 1.9261366102730054e-10 3.9567221906146586e-11 -3.429385032464269e-11 -3.659153988527802e-11 4.3245051507777096e-11 1.965471470248107e-10 -3.4043893284976067e-10 -3.8793019422003244e-10 7.42337160079232e-10 2.3033367697047692e-9 -3.0704963833518757e-9 -1.9918589455102864e-8 -5.411987121843663e-8 -1.638893853977647e-7 -3.7540808144039956e-7 -6.887443032733124e-7 -0.0000012267207369233094 -0.0000011933480224370095 -7.785437787041269e-8 0.000002109068868612099 0.000004440483602410944 0.000006286698283505626 0.000007273669433575681 0.00000728180635222631 0.0000064260953273962774 0.000004942437457752865 0.0000031361613126361632 0.0000012219106647985749 -5.807289143173024e-7 -0.000002027384996298807 -0.000002850909706084304 -0.0000024734648437628897 -2.8572788387592416e-8 0.00000567897696885639 0.0000163589088348619 0.000034244862925898014 0.00006204508249038496 0.00010392359656411845 0.00016114223760026962 0.00023098294718179287 0.00030537457968402124 0.0003693754575824851 0.00040637973708859676 0.0004024086633602931 0.00034255131202426577 0.0002535427452573685 0.00017161925416546282 0.00010366406605772506 0.000055473819726908404 0.000032919731894952055 0.000045521850733723803 0.00012567179242673385 0.0002958408253152711 0.0005694438218518306 0.0009451633532679105 0.0014367038231715757 0.002062275267455086 0.0028408810079621647 0.0037837237059635087 0.004878771020461618 0.00608983574742092 0.007352867451145101 0.008594289012453698 0.009735243634301335 0.010698494708296827 0.011401003067609473 0.011791552059242654 0.011853213755581024 0.011598235640700796 0.011050257957092162 0.010242251288870843 0.009214410179495376 0.008021291217866235 0.00673374277981835 0.005435347074408103 0.004186167342809806 0.003039014049963763 0.0020361605939914723 0.0012053190277559755 0.000564256937581735 0.00010243608731836702 -0.00022354909980643834 -0.00046155861918419257 -0.0006502742863478276 -0.0008137466892161993 -0.0009509435210870077 -0.0010553940795706312 -0.001117584609043414 -0.001127747640740831 -0.0010989841448971153 -0.0010501857095863959 -0.0010015850086948059 -0.000969803971523431 -0.0009466972740956646 -0.0009191480904851512 -0.0008837953470895092 -0.0008368379449252397 -0.0007767752527189681 -0.000704168804384721 -0.0006258652798071044 -0.0005462489708776166 -0.00046824247617379224 -0.0003934329932704627 -0.00032298402795650084 -0.0002573435850627034 -0.00019649042879162329 -0.00014136948925996506 -0.00009463956718896126 -0.00005874379753095811 -0.0000319467186698979 -0.000012751328449182925 6.006481007767464e-7 0.000009871737872125435 0.000015610001272597195 0.000018357158122966876 0.00001864383975215933 0.000016925181883349722 0.000013722781356900473 0.000009583216870564577 0.000005051138474599224 0.000001000416299505874 -0.0000016446470265087075 -0.0000021881838353407647 -0.0000016858476682588183 -8.375311554911599e-7 -1.6824169109761665e-7 -2.281124247414147e-8 -3.8035081549563366e-8 -7.730495505143865e-9 2.6348266807225578e-9 2.8770417135719894e-9 -1.6464023605124034e-9 -3.646088337080041e-10 3.059896291500696e-10 -1.3037966699501478e-12 1.5536637700267044e-12 7.234524991353622e-12 -1.2977354357221832e-11 -1.0126489189749412e-11 6.553330510050007e-12 1.6223866642019616e-10 -3.531215865789029e-10 6.80227097373379e-10 6.823735885506064e-9 1.2116273147527915e-8 6.684716204717094e-9 -1.711141455566215e-8 -3.950410661632351e-8 -1.3459956613289636e-7 -3.40759854712154e-7 -6.353569714850598e-7 -8.748073241380168e-7 -9.523145117436166e-7 -8.021183516638487e-7 -4.1572666744080416e-7 1.6654979580865168e-7 8.837064982485817e-7 0.0000016661501728637738 0.000002439407951170055 0.0000031149003960997498 0.0000035850312079683867 0.0000037210899229382697 0.00000332034052674557 0.0000020945014260351827 -3.4903981829652266e-7 -0.0000045397314655831754 -0.000011132648786510946 -0.000020894172103585967 -0.00003489566713852691 -0.000053617199606763835 -0.00007665821253979158 -0.00010242782267448024 -0.00012736829824286114 -0.00014730980108417524 -0.00015829930842038177 -0.00015617335388411443 -0.0001439232760765627 -0.0001273170200655087 -0.00010986657483828673 -0.00009595806035144726 -0.00009009696944841114 -0.00009693229106600603 -0.0001232117964065225 -0.00017345206833908864 -0.0002503926851703245 -0.00035464688111345153 -0.000489608002977768 -0.0006597097834130212 -0.0008696106191547518 -0.0011222662499429195 -0.0014140019178522565 -0.001734550308153354 -0.00206678668341857 -0.0023918622182273566 -0.0026899015344086373 -0.002940807026109623 -0.003128857312950895 -0.0032424361139522344 -0.0032744504149880395 -0.0032224325259393896 -0.0030899561560158344 -0.0028855668522725533 -0.002622447276067786 -0.002316739774993224 -0.0019868038135253097 -0.0016521961310779815 -0.0013295201898975786 -0.001032638640369886 -0.0007724622120082698 -0.0005565671894314186 -0.0003885547171467126 -0.0002652155737293647 -0.0001758732903915184 -0.00010828221236265343 -0.00005266382582490224 -0.0000028761219603478946 0.00004126009679390822 0.00007873663392851627 0.0001077632620678216 0.00012635370335376805 0.00013715889532425228 0.0001439479149964775 0.00015066170563875176 0.00016033263593711765 0.00017060569416297485 0.00017813877719380199 0.00018188941635859156 0.00018099459539886153 0.00017520026851326108 0.00016477836937842886 0.00015151462199232998 0.00013658752698781905 0.00012081187719428529 0.00010464363699583288 0.00008860974392217814 0.0000730741211525512 0.00005825368489298616 0.000044478938706524014 0.000032411696388845974 0.000022649304756247784 0.000014904633655427642 0.000008944905961168746 0.000004462427384430308 0.0000011179577689052978 -0.000001225377636224694 -0.0000027166396340001973 -0.0000035061242291310134 -0.0000037118648323414685 -0.0000034571939673982867 -0.000002865673791910167 -0.0000020547467419531353 -0.0000012351386745122285 -5.916230599436576e-7 -2.464339930449233e-7 -7.260651894734942e-8 -8.86339185866273e-9 -5.46831552125599e-9 1.045802244354398e-9 4.377068993625615e-9 1.2930937821392409e-9 -5.085960153179558e-10 -4.830938515899458e-10 2.78048204014769e-10 6.066431586805691e-11 -5.1458192564220606e-11 1.6951549993571192e-10 -1.989296320320319e-10 -9.227019454074117e-10 1.6074643922550536e-9 1.7604625181728505e-9 -3.4127112522874194e-9 -1.086122890367676e-8 1.5582630970701656e-8 7.968312574892249e-8 1.7991943918773195e-7 5.802333481352154e-7 0.0000014537456600074829 0.0000029121681412628637 0.000005613545720426895 0.000006445779254466381 0.000003265544988651909 -0.000004178590199696087 -0.000012861305625285323 -0.000020726088087623734 -0.00002653502960106248 -0.000029848151036949467 -0.000030936116049088406 -0.000030355327537157366 -0.0000287498545145505 -0.000026555511350027143 -0.000024077633649027945 -0.000021537509631783562 -0.000018939778836642205 -0.000017251218531381956 -0.000018017659224084328 -0.00002331452798013006 -0.000036367415583536875 -0.00006183764325900917 -0.00010571120886601478 -0.00017803714047738326 -0.00028059950874112234 -0.0004041768574910949 -0.0005244405940915686 -0.0006039361480163981 -0.0006029511004591645 -0.0004916737068597645 -0.00023765167800514586 0.00006531898708584917 0.0003032763084584375 0.00047231123956517206 0.0005795965601017624 0.0006334272656870061 0.0006281271099314178 0.0004795171583796194 0.0001270030617985316 -0.0004668587561016957 -0.0012980851351432183 -0.002397677387575386 -0.003809070724923726 -0.005581323277541609 -0.007744383990556466 -0.010275376312153925 -0.013094333013280005 -0.01604998472187917 -0.01896594132505065 -0.021652673889647592 -0.02393223605215494 -0.02555706591051891 -0.02638902788661402 -0.026407813878905954 -0.025685324904100897 -0.024301465130318757 -0.02233778166108023 -0.019865109022065373 -0.016997139118002484 -0.013906429486745447 -0.010816275539569771 -0.007856284087115906 -0.005146718692844734 -0.0027854943457082406 -0.0008351493615438259 0.000653180795459058 0.001700283926416356 0.002414606949097313 0.0029135344388353484 0.003292535666266578 0.0036100950075712273 0.0038589914539142877 0.004018471842359188 0.004060913438327689 0.0039595119168523586 0.003749928137516975 0.0034845302065650645 0.003220416620412835 0.0030059491717207222 0.002824439718543096 0.0026448817039391266 0.0024594267340222295 0.0022582336860910504 0.002037387079426383 0.0017983230770292243 0.0015563982959488918 0.0013217241105421716 0.001101080689629498 0.0008981914235233444 0.0007138113934993205 0.0005469596380098297 0.00039599500587484326 0.00026234465573926803 0.00015229497356147737 0.00007173706862439316 0.00001552200918373497 -0.000021045594028951994 -0.000043320619108275685 -0.00005654520677977519 -0.00006223689735980551 -0.00006167765996275487 -0.00005599152489415145 -0.00004616250524668492 -0.00003346414237408239 -0.000019337045473266406 -0.000005328340292701454 0.000006125441274763051 0.000012263250119978285 0.000011023763661087704 0.000007179185243334183 0.0000032551562162737803 7.057534814979394e-7 1.0136349622032611e-7 1.2141624410374522e-7 2.5065956569866327e-8 -7.507194665214933e-9 -8.811013362464787e-9 5.011700314435658e-9 1.0839854729910323e-9 -9.174426012873313e-10 1.955166630080256e-10 -2.3391033664166454e-10 -1.046126438119188e-9 1.8250814167550002e-9 1.905662002113255e-9 -2.8145113605370953e-9 -1.6823911151226864e-8 2.8991847635711376e-8 4.1851503876438054e-8 -1.292288964713858e-7 6.597406529798085e-8 0.000001236264295372979 0.0000036624253330514413 0.000006065322919302976 0.00001067527798011143 0.000018329302712935597 0.00002764891731726865 0.00003387537098967348 0.000033724424568011544 0.000025430721979451334 0.000009107120847661389 -0.000013744244702128661 -0.00004117572031467406 -0.00007121077974205753 -0.00010090446455778415 -0.00012695838432634247 -0.0001455238937198962 -0.00015239692032622057 -0.00013999731521147294 -0.00009774974135735203 -0.000011679719469351725 0.00013678551246227053 0.00037208628184744153 0.0007233211469004794 0.001227439152439979 0.0019011902775224864 0.0027345151234914366 0.0036854648963171323 0.004630050898462043 0.005422200121710741 0.005919466161691971 0.005986806209771843 0.00566773136711718 0.005103917626318953 0.004453147445991764 0.0039037438613114942 0.0036548601346750036 0.003908125361827784 0.004859211533828879 0.006651707697026523 0.009381879780635573 0.013076906636220726 0.017849733117029053 0.02385333020175441 0.03126021202336778 0.04015920957420117 0.05042827999594154 0.06172347468973598 0.07343126894539005 0.08487666572593301 0.09536687387513189 0.10423558737969493 0.11096942678863465 0.11514409223902553 0.11644499285020943 0.11471197000191337 0.11005916578570771 0.10281828237149196 0.09351636955758136 0.08276880159958776 0.07123183072005719 0.05956518993051352 0.048315779037641116 0.037968440041325775 0.02891942927061619 0.02143754168940806 0.01563618558098999 0.011390189427278236 0.008317787127230079 0.006004376353596581 0.004101403029306784 0.0023767498310305773 0.0008178132002815065 -0.0005479157338066801 -0.001666485880090062 -0.002480316016032488 -0.0030664471782142124 -0.0035362475657489665 -0.004005492179182331 -0.004562157463672486 -0.005116742258315874 -0.005551268698363741 -0.005831828806171673 -0.0059270003077449 -0.005829808821758689 -0.005554345520001938 -0.0051605232248602495 -0.004690496103093863 -0.004175771460983152 -0.003638950168957996 -0.0030970281043224425 -0.0025638388183581405 -0.00205185052963817 -0.0015764910457227515 -0.0011578439163369761 -0.0008123337115301664 -0.0005357086236592806 -0.00032144989869979223 -0.00015990976164533335 -0.00004000765902219251 0.00004455998630036116 0.00009931663255830091 0.0001290536971633113 0.00013801084339677523 0.0001304499862924638 0.00011041284729694135 0.00008152038678127027 0.000050456666262053035 0.000025669814470144798 0.000014795804362041398 0.000008390084157212126 0.000003897202966631806 9.270031344041801e-7 1.7129696414833477e-8 -5.4719963876284245e-8 -3.860016680566197e-8 1.5011817559501827e-8 1.357332404284072e-8 -7.760267903934232e-9 -1.5628796530859492e-9 1.3762304157705198e-9 1.186197233141902e-9 -1.3699035420809913e-9 -6.676587252055161e-9 1.1819299335312702e-8 1.1403260971246881e-8 -2.1769637879576746e-8 -8.590543201929317e-8 1.5196551958603094e-7 2.3309267004317227e-7 -6.429586308392716e-7 -4.001406864918209e-7 0.000003800616197297968 0.000015189457263267166 0.000037032161398304336 0.00006821203984894582 0.00010325137092567233 0.00013242903660510302 0.0001390189566483488 0.00011199699630880998 0.000045753997799400816 -0.000059422359502597635 -0.00019770701185048295 -0.00035867172628946804 -0.0005275636917090949 -0.0006913522296187503 -0.0008329073479513123 -0.0009300302956331686 -0.0009526446902532413 -0.0008610024257313018 -0.0005990648310686826 -0.00008912765618409284 0.0007715163021035043 0.0021071584942018973 0.00405970727240082 0.006812915070656158 0.010461035917938646 0.014971854557368295 0.020160329810695907 0.025410164643048804 0.02997735310754048 0.033117177008663116 0.03408657943631298 0.03304259531652155 0.030649900146772713 0.027680411067240243 0.025118336153400846 0.024003292883195297 0.025369612025549975 0.030360533534626165 0.03973475689586803 0.053931982307548226 0.0729562717704422 0.09745462863004285 0.12823690996668788 0.16607541912533028 0.21136127936855703 0.263392482814272 0.32036950097059447 0.3793098393346051 0.43688455828018297 0.48959002306888605 0.5338444140907933 0.567467314679837 0.5885807777136632 0.595659932063692 0.5877910720879359 0.5653156452457327 0.5297173533873424 0.4837058427787601 0.43035493668134867 0.372802141556954 0.31407158768225835 0.2572003494847666 0.20473222938691513 0.15868547519386264 0.1204276445264691 0.09047149044361597 0.06818287760274569 0.05173041880576968 0.03907107248554937 0.028535242167851943 0.019031288021717805 0.010452066482658267 0.002911182833581525 -0.003332135992755473 -0.007972393373397384 -0.011427729458817155 -0.014278887682017748 -0.017117644901179736 -0.02038532842960416 -0.023618585093211058 -0.026216990417932892 -0.028024205395001417 -0.028890042503450498 -0.02876376862675185 -0.02768185277329919 -0.02597463252840586 -0.023852818426488308 -0.021461816147945154 -0.018890664833657 -0.016249501703812966 -0.013623036632216862 -0.011069882173568728 -0.008665637454240194 -0.006524519452399994 -0.004744560945507084 -0.0032915923053856355 -0.0021361105058244857 -0.0012364540153129652 -0.0005458567942265991 -0.000042032676354685454 0.0003007161489074846 0.000509543545066265 0.0006079670520958791 0.0006183022672716447 0.0005604448570515039 0.0004506187586116164 0.00031701960341708126 0.00018924862203958793 0.00009355359190488726 0.00003589035236464291 0.000010173017075681246 0.000003566278167523056 4.797810837139716e-7 -5.25547250857724e-7 -1.3752838171394765e-7 7.538227333749515e-8 6.314544196281756e-8 -3.685999155866664e-8 -8.55897818258854e-9 7.091351547124171e-9 4.767172218993154e-9 -5.544104674114236e-9 -2.6490716394198004e-8 4.664238922209927e-8 4.6928042523392016e-8 -8.86801184029024e-8 -3.3810104122783964e-7 5.675141423587729e-7 0.0000013173243581724865 -4.203253817912136e-7 0.0000037585018605993737 0.000023649677449032123 0.00006891703232260896 0.0001494924722034023 0.00024680919081306453 0.0003331542636935748 0.0003765395265874379 0.0003455746835540717 0.0002223444091466583 8.807208984291835e-7 -0.0003138870189870253 -0.0007074397623947328 -0.0011550466986095242 -0.0016211396233647287 -0.0020709293758864634 -0.0024586808716695547 -0.0027250881685611616 -0.002790008667611101 -0.002547343795740911 -0.0018492659219611623 -0.0004925972945453006 0.0017877377526319509 0.0053178983385269085 0.01047036546659309 0.017696059176044835 0.027240882781661823 0.039082148989703656 0.05291508244709036 0.06722606975517954 0.08016076805652658 0.0897998325953853 0.09433663854232621 0.09344624831626488 0.08809495683485455 0.08055479351422129 0.07370343599580875 0.07062024876847545 0.07431130992344652 0.08732090695437147 0.1113930478508832 0.14757127759375283 0.19585310176833307 0.25784598247431934 0.3355655449867556 0.4309460599321396 0.5447954495799799 0.6753460233353951 0.8181779539128727 0.9657949556962776 1.1098260935006734 1.2415798037084262 1.3523102287710744 1.437377299103173 1.4921760036587706 1.5122724621169013 1.49448153141981 1.4393158885498178 1.3506343249375725 1.2358974741264506 1.1032561075198728 0.9605294209994775 0.8147536635958751 0.673412124573105 0.542910934764158 0.42841794613867173 0.3333929374215194 0.258930196267098 0.20331989669183906 0.1620106695032135 0.13007613358334252 0.10336926267950242 0.0790747162562133 0.05682562428906583 0.036796241359462196 0.019522774828478535 0.005650356189205455 -0.005718317447543864 -0.015822848288538346 -0.025902726669000505 -0.03685257548511936 -0.04744199565907741 -0.05616703406758998 -0.06266500587170655 -0.06655996433294478 -0.06773564350701083 -0.06630361180444004 -0.06308386384708939 -0.05860963840569827 -0.05326243472296975 -0.04730754002405115 -0.041030105352893385 -0.034668776155132856 -0.02841690061164377 -0.022498246446655736 -0.017177777102936595 -0.012668967800062828 -0.008934786884902967 -0.005923435441930114 -0.0035505547854516287 -0.0017166264339394165 -0.00035925312248054944 0.0005871708388432579 0.0011886120644351037 0.0015061092076910402 0.001594942465859472 0.001501180509894617 0.001258585949561581 0.0009270693327301534 0.0005876475282292173 0.0003256942848792742 0.00015253587132217723 0.000057619266806121906 0.00001614954784681054 0.0000020812594463412627 -4.429253234129787e-7 -2.241424854532451e-7 1.5791340918040906e-7 1.1642803833210383e-7 -6.844796239839595e-8 -1.5829040572689115e-8 1.3190298707405e-8 1.2939853798953463e-8 -1.5315005301183982e-8 -6.997830806152957e-8 1.2209637528754582e-7 1.299147713740085e-7 -2.237025969699527e-7 -9.710562787647716e-7 0.0000015631381175407679 0.000004312471651501401 0.0000019561107034468283 0.000022600226130193404 0.00009298456761769248 0.00022771631585691697 0.0004176898328469844 0.0005989418970031166 0.0007083386709292491 0.0006969167012811209 0.0005357911580403938 0.00019639873261637864 -0.00033638790276320615 -0.001042787013603148 -0.0018801058104647253 -0.0028014466056070896 -0.003763269577732316 -0.004684998894348821 -0.005464777966412185 -0.005975002912213756 -0.006060500094892259 -0.005500673572205223 -0.0039953472429064005 -0.0011453906370111333 0.003560394665070604 0.010749082245763673 0.021139169506414576 0.035588475746678686 0.054622761095352024 0.07825622588639046 0.10588548462639592 0.1348907365026299 0.16197946484233056 0.18355918821061326 0.19615244873560206 0.1976844374064367 0.18862611851044253 0.17391602680783874 0.16021579313480525 0.15450797095884905 0.16317478913670616 0.1897821771570312 0.23672028705863057 0.30558456888356555 0.39759812287210516 0.5153583054412989 0.6622598336306699 0.8420089515930129 1.0567443051489502 1.3030453484512614 1.5720065488896604 1.849024264051581 2.118634040724027 2.3650913216210787 2.5724272783609066 2.7336088680415176 2.8403779847484567 2.883483289351296 2.8547681282770325 2.7546527564959864 2.5906087278809538 2.3770382403361086 2.1297473635409596 1.8638393740961445 1.592779981320663 1.3305586953750859 1.0887246219764637 0.8764577648315026 0.7003560044253044 0.5622740658511063 0.4589698611956028 0.3821194430073046 0.32216813314377246 0.27128413257375905 0.22425814784454734 0.18042246172699533 0.13986491593879477 0.10328747213179733 0.07160831197480316 0.04355871032144612 0.01738176441189993 -0.00863395820478629 -0.03555478840681134 -0.0611545084658023 -0.08276655754204115 -0.09944931251805947 -0.11057233165923668 -0.11605123758060074 -0.1162628462539951 -0.11265936358669307 -0.10625790028893903 -0.09781820449579182 -0.08785542053949023 -0.07697539888217968 -0.06570918305527428 -0.05450286841826069 -0.04376721692221025 -0.033971133058700205 -0.025499317997698823 -0.01835101350826585 -0.012496812313275938 -0.00783350787115256 -0.004202738586782139 -0.0014750301574171306 0.0004835032631845513 0.0018005498538407893 0.00257710011447468 0.0029038340921730466 0.00285998553654019 0.0025084746089073604 0.001991841635503438 0.0014473232090588058 0.0009864919720810477 0.0005721754515015469 0.0002475342013875834 0.00005651789322084918 0.000004245701624649003 0.0000023599621655862393 -3.372863366537246e-7 2.3096401642717768e-7 1.2381006436896722e-7 -7.30342438243029e-8 -1.3473229294876277e-8 1.2665764258821373e-8 3.819577205234647e-8 -4.522631628895326e-8 -2.063066119392634e-7 3.5971654445642667e-7 3.8484328381138985e-7 -6.64887662693219e-7 -0.000002846439346160347 0.000004540311470674257 0.000013199221498993453 0.000008228116505880418 0.00007247501960741723 0.00027795717049341795 0.0006753735481013084 0.0013611790355700251 0.0018143297307345776 0.0016015097316193938 0.0005244537682311591 -0.0011270820511418134 -0.003145040641704615 -0.005399218456827086 -0.007857087383046156 -0.010545416560793386 -0.013359428954493224 -0.015976746805855466 -0.018311473178784263 -0.020136384235261817 -0.021072842094426426 -0.02038601952427638 -0.017602845882948862 -0.012065330487299495 -0.0027248394490709993 0.011759234317828845 0.032679924596389846 0.06126474906931036 0.09893096436679572 0.14679900011894817 0.2057591589553872 0.27689012548621816 0.35596945367811966 0.4366370221615166 0.5108556777618982 0.5707950709729038 0.6074288227775321 0.6166022978178155 0.6077020542729076 0.5938732852158191 0.5900157087457872 0.610605180713814 0.6676577243980102 0.767959557644567 0.9136062913771028 1.0976786762878075 1.3297316230442942 1.6185592240221223 1.9660035910252942 2.367957567181358 2.8151937220423613 3.2933775180469542 3.7819128052289854 4.2550929910644335 4.68461448320053 5.038038453638309 5.3180373803164676 5.5190174983201095 5.625668171907181 5.621490738216542 5.495505079833234 5.2515607631921055 4.92075232885681 4.531144487884899 4.100218267321658 3.6338656603509816 3.1662242576043225 2.7241298601313613 2.328345118475083 1.991011729852838 1.7123159638297596 1.4855049561405609 1.2989804629838386 1.14142067249857 1.0034128814134493 0.8779806345000182 0.7608302047120121 0.6510756834179535 0.5497872507890301 0.4595942998371776 0.37649777371977766 0.2966565711303074 0.21727497097618195 0.13677369184551888 0.060449849557740624 -0.0063393800401539595 -0.06359237582096919 -0.11014799992063941 -0.14502116566892181 -0.1674435738422621 -0.18040700120379424 -0.1854945123855996 -0.18376494045578515 -0.1760507207205975 -0.16388277074920005 -0.14861659157094984 -0.13127640213514247 -0.1130502710260853 -0.09507647309200289 -0.07825613537595605 -0.06276409698265681 -0.048769031744425526 -0.03638683723705295 -0.02572112165251612 -0.01690340266840627 -0.009867927064250244 -0.0043948713172487774 -0.00019803867667789708 0.002941211104642429 0.00516991494975666 0.006567953827963388 0.006919492186208853 0.006055268108608519 0.004009658765311866 0.0021379480412270285 0.0008582398630680173 0.0001900139076592481 0.00001185977495255427 0.0000072401333165258496 8.370293014450447e-7 3.795367989937945e-7 -2.660481927844495e-7 1.1329301742360442e-7 -3.724564615788527e-9 -4.955685179075285e-9 7.59898816015554e-8 -9.176297547391089e-8 -3.981831036569148e-7 6.876172259994045e-7 7.746192955985704e-7 -0.0000011685496540537932 -0.000006183725614346898 0.00000969434511372171 0.00002819423486954087 0.000018143350274970977 0.00018760309161982693 0.0006973741361739123 0.0015955488209124886 0.0029351524363919494 0.0032945449673208536 0.001744879096728135 -0.0017808581327715108 -0.006237276387365457 -0.01114436629434594 -0.016372045643774463 -0.021871246108709805 -0.027611617810608752 -0.033345780964707285 -0.03849757235611243 -0.04288845471118279 -0.04597889630035436 -0.046863052981819836 -0.04383900882191473 -0.03596188343298761 -0.02195042755344519 0.00027245269265049773 0.03332554151950581 0.07908423416376811 0.13893524636800075 0.21524268820705753 0.3107419819948532 0.4270781992106048 0.5631406267102765 0.715392893850215 0.8759068556639015 1.0321382714515734 1.1658644389200272 1.259465657340127 1.304423356640925 1.313054772395725 1.311668895799741 1.3274220644638555 1.3822694581874808 1.497640731232629 1.6798488692488616 1.9268279762386753 2.233529410227085 2.615653025973559 3.085006532100987 3.638147410416893 4.273618644089161 4.970769090542679 5.696297875716436 6.42111652145721 7.1154640533913645 7.741889678594282 8.240431736562726 8.638530476925983 8.946290067049679 9.150351181130082 9.219643822187102 9.122631432599956 8.848752563173964 8.435973619952719 7.917190354489617 7.311654691689272 6.6236273617067525 5.924696439270125 5.256231501382872 4.643156374125271 4.104841466502938 3.639956914181876 3.2406421914512356 2.8972272725694124 2.589331951372526 2.3080572623906934 2.0511107247637614 1.811162529125285 1.5854640877085848 1.374493946137887 1.183179421323679 1.0041528263800934 0.8315197357652473 0.6618571586005699 0.4949760881638578 0.3370781468933935 0.19479485199176336 0.07069565850210557 -0.03475534395941538 -0.1203806066842311 -0.18435045492043706 -0.23132188424788586 -0.2634703065390847 -0.281794702036943 -0.2855490502339299 -0.27893334955549876 -0.2651492331190427 -0.24546100849943267 -0.22078910367705418 -0.19380733855078242 -0.1673481455319926 -0.14086757971443967 -0.11517160186379063 -0.09105994672785302 -0.06916354490580805 -0.050348747532696074 -0.03464334297087085 -0.021525366820909785 -0.010657294731363828 -0.0017947661598794523 0.005294394330175921 0.01085514376668766 0.014714174927897672 0.0154273830652202 0.011238317508417443 0.006246305265977864 0.002399531564753932 0.000485528689961758 0.00000885397838785505 0.00002429861960025105 0.0000015386801068170006 6.023225124966772e-7 -0.0000010346079851713053 4.946976088538646e-7 4.576426667452156e-8 -5.515166441828086e-8 1.1310629293168379e-7 -1.4145138784096013e-7 -5.593949841096945e-7 9.475038008708307e-7 0.0000011760661304369797 -0.0000013121248947052322 -0.000010651370790780916 0.000016323575083359503 0.000046895089995583926 0.000032147782619525686 0.00039407713303880003 0.0014592303172721744 0.0031408745536923386 0.004727189506871908 0.003963004517389368 -0.00016275208499494275 -0.006935006398941893 -0.014495888745257318 -0.02235592776187836 -0.030720935321657445 -0.039514183531555024 -0.04835527728104656 -0.056786584286080695 -0.06435113133381663 -0.07051000837748876 -0.07420223370836924 -0.07384806589753731 -0.0669942091278408 -0.051898786088538346 -0.02640282989723121 0.012479798086024922 0.0684289561884215 0.14342974579423304 0.238546677483871 0.3570467387315371 0.504198394069831 0.6813826600565742 0.8782460203527064 1.0954050788600045 1.327076785622207 1.559269901529037 1.758503396429029 1.9031958526536767 1.9862194960833546 2.0178701292589314 2.042884094911225 2.100934543407276 2.214028386730474 2.4055425152920233 2.6712877623865885 3.0000855441695813 3.4140601793812966 3.925710133241984 4.541392034906885 5.253840114317717 6.080789097726604 6.987143508715146 7.905822256937793 8.794782742171646 9.634227419872838 10.391125487914385 10.977113455138554 11.44776131659801 11.836107182514025 12.14064759480455 12.314819379971395 12.30466898809274 12.077385661404733 11.661287212675234 11.073022354111476 10.33680449368994 9.48259061210134 8.625402704412194 7.8080849651239035 7.041222645283853 6.350558569453292 5.73449174446743 5.188786718215703 4.710444535466656 4.261157438922528 3.8337450453811925 3.4374492132562535 3.065335319031703 2.7139428472510416 2.3810402261569967 2.0709664834570347 1.7776975025261659 1.4953169883123878 1.2208528522697895 0.9591904786149736 0.712529329361004 0.4850132605787886 0.2881192055079557 0.1195113761619377 -0.02171943742752134 -0.13435494434753248 -0.22321549734414084 -0.2909215247769764 -0.33875392910006974 -0.3617327051842481 -0.36814938253117796 -0.36413098794838766 -0.3501205618273299 -0.3248371419930109 -0.29294641516228553 -0.2607386281542939 -0.22580590742327086 -0.19003696761326422 -0.15518934600672626 -0.12243388038969895 -0.09366153809892984 -0.06883991413334171 -0.047076241974841414 -0.028285317486094006 -0.01245198678982823 0.0007295102615237593 0.011862319972855362 0.021770893645642973 0.027215076901167742 0.02281799800137316 0.013788190817393547 0.00534053366753862 0.0009973177688104786 -0.00002714438170550602 0.00006587645008262028 -9.476550602555473e-7 8.704793565860652e-7 -0.000002015311598135973 0.0000010081207802920444 1.7418599455220447e-7 -1.5182343350365922e-7 1.3192854256428464e-7 -1.7526200782115707e-7 -5.825811333956473e-7 9.458826654184152e-7 0.0000014169555664660552 -6.113829224124431e-7 -0.000015548862988781426 0.000023272491851383596 0.000064419804942955 0.00005291676800918082 0.0006930256046671968 0.002698708955863546 0.005661905391850444 0.006584496010705454 0.001927743013522374 -0.006438181666628043 -0.014454148432016672 -0.023292540771901203 -0.03245382041894461 -0.042168451536634434 -0.05233274209491156 -0.06239720250804716 -0.07154324716821941 -0.07970344849629298 -0.08500646962171567 -0.08619303167290482 -0.08186165694536221 -0.06951494792677212 -0.04655871625551246 -0.00957535851353748 0.04302418505858894 0.11445757509552426 0.20557654653830212 0.3229809451661274 0.4634628684517154 0.6299353119602795 0.8221126773527153 1.0329711211301653 1.2620379780771 1.4861901531957187 1.7118040401941652 1.9065944079765715 2.0680445667125587 2.192055767577961 2.3076894548152804 2.432104454817316 2.5867053443401753 2.7532394537446847 2.9938438803603287 3.2887335310604766 3.6377262340630385 4.102905883477536 4.617126042523404 5.196032065165367 5.91264901054738 6.686749644324794 7.521149393942003 8.403644758788987 9.22867610476643 10.083162786499868 10.87555852771667 11.583038575813704 12.146458236293382 12.54379945747017 12.877235917037828 13.07955030877204 13.037647813856431 12.726225972840219 12.238475398539544 11.699091998289338 10.962432489252206 10.200200617314087 9.47440802776746 8.762831119556845 8.09993508375348 7.50524307374357 6.886106171527836 6.274320916873702 5.780818763340041 5.293548302518367 4.877940291898599 4.475855007896783 4.0397763509735665 3.5829238720747734 3.156213598583559 2.7652102985158247 2.4121785124529387 2.05813939674044 1.7025371892077412 1.3770840450983641 1.0614284189992438 0.7921433967784635 0.5411458886053248 0.3336271916947028 0.14981995208698382 -0.007001842777448863 -0.12228489981745776 -0.21171644734218067 -0.27851878687232395 -0.32233626288515627 -0.3484251221836879 -0.35479486718595965 -0.35491582927746484 -0.339128590528776 -0.31513715780241613 -0.28501059449291505 -0.2541065671918564 -0.21898039327536442 -0.18619736261643502 -0.15260100814789931 -0.1216960097886321 -0.09264643691945139 -0.0670031112300068 -0.044485767909796275 -0.024776963094381124 -0.00833146268505589 0.006231017687174664 0.01858368965980898 0.02906795591097523 0.0401772469441397 0.027706432873896653 0.01038254791245414 0.0018410383593777163 -0.00013565254565681294 0.0001477083372401052 -0.000010841247023206954 0.000001464936815054074 -0.0000030012345786150836 0.0000015515104020097683 4.0935739631544363e-7 -2.988380118568221e-7 1.2913205421236856e-7 -1.8321389531136937e-7 -4.90159163851913e-7 7.426590589267705e-7 0.000001446420624352025 4.0456883599005095e-7 -0.000018602423493520423 0.00002706879677542466 0.0000772366985402537 0.00009018247620719134 0.0009859095973229499 0.0038382595798839643 0.007944296900856301 0.006939275646588123 -0.0012143591128640936 -0.00885902125747037 -0.01683127103775322 -0.025272365719853078 -0.034330066816361235 -0.04367771746210857 -0.05309013245999007 -0.06224452151887398 -0.07079273358397359 -0.07803586792671673 -0.0809958114671043 -0.08208421883263471 -0.07508131699306324 -0.06080133458660651 -0.03780107087433804 0.0024751314101304172 0.05291538331718449 0.128357880844756 0.21511344150589143 0.330242997557989 0.46721336246635664 0.6283011149645844 0.8099259191732461 1.00915401100045 1.2195517398741138 1.433526393267476 1.6419676645141232 1.8359805095169892 1.9977147494628198 2.12032621536213 2.181607305999271 2.2872972189973892 2.4128823568526983 2.621152605341619 2.8479729172989456 3.1468282828052248 3.519472533467549 3.9181164588177095 4.374351833220221 4.917401228705579 5.639182716710855 6.4063421279941295 7.111071935257376 7.861681035675764 8.66185766497563 9.435683189644028 10.205868256312275 10.90974612121477 11.45177831986386 11.856699124128935 12.226974420441119 12.445034262569097 12.41392770968089 12.15946211774858 11.730380571307794 11.170129044371258 10.59163999280542 9.96210586136073 9.306116878228652 8.69252377453995 8.110090945907798 7.582873424157141 7.036695640224702 6.516893979509574 6.069569966366578 5.63043222438431 5.259980462139081 4.89213868925519 4.461815049535487 4.00308477886619 3.5489548926213597 3.147323079778063 2.7839558401521396 2.4089629302370072 2.034745377450094 1.678785306835261 1.3297733973894759 1.0238624463914001 0.7537288590688827 0.5163360610321621 0.314338741354302 0.14178949171494115 0.004693807951933869 -0.10386689939648112 -0.18522891590150115 -0.24355378863066426 -0.27797170248726577 -0.2993140280378066 -0.30482995976538907 -0.300035258788652 -0.28508804595361537 -0.2604397376209204 -0.23615734572181785 -0.2068215623340394 -0.17668581775841205 -0.14741532576832891 -0.1182921214875668 -0.09185640870204859 -0.06785419212067194 -0.046488713977579324 -0.02730660600699653 -0.0112742549881524 0.003413630665935774 0.01560942447509933 0.02608134624845698 0.03718462061387555 0.04192309995857029 0.014822962391489357 0.002560380971231913 -0.0002185526351810787 0.00022876179537980392 -0.000018301648190421496 0.000001236148134228749 -0.0000041717830387930804 0.0000022460936593504827 7.039217978038804e-7 -4.895131100532579e-7 1.0753083525506283e-7 -1.6360907285756786e-7 -3.310819728547734e-7 4.4075671443617885e-7 0.00000127646892548743 0.0000012077378794129935 -0.00001837462090483203 0.000025601490564618835 0.00008332401694624496 0.00014273711446712755 0.0011864704972672896 0.00436429804419009 0.008730840743674818 0.0038075830745061072 -0.003599417036785101 -0.011193548904919129 -0.018964210664008496 -0.027180452477503947 -0.03582767362021919 -0.044522247938335056 -0.053190653720423496 -0.06192109738169394 -0.06924292171015593 -0.07535670537422728 -0.07800890124520102 -0.0760515832363682 -0.06851911322813414 -0.052736924015403155 -0.027669462871525295 0.012144344014765886 0.06268329309820829 0.1396779300948482 0.2221759628847223 0.33483351532366773 0.46983053850398165 0.618963507287449 0.7960554824958098 0.9782389918179855 1.175295977670809 1.3793018934664931 1.5711824161388084 1.7500668373571695 1.897322822223409 2.0089148117560556 2.060932772385358 2.133692495284909 2.3077491616616412 2.497789079360851 2.716555375224111 2.9897370180955414 3.3307718321126067 3.706354248878073 4.147784623318397 4.663341808773566 5.311196580583367 5.98184384371284 6.665787606562044 7.368787133873754 8.100836757451603 8.817401500030623 9.529408999139834 10.188969856724004 10.765724087257269 11.149698996325451 11.56467234878448 11.748219236354503 11.767236926288577 11.550199853973588 11.180253893967977 10.722992894465111 10.198709759419815 9.69347137873764 9.12527116862673 8.55799737297134 8.066399877765301 7.648702039333088 7.125503677397911 6.706628618553208 6.281549538723542 5.898491074130163 5.553701228294975 5.263154302279971 4.824331845864819 4.389929666391063 3.941075483620422 3.5356375195809933 3.15725053305984 2.7582718478690156 2.347181033950448 1.9600468508441746 1.5984883463758501 1.2539194501565352 0.9612862427219628 0.6971469148442405 0.4744891959984289 0.2833063089251588 0.12854326994655588 0.0036587702399926026 -0.0883255212808611 -0.1660207187230467 -0.21134897208191203 -0.24262423653464346 -0.255491195661449 -0.26067536453175033 -0.2543672005363035 -0.23732261575886562 -0.21780896708269537 -0.19381230025394428 -0.16831762570588035 -0.14154136696280822 -0.11560332100626824 -0.09117316799038891 -0.06863908298899071 -0.048250158853575295 -0.02997569987392334 -0.01383926135320253 0.0003011374434031387 0.012622878850256026 0.023713447843471958 0.034073364735969745 0.04328651801137897 0.017063902758883323 0.002911729174255033 -0.0002275178961520407 0.0002825341002420838 -0.00001849203018857445 -9.994511314929918e-8 -0.000005487063618387929 0.000003059567934167465 9.920185962489084e-7 -6.922438714537654e-7 7.440056982893219e-8 -1.2330322249156598e-7 -1.5666596368894503e-7 1.3613092000493568e-7 9.721138368305209e-7 0.0000015168200983399464 -0.000014884666316134135 0.000019035519501889518 0.0000826679402985912 0.00019515641382360176 0.0012546668683559809 0.004022332352943191 0.007351454395703655 0.0012534329644698112 -0.006135330727314749 -0.013416266953554589 -0.020928684041565067 -0.028793851757681517 -0.03680496015559117 -0.04502252105105898 -0.05331723736419642 -0.0610650379819405 -0.06788505205131239 -0.07241506532653891 -0.07343986141919473 -0.07063895679564448 -0.06094795204410343 -0.04319113440809284 -0.01824482064128331 0.019622607315957143 0.07664162967496418 0.14609040616696373 0.2317413999517013 0.3382192625922032 0.4676050741631644 0.6098679839637378 0.7785929602060951 0.9506461429424619 1.1343396166211115 1.3180690297257558 1.4947630716537381 1.6549722651098036 1.785351329175957 1.886203675999266 1.9598215175150542 2.057487489588374 2.1755040427516943 2.399976474227078 2.6333074401634406 2.86170765916158 3.1379303066598294 3.47941003110675 3.9023178164034733 4.368931993884494 4.912529249790894 5.562467377941442 6.198723117394588 6.820581238217907 7.490831607840559 8.195523285608148 8.885891524582814 9.495003296216536 10.061597158060549 10.509602910883189 10.874439645572691 11.086026085870632 11.108661858223515 10.975489283478776 10.620826051284551 10.279675996050683 9.87110957599918 9.412762279745571 8.927513713626793 8.422110348236563 7.9732870550902195 7.63279520087 7.270106835908617 6.82926061918021 6.498370898767853 6.180148962890343 5.870827207245065 5.592828257907182 5.195999529405749 4.771332549475721 4.347551340708285 3.9407491003485267 3.5257979823918872 3.086363466696407 2.6585215088788514 2.2372498509134675 1.8408921784081056 1.4800631226510677 1.16234084640918 0.8718327336455782 0.6293464333942528 0.41912923105850614 0.24779147062306855 0.10650927910635159 -0.0004325321757657101 -0.0854094208509882 -0.14600890068010897 -0.18760894154249247 -0.2117351809830447 -0.2230004248427756 -0.22496640199110937 -0.21494983321080424 -0.1994536536620946 -0.18050881104669952 -0.15878257303413548 -0.1357015971318615 -0.11254812442529062 -0.09027067258838173 -0.06916723015300352 -0.04996366591659364 -0.03206714047218666 -0.016478969073284642 -0.002766698873674388 0.009567538556815459 0.020991820650695138 0.03186669346514548 0.039025767176489826 0.0174733375384215 0.0030082130458370447 -0.00019815730091725107 0.0003114847817743785 -0.000015092030516404545 -0.0000016126425361034612 -0.0000065920931998642976 0.0000037516476465036653 0.0000012093986381512294 -8.539158772885412e-7 3.7021624508443516e-8 -7.117152936719767e-8 -5.6677073591524475e-9 -1.0272612219243523e-7 5.936307690383068e-7 0.0000012990052546566381 -0.000009038920386079671 0.000009265522268796238 0.00007422108420779363 0.00024590797290060634 0.001157903898692005 0.0030965769458463858 0.0048743959305685754 -0.0015534908449768648 -0.008477451944613015 -0.01551837566392706 -0.022671812896863857 -0.030067083556464768 -0.037736615664989585 -0.04532659926533401 -0.05285936090350874 -0.059989821172809335 -0.06518937003259778 -0.06829058971415426 -0.06904941429188288 -0.06334652611258629 -0.05329030427441154 -0.034588809993880185 -0.009226904334565987 0.03144874440593204 0.08740628729288087 0.15468805585363404 0.2367398793189746 0.3444971743591019 0.4623015791889851 0.6032163801147468 0.756435737162527 0.922249693241971 1.0900393659743128 1.2581441732731344 1.4201134361343593 1.5698339815167908 1.6956701124527045 1.808392037021643 1.9072121982215349 1.998874973326344 2.122687423557251 2.316423771654396 2.5564048369872427 2.731776393705481 2.985129316418057 3.278699213080802 3.6578120967574197 4.063466437131913 4.585430250582794 5.162284378026207 5.719327462135235 6.269507114070007 6.865855833023471 7.557227176671806 8.203426743595918 8.823220608259527 9.396717726546662 9.834672833993041 10.212229091053622 10.451434462150738 10.448798015089302 10.348328523311269 10.082343814152942 9.731149273950738 9.430827178396479 9.060464219242565 8.707710552157558 8.305651819296298 7.917610865436128 7.603286320919005 7.293606481021257 6.941359979714545 6.685835683466089 6.4532753140467545 6.240164879033112 5.967724922091979 5.586176802314241 5.169526972386948 4.762650571187253 4.319024051891066 3.865929059192409 3.401329437377751 2.9385612392476292 2.4873630919937573 2.061310739469019 1.677428249250856 1.3407663744345133 1.0303290668199698 0.7721282064089513 0.5453854765095266 0.3580929246617667 0.20068212029220295 0.08315325325722013 -0.01530160871315686 -0.08340283219586145 -0.13390257927011326 -0.16812000051964346 -0.18734061152750128 -0.19572927649848337 -0.19140796507393684 -0.18265910249038217 -0.16871535101356885 -0.15040434095027735 -0.1296540323732465 -0.10969246308911261 -0.08928916076408587 -0.07015846320096954 -0.05126856958720554 -0.034556727251730146 -0.019233013632538716 -0.005625209646846532 0.006710716762213857 0.01811782678222744 0.02934035336645895 0.037453280847014304 0.01723030908554798 0.003005511008468526 -0.00016237570452416904 0.0003216796074380252 -0.000011137987714303259 -0.000002635781224021413 -0.000007337912905209836 0.000004206982199142935 0.0000013259503570258134 -9.480731436594942e-7 5.772163056071383e-10 -1.752220640156338e-8 1.2187241173742763e-7 -2.902540276101871e-7 2.0633248327460644e-7 8.636073005963022e-7 -0.000002599497429168417 -0.000001041201194092003 0.00006169703865777753 0.0002888096323672863 0.0009758735164817789 0.0019925151373174858 0.002213694665516794 -0.004141460774741391 -0.010789250783012025 -0.017454018580620692 -0.024216934275347518 -0.031146416645789408 -0.03813106638509919 -0.04509028113652445 -0.0520449848183354 -0.05745961603020252 -0.06193836112258767 -0.0645670700080277 -0.06240362265266504 -0.056488628605058835 -0.044976114731768616 -0.02512842342057577 0.0029140376164848354 0.041330807901378934 0.09553885749033827 0.1636331715999584 0.2433899922528396 0.3474607993179039 0.4595268914460563 0.5913828789895157 0.7372021193058024 0.8917201326112155 1.0518075156790623 1.2089337909361795 1.3597115055389524 1.5013595758178737 1.6326294720035215 1.7543911321681596 1.8772577344260475 2.020291985611047 2.1229720042837963 2.28011500998679 2.471597338714988 2.645440844301145 2.889554826092083 3.098679621953037 3.4037031027539806 3.7477271688833182 4.2228162004909064 4.6777363200033495 5.176626653067405 5.747265655267867 6.276441523442465 6.888619260977576 7.519483047639811 8.144116235208687 8.68229391290684 9.147404969543091 9.518011546615295 9.750425499886518 9.762444789563967 9.642901227266949 9.430722528541603 9.207565476792682 8.944524003213262 8.705242123892447 8.460907373107844 8.14204909731428 7.850365495288947 7.567050254435418 7.273740980475986 7.034281910824106 6.800114026488862 6.713300471126056 6.501554631662142 6.265409873625194 5.942852678560285 5.561835976741967 5.128443772873381 4.6638410890531405 4.17935127869112 3.6797704120009476 3.1756097478019565 2.707654866770508 2.264309556118693 1.853397852922982 1.497891688361994 1.1779207097056954 0.8999163953588778 0.6549378239979419 0.45951020838868617 0.2874168760953131 0.1582608219879546 0.05015195394993239 -0.028987424919284462 -0.08478029743092351 -0.1289191765893851 -0.15132971968508063 -0.1686251518477901 -0.1707946705420146 -0.1667259505689505 -0.1558269770648568 -0.14189990131274047 -0.1254765308435863 -0.10664939235855843 -0.08839402087278267 -0.07019405005630933 -0.05280168126779904 -0.03691539374747189 -0.021713043261957974 -0.008508411278727021 0.0039097345013703 0.015393186057215926 0.026525019460982596 0.037155589566907794 0.01664277318734332 0.0029366593985120917 -0.00012979503807648604 0.00032116831615711106 -0.000007731922172388997 -0.000003312235755024802 -0.000007733486151167432 0.000004451048347352308 0.0000013781104476259881 -9.944643003693926e-7 -3.214762601246945e-8 2.984120950447005e-8 2.41621635948965e-7 -4.702502649637576e-7 -1.4138377258164618e-7 5.627314148565248e-7 0.0000028647168139047517 -0.000009740562480068509 0.00004982755595114165 0.00031873825564289704 0.0008127019172815281 0.001043972374437028 -0.00009083959226018628 -0.006680703043781409 -0.012977057316652885 -0.019191313795308643 -0.02531602698059808 -0.03172667727077811 -0.03808684824512857 -0.0442106262541699 -0.04966609838468685 -0.05464352763796125 -0.05830498817566972 -0.05844942660227865 -0.05621527802237535 -0.048641434000483895 -0.03535282892168116 -0.01652176076819028 0.014564010369275127 0.052829734115155846 0.10615366178973541 0.1715288577118748 0.24807828903357085 0.34778085126945485 0.4578771130026772 0.5799479318968027 0.7172408767653033 0.8629951190106014 1.0122658413455754 1.1619597294371182 1.3073734146140332 1.4489070505434463 1.5871059729784776 1.7224862851385416 1.8764017487311475 2.0216492414917147 2.074196335942622 2.2261241779051217 2.3999445745842345 2.573156511611925 2.765713687979294 2.9421384470388667 3.137478816282851 3.428399656198279 3.788433961221134 4.204593359724378 4.583122561400472 5.10757529597609 5.64878976622816 6.234823394267015 6.855878246814092 7.459705358493694 7.986943753199008 8.409050081959622 8.832643675510093 9.020817440473374 9.035722452737286 8.946340946078859 8.808547774335347 8.67035682982 8.447847561182135 8.283551101268435 8.13722971384533 7.9372895819112035 7.728266021119734 7.50423246085929 7.26388986295003 7.110456143488208 6.971140185732548 6.881852337605926 6.746644318553472 6.506983637228475 6.226248889339677 5.856416190960516 5.4361347706070955 4.96322697943176 4.425183113637338 3.8877294958623634 3.366719248086934 2.8789774338207006 2.4196192552913547 1.9957955463652692 1.6229555531107795 1.2902042333344483 0.9997366459580114 0.7490451335761422 0.5475822675635905 0.36586003394947453 0.22391781829250557 0.11322532383687915 0.021176388722983254 -0.039919592458146635 -0.09062018821098343 -0.12337815162393152 -0.1412148162267276 -0.15109683944571745 -0.15083058991608403 -0.14506078303411454 -0.1337731404726825 -0.12010651249540429 -0.10392598947923853 -0.08716581666583167 -0.07042473828402476 -0.05417466524428727 -0.03884573797350663 -0.02431052751622864 -0.011167176017568252 0.0012556118025674157 0.01256122025649834 0.02388240302066051 0.033542426721425316 0.015596143107346376 0.0027773317516199838 -0.00009596589097931769 0.00031658775603430115 -0.000004576767600400338 -0.000004116850826976478 -0.000007901779414514879 0.000004588269845103371 0.0000014231783039754465 -0.0000010303404902308201 -6.137023848152394e-8 7.330874306741655e-8 3.404730231988709e-7 -6.12463908178131e-7 -4.582330955010182e-7 1.950281107164891e-7 0.00000807687980237209 -0.000017917257840538445 0.000037653811627922544 0.00034050309931437874 0.0006334576286501181 0.00006693405244160959 -0.0024723471880618445 -0.00947403377929904 -0.014870489558571252 -0.02046330010187914 -0.026077363597571047 -0.03172261885653474 -0.03709112234059266 -0.042508182045417155 -0.04705926400936578 -0.05101784964111293 -0.05266898147360452 -0.052535284146457265 -0.047914425556090656 -0.04021253184104747 -0.025254305571880215 -0.005002592496422121 0.02396224095518223 0.06381179187716138 0.11576587002796267 0.17895197154839051 0.25279622702309373 0.3443577926500431 0.45048363952216464 0.5674061866886526 0.6961043423837208 0.8317033812986845 0.9742579623537043 1.1165525201644722 1.2586846381919246 1.4000760882511725 1.5433430924755371 1.6968294668185393 1.8538854619887757 2.0037915221161984 2.146351028249883 2.2191196695239097 2.3647548625886423 2.4942651928080397 2.6137883796985157 2.737361402778763 2.920670605229354 3.163059226029349 3.355388238856 3.6840218815397137 3.983515960324182 4.468414052467529 5.0276594166011845 5.637967545762586 6.229148705511331 6.778392092125727 7.256948965614087 7.661818816182288 8.02105749313476 8.269727501732609 8.28910449242312 8.266780303510009 8.21857111992747 8.115300746612041 7.94670590724944 7.832065412698374 7.757750027459557 7.620093890462615 7.504602706380071 7.429054866931884 7.3263029741782075 7.220403152178481 7.126730336193627 7.062309765446576 6.930232034915039 6.728523354699412 6.452850102658616 6.121985570188209 5.63857259383163 5.127187278345191 4.576139634164457 4.032650519149825 3.4932547265725375 2.9923580469998927 2.522536830637717 2.100258797946355 1.7131089033346976 1.3804970862404278 1.0835706095139852 0.8274635320316577 0.6149155134439193 0.42977563560718435 0.27905747967949135 0.16546915083148128 0.06720337231905427 -0.0059132215731122414 -0.05744973994264663 -0.09594255227139395 -0.11865587454175464 -0.13022518831142657 -0.1384143122463359 -0.1332145185928574 -0.12694633103117828 -0.114292503534501 -0.1009597439013649 -0.08587521173191472 -0.07045464122107185 -0.055334599833456656 -0.040455367117911235 -0.026592370209645576 -0.013509088330300295 -0.001388896897004686 0.009911280054973316 0.02112482819114007 0.030984965039766547 0.014453614198031099 0.0025962351200553113 -0.00006500188157504479 0.00030929344020153227 -0.0000017250781808668049 -0.000004841076739938914 -0.000007968089278221587 0.000004665845933013804 0.0000014525476754120107 -0.0000010539547212190965 -8.781189505267749e-8 1.1364204668510541e-7 4.2302470685938143e-7 -7.253649963456803e-7 -7.501816456120896e-7 -2.2316147629515954e-7 0.00001308068902184574 -0.000025677036183249808 0.00002526378963715409 0.00035450743067496184 0.0004423625451725638 -0.0009437630112919864 -0.004889188165397487 -0.011615181608532778 -0.016410078246911687 -0.021438877540711002 -0.02629339255649614 -0.031248469145547925 -0.03574759140077574 -0.039816483394757914 -0.04360619457578222 -0.0462057200441489 -0.04707211030912619 -0.04482081492880185 -0.03982430718051251 -0.030937600143322117 -0.014965809930804205 0.006285304627632912 0.034621026233012046 0.07426403658996722 0.12411754389426335 0.18283113260773043 0.2569412525693859 0.34011735955197187 0.4383419250029641 0.5510205558816232 0.6703930296658788 0.7990599202735638 0.9312139952763127 1.0693182079140666 1.2062719664686983 1.3468869225406677 1.487883041645585 1.6370487411432086 1.8026340169964004 1.9659744465771731 2.0810817575497205 2.194739682061188 2.3121004433612655 2.391250114565908 2.470942287731658 2.5706919391305028 2.6578958133435604 2.7959986453808603 2.9722890788551024 3.1965803669307817 3.4539636085207306 3.9024662095738187 4.480138838133437 5.059400528123917 5.599342866452176 6.092400238610433 6.486948289325004 6.847382229465301 7.187174325378486 7.431856327138885 7.57826613056824 7.607773240220309 7.61443104877102 7.536790829314659 7.443357214314757 7.379782961870645 7.364231777808252 7.2894893370823155 7.234552713198532 7.24672218634473 7.245716673180081 7.2470314445194655 7.214099470990994 7.159734623801362 7.061966325752415 6.860039042379538 6.624550049748068 6.245251125675398 5.745522792391176 5.21180261891325 4.645534569885471 4.087449895183709 3.5506134830059066 3.0474187236163397 2.582868971809685 2.1587557648183977 1.7737392479745704 1.435673857471096 1.1373247850561923 0.8799533201817248 0.6669670936957852 0.4780176275995711 0.3264177083177704 0.20422005844049673 0.1057359565124247 0.029557061513068514 -0.030337993983708133 -0.06989578897623011 -0.0987884528477557 -0.11254724751618837 -0.12266519085291637 -0.12459125128804624 -0.11876300036267971 -0.10924603041719015 -0.09772932367764159 -0.08415348645049561 -0.07031237657393975 -0.05593761919995561 -0.0419051959409351 -0.028594557171437614 -0.01562874248433875 -0.00388698586658357 0.007460275507049394 0.018644815440628782 0.028184347883746474 0.013554731179381867 0.002452364524681492 -0.000041651319267394726 0.00030241324457549383 5.623465105686675e-7 -0.00000537620147094509 -0.000008032087574214633 0.00000472832628257694 0.0000014700242865499612 -0.00000106975795920241 -1.124459911013321e-7 1.516158189745889e-7 4.970810177764709e-7 -8.238980724145595e-7 -0.0000010256788599606686 -6.395582787317171e-7 0.0000178275403724246 -0.000032960626143851635 0.00001256397232196247 0.0003603717268639872 0.0002448963007729249 -0.0019577496421523855 -0.007271186537345191 -0.013660774674533431 -0.01797562084400485 -0.021925212879960642 -0.02617210398527526 -0.029898305197973932 -0.03330222862484191 -0.037016893432564806 -0.03909241822202056 -0.041053621862146165 -0.039420218796363496 -0.037133752941831945 -0.030928473514993622 -0.020166163723632752 -0.004409016965232523 0.01639705119021201 0.04558947783195668 0.08487641270349967 0.13060964402730768 0.1866804352766564 0.25563267715330473 0.3365836240312888 0.42686276701346193 0.5263656001596597 0.6393675101638204 0.7566978283670023 0.8818154322857183 1.0066582537876125 1.141571242467427 1.2734300070782885 1.4086435203485834 1.5580674332363953 1.7079734935015887 1.865518912186835 1.9843830732853682 2.1019453652011997 2.218987699691359 2.269379214209781 2.3121720506583245 2.3308138197206816 2.3701666937915964 2.4439354688830774 2.5765569335022214 2.744724996327624 2.9786764831835657 3.4475181477053662 3.9609036784967278 4.445159554436012 4.908869814488306 5.327169954370373 5.73252620682272 6.109595102565174 6.429360588023869 6.706049400421135 6.831283751447703 6.9164693882768 6.924366139933349 6.9019558602970426 6.915056660830342 6.911847869028176 6.938779019814018 6.969859169169719 6.978180386854114 7.004126629616503 7.074315469644844 7.143800736157797 7.161998480444227 7.158358816541351 7.062271313126141 6.9221491261965316 6.666953589365794 6.1952581984251935 5.6953319383442125 5.173318780215405 4.642650626454259 4.080359889883382 3.5348406129063656 3.0354851876677924 2.5750242978761837 2.163338743471666 1.7893768424461294 1.4539111611468434 1.1656963746175564 0.9139798340253711 0.6986746345039835 0.5141017894009087 0.3619216032557655 0.23648914330468157 0.13624135525381162 0.05891443210731317 -0.005440464165469631 -0.04899634703497009 -0.07924182904769189 -0.09860294446201144 -0.10818335470042933 -0.1136093362223637 -0.11144295638895167 -0.10415484766374354 -0.0940987170763849 -0.08201307093494599 -0.06918434510298323 -0.05613508028922872 -0.042891471233905853 -0.029921411216770794 -0.017545981107941214 -0.006001361145044527 0.005143288093243331 0.016181802181664588 0.025010870681699986 0.012967148358849843 0.002360222923819016 -0.00002494007296032587 0.00029701916312393383 0.000002353702547418566 -0.000005718513778203526 -0.000008122977100895848 0.000004791296933686957 0.0000014789443487868617 -0.0000010804825396644397 -1.3624000514263624e-7 1.8763106553009979e-7 5.728440424619346e-7 -9.284200993275558e-7 -0.000001292301715099475 -9.651698338314505e-7 0.000022140588337055718 -0.000039506051868357487 -4.795921073156695e-7 0.0003565770342698357 0.00005118517315751345 -0.002912786275282291 -0.00957804349945085 -0.015800165185526606 -0.018834484999906934 -0.021992250267283985 -0.025135623585113745 -0.027899462876351304 -0.03108261251278964 -0.032848220838419276 -0.03428856321337872 -0.034063155968547816 -0.03231593616473367 -0.02818429978042915 -0.021479128887287483 -0.009052329033974968 0.005835972908039531 0.027786399139595054 0.05637118871309286 0.09238481073269467 0.1361700189666154 0.19197814796321094 0.2505182040654116 0.32285192653015876 0.40711836843297433 0.4975675370411476 0.5976861526878497 0.7086906754280844 0.8129021027954333 0.933203933320752 1.0478191846344886 1.1730026061072623 1.3036455708959398 1.4354151966235957 1.583619189183943 1.7532336454312043 1.907124480991944 1.983414553386976 2.0496037439882486 2.0660251291442613 2.0452436430576304 2.0219672872136507 2.0200249106893007 2.0905454365267095 2.1971024893497284 2.360210356648416 2.6048412299377826 2.950294970908442 3.3874669488214404 3.8125162273861384 4.234026342062575 4.6237544070914325 5.013151060492732 5.410353334535923 5.734720838959059 5.97573971097143 6.067719624914148 6.1778748525028755 6.250035663761756 6.3023469690985685 6.34211302753381 6.367528960100054 6.459954702795347 6.579202074279185 6.629033765110411 6.730496898168854 6.806044746611586 6.900278567107464 6.957424316700735 6.980298798221208 6.903424969556413 6.758295284610633 6.530141783245359 6.102570748806535 5.590140373424447 5.045050040483417 4.473639221099951 3.951024268301591 3.4316013368189604 2.9606173509996583 2.5204832007294233 2.122349948523881 1.764544984389155 1.4442946790633382 1.1646401494640477 0.916752141631992 0.7039701002992254 0.5301132897790412 0.38310796788317214 0.2564857556421096 0.16086038610191292 0.07880291485362358 0.015483701968936371 -0.029216404950895742 -0.06250459150186971 -0.08342606875342491 -0.09733880651187878 -0.10321776112957483 -0.10319143924626344 -0.0985604898444034 -0.09001152161362497 -0.07995884475736677 -0.06763731891699518 -0.05574694054150673 -0.043424932151838694 -0.03104102440026011 -0.019075335559590414 -0.007790010211078425 0.0031359146504119223 0.013829672155496534 0.02391496473409574 0.012342042234488437 0.002266257253510859 -0.00000505408344148737 0.00029131786619737807 0.000004259951313280489 -0.0000060466411588413064 -0.000008178867362743222 0.0000048361436530214325 0.0000014847085510109821 -0.0000010883947946077887 -1.576329082827513e-7 2.2010657061184996e-7 6.398915974796924e-7 -0.0000010195117279352402 -0.0000015376108821609701 -0.000001240470948411571 0.00002594270141276402 -0.000045094454254517945 -0.000013773068697946258 0.00034996821990306574 -0.00014430309639217148 -0.003718031835413557 -0.01120731858344498 -0.01714414837759333 -0.019477345194641112 -0.021775116924446798 -0.02381099131715731 -0.026115757998923156 -0.027292429543853094 -0.028579870500671303 -0.02858816041061873 -0.026909979943013612 -0.02443493431132385 -0.01891786743287141 -0.010155034082688693 0.0019198970954763773 0.016919854592607014 0.038692608920699374 0.06577633001754749 0.10018861275337866 0.13849807724823004 0.18860519582731355 0.24589446149608205 0.30755211763379725 0.381522325326012 0.4586492034709126 0.5473684400616758 0.6393583704629004 0.735236353476006 0.8329715408552834 0.936745060259068 1.0427224664852732 1.1474072224155305 1.2666083418875558 1.397933491706133 1.5489474780201573 1.7191145041976028 1.8238019214278396 1.845839113646796 1.831079087499927 1.7486813429195174 1.6767591867764138 1.671667353488136 1.717216087472118 1.7909231489098756 1.9518251719891897 2.200168806121691 2.490285747048489 2.8108965099155365 3.2255972748671313 3.5822380582818516 3.957877245665699 4.337965460592517 4.691087409495373 4.978242378082454 5.18188400947383 5.348071899758544 5.485858864856953 5.602331502886718 5.6869243656369015 5.7268756500124125 5.8072351637128 5.946480708190648 6.058360599268193 6.187567764760959 6.344150686884396 6.471815576693084 6.573078783601269 6.594541977784362 6.68635743393502 6.624105666253603 6.496723887319696 6.200414543502221 5.739017913592826 5.265254509567442 4.760997663785015 4.26340305993532 3.745099441263319 3.273059357424374 2.8210857886850405 2.4084135855128337 2.0382736710975724 1.6885174717958318 1.3982299413189647 1.1309100622381925 0.8976194722704393 0.7022759547005598 0.5330935326993984 0.3897021862488963 0.27015937026703074 0.1753269394918986 0.09538160149901533 0.031968860448145564 -0.012862695984939157 -0.047505438515563464 -0.06978207276544324 -0.08716050210433278 -0.09365885233659821 -0.0957638782903143 -0.09204353704883762 -0.08597977072833077 -0.0768240692617544 -0.06624231202381602 -0.054663797082353784 -0.04314029417101614 -0.03159069984085845 -0.02023346286180809 -0.009367048793839214 0.0013468374389097478 0.01179880407028042 0.02161369839440343 0.011401592873809934 0.002127716671110109 0.00002466084425601065 0.0002832538007148396 0.000006872359434713684 -0.000006502252835422625 -0.000008197206575231267 0.000004869637588301959 0.000001490791307856083 -0.0000010964297097730083 -1.7608662078928132e-7 2.4877752034356724e-7 6.929854691411971e-7 -0.0000010870019498745614 -0.0000017553716936150404 -0.0000015204179939472918 0.000029356505993817238 -0.00004997451500521539 -0.000026805020759740242 0.00034112253761108625 -0.0003400439384683093 -0.004439920380886731 -0.012557533017494652 -0.018683304031383657 -0.01962677986595479 -0.021252947110927557 -0.022305322619276337 -0.023249989641115035 -0.023815418325859625 -0.023202082333206767 -0.02186797901568782 -0.019566526507641877 -0.0155973558721479 -0.008768045287452972 0.0007608316148547689 0.013209410761271426 0.028254280051904765 0.04899777625275241 0.07482952337779061 0.10551061959032766 0.1403217669773471 0.18616530085806604 0.2314287167940969 0.28879314996755306 0.34517958248545133 0.41232517965924953 0.4796896955388606 0.5594612027529061 0.6340296444581595 0.7128231647547953 0.7886997153118481 0.8651884663567841 0.9514909464604615 1.0370228149928433 1.152694055221544 1.3013382046442699 1.476018754754251 1.6049239854117665 1.5913652422628546 1.560580284230398 1.4314826840713062 1.2876324039717748 1.2768021658558344 1.357525074974333 1.4224787238886394 1.5660710554975337 1.8064924343424862 2.106349865874241 2.372443374265704 2.685203898971598 3.0029931437561626 3.333045007123994 3.65447156532104 3.9307637334595116 4.167412454728308 4.365977366015833 4.639619486182155 4.804405159141749 4.941480539306546 5.015587700322029 5.134579923515916 5.2753666551362866 5.434714561859295 5.544835246061055 5.691543836735747 5.853039539603536 6.026672566585005 6.130152930702635 6.193358111877464 6.172863827845856 6.128381345304332 5.964175717946391 5.700607924303724 5.300069931552346 4.865808266304898 4.376908127110247 3.9191161606900646 3.462916958036461 3.014593503026344 2.618824873600618 2.242801178830374 1.9003134009041667 1.5936266513387807 1.3217778702786442 1.0693210061786769 0.8610787930642065 0.6801070023245196 0.5195584528135153 0.39055605972057555 0.27324656148082993 0.1849818457893762 0.1070152475840547 0.045483389556859835 -0.00045943262330768326 -0.03372736657233154 -0.05773018920136434 -0.07585258711843677 -0.0835295474321678 -0.0877532544334569 -0.08619335825222081 -0.08062254325923335 -0.07337219279576672 -0.06420929310219227 -0.05346294895157316 -0.04268179042353823 -0.031723665668813746 -0.020949397879294826 -0.01048098894693968 -0.0002628853513055844 0.009818583048671718 0.019322517609263293 0.010275376967895874 0.0019600125088844013 0.00005809226504900602 0.000272946804987791 0.000009708027537691515 -0.000006981739361271375 -0.000008155653974950642 0.000004872907512534909 0.0000014902451888945087 -0.000001099291675893736 -1.918492710594758e-7 2.743274217344098e-7 7.311830645303352e-7 -0.0000011284115693673489 -0.0000019453032661875344 -0.000001858085541060413 0.00003260944714195691 -0.00005463162849890162 -0.00003899926789333523 0.0003270489344140624 -0.0005318906979136414 -0.005222061385391008 -0.014305454598263519 -0.01949093780698069 -0.019836586675257357 -0.020079711773015818 -0.020558883224748505 -0.020006974231044618 -0.019046685206619646 -0.017878457129963016 -0.015144129174630127 -0.011651910347352858 -0.005927127614735257 0.001738733364307054 0.011528510310800934 0.02406560566356292 0.04035461395614003 0.059528809529234346 0.08264421653026498 0.11120258620702547 0.14066784649984107 0.1765127953623991 0.216933602950825 0.2601675299376091 0.3063045009365367 0.3575499043379158 0.4076514604097806 0.4590941016564517 0.5152653316018316 0.565664364727749 0.6092781686883247 0.6505739700867715 0.7080504573337069 0.7793197432023828 0.8383475560963164 0.940250597506489 1.0772043019875437 1.2404678543299292 1.2575172606522074 1.1763463349716485 1.0823429241805838 0.944203842829791 0.8885909162839879 0.9737785719115497 1.049961128336028 1.2389369947644144 1.4522343350349238 1.680489719389337 1.9260684625240143 2.188741263731086 2.471726279720152 2.7507786346491576 3.0366821418844037 3.3001731733891972 3.433468718215509 3.678692210608534 4.002770517207945 4.194765106446323 4.3395144107484755 4.439895614679773 4.574193969035612 4.722167795149844 4.916902876934054 5.078904969499902 5.1985815915153815 5.337104145342877 5.444967763001716 5.523008146481917 5.612024924397508 5.563930271383645 5.428383593472861 5.327136033800563 5.073105405774907 4.702896620883885 4.306902544960821 3.906857882083487 3.479222174060362 3.096054056529362 2.709630252988564 2.363969268481031 2.0227054222194787 1.7195876104233812 1.4657653200053837 1.2060054848931097 0.9932648197796945 0.812188689054014 0.6418829708775886 0.49782257665720236 0.376733668112298 0.2738525270274591 0.18613682326271183 0.11410062301876332 0.05645162827030813 0.012474349422590863 -0.023136738764525933 -0.04665219330810833 -0.0652169122387381 -0.07456748189613774 -0.07875960159822229 -0.08012415129336091 -0.07492686998228591 -0.06880162496134257 -0.06093741402889112 -0.05154198942437148 -0.041594191063661724 -0.03146792806049171 -0.0213138125143689 -0.011202443980400703 -0.001453757886557066 0.00799394867561116 0.017037657925539504 0.009323954995433217 0.001812074609235601 0.00008206865654812698 0.0002617729805672377 0.000011692105693809811 -0.0000072427053503472135 -0.000008023227822374788 0.000004813869251287698 0.0000014703258340580214 -0.0000010871732820823663 -2.0534949754426523e-7 2.9745792886321415e-7 7.55209919739123e-7 -0.000001143874226492867 -0.000002115845567517749 -0.0000022470079894794612 0.00003572693559237356 -0.000058980826404924453 -0.00005135748407138008 0.0003106531426265918 -0.0007346214276832511 -0.005997651876005536 -0.016040970612201683 -0.02038267390847802 -0.019528842088183975 -0.019200899306633767 -0.01802362117083692 -0.016569180133786655 -0.014555540600261138 -0.011902938784092165 -0.00798223077459418 -0.003307698803612765 0.0038812640779591263 0.01186304551160979 0.02278297552746319 0.03527437504414225 0.051173854522839984 0.06921086045997396 0.08982754241046392 0.11247766588165926 0.13914493700065972 0.16725952534007488 0.19491648287357394 0.2264037449639614 0.2612769540425132 0.28870796379235614 0.3196282804209336 0.3404562590504766 0.3687562598373569 0.3761995677405655 0.40361140506441223 0.40505555928356085 0.4169910485470306 0.43343722757883973 0.4469048152393643 0.5114574129405465 0.5981164603910711 0.7243058298881919 0.8059483045241103 0.7258622079179811 0.6004726022149303 0.5451630795950902 0.5242703410085556 0.591033621506459 0.6688361605034447 0.894588679261864 1.1173144520771452 1.3352215435646757 1.4912563116235267 1.7246073354482894 2.0205066497846773 2.2822255556779827 2.5382458165955892 2.741571462358847 2.9419178622339786 3.1927575508186967 3.438913370506472 3.6366950831021745 3.7979212333361847 3.9449539968508818 4.091511662078377 4.246884470081798 4.437894694687245 4.5847467083656515 4.7102234436790145 4.7951029564007674 4.845845799449981 4.917199655298394 4.9446565148355655 4.802430269641288 4.659328356576611 4.534024541032706 4.302560608330163 4.030830900559825 3.7005566559882657 3.348621884679266 3.0067428573531494 2.6515556745367643 2.354993887099317 2.0495095564094257 1.773994110575425 1.533943802487603 1.2872651838952471 1.0845170432761446 0.8964339217898263 0.7312552301256802 0.5922434486754063 0.4667479959569955 0.35627189567546425 0.2636528817175044 0.1828552899660657 0.11909746963064163 0.0644301690291691 0.021455094650972457 -0.01228350188399018 -0.03638389921013712 -0.05495238914699315 -0.06493671198658058 -0.07087099498635926 -0.07226909004737925 -0.06988098816081867 -0.06440961879488073 -0.05746489142578173 -0.049058051617034006 -0.04015146887111085 -0.03060917434800606 -0.021224610940614126 -0.011784478959820028 -0.0026135144541678482 0.006660535756208545 0.014973689236964773 0.008659406818278597 0.0016981263340103676 0.00009081446346965907 0.0002498609547939979 0.000012339378932828483 -0.000007181047435102269 -0.000007769635959380895 0.000004669806297155 0.0000014238679857555763 -0.0000010544027258132446 -2.1689213804140983e-7 3.1826796941529866e-7 7.6869932980598e-7 -0.0000011410007838223645 -0.000002266442782350143 -0.000002670833360823152 0.00003870165167593241 -0.00006311384697485384 -0.00006322616495661417 0.00028984106867652686 -0.000935933245035372 -0.006809806459707226 -0.01790093375968826 -0.02100174033710133 -0.019330748470296453 -0.017723129804346125 -0.015437076370015798 -0.013044198316254422 -0.009748475327333845 -0.005610648839800805 -0.0010021213097204996 0.005886389527815848 0.01361498939528495 0.02255428399981115 0.03385413608645805 0.04678485883838163 0.06131733571563628 0.0774109445531552 0.09582418018604097 0.11479291828688527 0.13487284046920167 0.15304996009941718 0.1712962175403863 0.1904049784402368 0.20250086638819909 0.22239407165588826 0.22118079921204928 0.21196357056977622 0.2005868526754036 0.18953524060558163 0.16279235845379247 0.1322930192828564 0.09625233746253009 0.046338282669718976 0.02674984639982345 0.01549184339815228 0.04547650830500543 0.10076269067812083 0.16627079234127723 0.17458996891724418 0.14698495545582121 0.12278513282604395 0.1416462471686795 0.20941380660164927 0.3628237370967097 0.561874629806841 0.7908543600978566 1.0244178036378921 1.202491921059208 1.4111943360495907 1.6922708079640707 1.9270563952459867 2.1349737326808436 2.3552734935132724 2.5636271734744325 2.7980508994333104 3.0284132970684787 3.197370254061971 3.335638697138489 3.4471375530700734 3.663330300614558 3.7977957499715718 3.929941848769433 4.09342580870929 4.176826833148829 4.213520460060939 4.222035612150062 4.232491679411355 4.211047362350179 4.051682729396823 3.842140720851453 3.7170321651398424 3.510502015756906 3.2763131651935016 2.9964129038732565 2.754828536309983 2.471841493006076 2.20584407168412 1.9487734246448734 1.7049993279122782 1.4776220354228045 1.2910875927428855 1.1002178215195344 0.9370634289075931 0.7876088390406994 0.6529546511785174 0.5237900652620328 0.41964931426206 0.3307111024807165 0.2460616138012294 0.17613235698822322 0.1203598755250859 0.06951035685625885 0.028332287720500265 -0.0014861539461526777 -0.02776998479681965 -0.04356028222823485 -0.056281553234494124 -0.06192632035644414 -0.06473840455427893 -0.06340033881713793 -0.059712005804451754 -0.053444751836633844 -0.04629322905122022 -0.03818465816871047 -0.02978447931199906 -0.02067538288393217 -0.012008690010676613 -0.003340897728998848 0.005115339600606923 0.013288306859034463 0.00804274038888037 0.0015820947796889384 0.00009075675854476267 0.00023530160764244557 0.00001219661706715062 -0.000006910140781199627 -0.0000073879765921065695 0.000004443512867058942 0.0000013526001089016513 -0.000001002659656363325 -2.2679797290844725e-7 3.363954426755384e-7 7.784026033510069e-7 -0.000001134216525544879 -0.000002397439265657016 -0.0000030557081470237193 0.0000413240939068527 -0.00006673978753952125 -0.00007418755062607317 0.0002641144727234434 -0.0011214927251959896 -0.0075955231901518195 -0.019489567710169804 -0.02171442322600592 -0.01880303112249299 -0.015796704488674373 -0.01306412686367875 -0.009096468858815343 -0.004874719776681719 0.00031670543375231713 0.0068417217125414384 0.014562513456049125 0.022999328253181444 0.03334977483404392 0.0450410345622768 0.057820141463534924 0.0715713017136063 0.08571687916711342 0.10010228888495887 0.11511152637939345 0.1271499058732035 0.13626489840625114 0.14843246526315365 0.14898923547101645 0.1477709395056108 0.13469524345193046 0.10707580360919408 0.07986256321584549 0.031067700118332136 -0.026093597077198324 -0.09994841694766543 -0.15571991051148726 -0.2495587709508102 -0.34575407364986366 -0.43582804367832045 -0.4986643588550511 -0.5409374221887266 -0.5219587614149814 -0.45724288454641704 -0.414393794283843 -0.35742777219012845 -0.25272782441805836 -0.21993202247927632 -0.12606451992554163 0.06750633753417348 0.29705828163007886 0.5429296038837366 0.8011819163462699 1.0255090046219308 1.250092336672777 1.4908496943339122 1.7219444761969993 1.9135652489162747 2.112279928435346 2.2957571204461 2.4988143532466998 2.645806642432648 2.8454284869649045 2.9461580193448578 3.021533618525601 3.1652692162395604 3.300378777073691 3.447075294278746 3.5643832992395357 3.621038783464953 3.6111156620388787 3.5274087323213257 3.4639052364716156 3.4157724904299576 3.2297903245734085 3.043127910393574 2.867564231984214 2.6917451319247707 2.5004865331641195 2.3114515604708186 2.089122319511153 1.8876451787803488 1.7028522734397507 1.5123817224378335 1.3422083446713082 1.2063134720187136 1.032321895798273 0.8996930536695827 0.7649587686951526 0.6623188207055662 0.5562518987366295 0.45894864456064305 0.37175865597544716 0.2960325965471339 0.22835413563307277 0.17014877526768998 0.11672982605468828 0.07171975086631761 0.03590809442031036 0.006683449115255209 -0.01767401086672687 -0.033965178120940374 -0.04608183455418231 -0.05354786218835533 -0.056478470780926916 -0.057186806812380774 -0.054000886444678736 -0.04947099304007139 -0.04299865606064589 -0.03567145277163018 -0.028218060741568442 -0.020058463834657234 -0.011964837248372055 -0.00394284545824194 0.003959765164675812 0.011961921170071207 0.007259042144539219 0.0014354089434293889 0.00009041202816059126 0.0002174007764906067 0.000011994049964165237 -0.000006591213386860667 -0.000006914901339958256 0.000004164415959285019 0.0000012660087759603327 -9.395298461317824e-7 -2.3552047222761324e-7 3.5105265485041346e-7 7.94971440812283e-7 -0.0000011456340669972718 -0.0000025174692733698775 -0.000003225645950504472 0.000043026058475150026 -0.00006871767560332941 -0.0000854657887116961 0.0002394890132898405 -0.0012926204242351591 -0.008012534168498333 -0.0197929539899767 -0.02194653429231612 -0.018087137626185364 -0.01455848752861087 -0.010062394049809112 -0.005200279845816765 0.00008761925638670234 0.006637852297819461 0.01459600631410866 0.022603871913200967 0.032790217975925684 0.043835812489326026 0.055840092835003165 0.06828049505550127 0.08142453703368524 0.09371207916044061 0.10534083329427664 0.11311600996370273 0.11720289730282471 0.12469202158244694 0.11704002414001308 0.10591069937488866 0.07919632797858765 0.04272364874720807 -0.003854617931320159 -0.06524452351116872 -0.14774156030008906 -0.2406003281850124 -0.3614521462648883 -0.47192289027907564 -0.601852069613072 -0.7492106531486363 -0.8865488070126931 -0.9945873622186645 -1.0744006638512504 -1.1126400250192348 -1.0844140957421413 -0.9615795766926007 -0.7723183183024198 -0.6311879112038887 -0.4991131374058248 -0.38112602584015304 -0.1427817901044743 0.08381329832868936 0.3531241892587739 0.6530441471038686 0.9591376141875267 1.2063421100989669 1.4446027669152657 1.6549679105811268 1.8217224370951137 1.9802895648104388 2.0627790090348292 2.195784259119482 2.366307311910186 2.472603592361646 2.5405891390865123 2.5955063958704114 2.751312864531962 2.8802305839298317 2.9900302054734564 3.066954247965976 3.0670971670428484 2.9919223552901646 2.861356140685899 2.7644828427211463 2.6352204080233825 2.3799034053093076 2.158772321850876 2.0118687212064157 1.8815743318692562 1.7268704485751454 1.598255749472268 1.4454004248676011 1.317961290297698 1.1953461023538272 1.0616093250897172 0.9670024364841774 0.8636626430273584 0.775185798211916 0.6819186316658157 0.6098228788089992 0.5290423440095339 0.46004691564036904 0.3857597188274392 0.3177709326708463 0.2614949649920142 0.20721320525994197 0.15730459674539443 0.11297353146232111 0.07461524416996748 0.04222458390085721 0.013961560680954286 -0.00729285451527837 -0.024535072873102498 -0.036653244334667066 -0.04393539293518768 -0.048873043804439686 -0.05005153385738951 -0.048084783776955506 -0.044823994674839086 -0.039589430522198724 -0.033353706561418284 -0.026265383742889913 -0.019082992889540466 -0.011722192122327852 -0.0043103756539788225 0.0029294119446803338 0.01023259275571085 0.006376511588189378 0.0012774858213160578 0.00009382487212768961 0.00019903229459182668 0.000012100332192235707 -0.000006323764634062358 -0.000006451497055214265 0.0000038934801996470365 0.0000011815132261268707 -8.783084713475035e-7 -2.431800380596982e-7 3.6278822559202796e-7 8.174117677941985e-7 -0.0000011738102531185028 -0.0000026159085803211212 -0.0000032831480799444138 0.00004421404530823923 -0.00007012379530597809 -0.0000943387240535177 0.00020868141150032465 -0.0014163534307514193 -0.008408869241821111 -0.020574088676299146 -0.022400228353238065 -0.017512541452481836 -0.012843366951150811 -0.007388312458179412 -0.0015694650831165541 0.005009555586539471 0.012777755143245298 0.021319898994391732 0.031028804763143514 0.04232637051871077 0.053897822693809216 0.06623741956762227 0.07894213121450112 0.0904651940283106 0.10080381452514271 0.10786921278488396 0.11175016163990338 0.11116310302010066 0.1056821348298585 0.08725595404205166 0.05377418871643206 0.015799794861730485 -0.045406876778275755 -0.1177356494969304 -0.2103516775167642 -0.3278596801297991 -0.4667408673788896 -0.6093289520572401 -0.7837219855921898 -0.9593236909944705 -1.1316287602666848 -1.315899738413176 -1.4828891797495147 -1.5778513683255062 -1.62974636237874 -1.5641219317199075 -1.3956744575296163 -1.105537964868154 -0.8672657836442906 -0.7046239011178486 -0.5379466056883115 -0.3041737518995916 0.004594261373225545 0.35445860194053885 0.6585931549675427 0.9838149169105326 1.253586949850326 1.4808179192122153 1.6870796889963424 1.8589600847992405 1.9615886586105538 2.062903527316149 2.113305584374018 2.15935464461538 2.1703625685116292 2.196714511750577 2.240535947097376 2.3498928227431333 2.4673198082970855 2.529725564719653 2.564027585984472 2.5040596024107646 2.4042037806269394 2.26096226626959 2.0955277673997927 1.8269856751660405 1.5309345036829993 1.3003372617240048 1.1665916021681837 1.0737331438122502 0.9741458252386042 0.8769722885993432 0.8180775131252208 0.7560574697632216 0.6825700461605269 0.6396476395484942 0.5861544315122924 0.5472891336697221 0.504602881800307 0.4726149749944409 0.43803795536855444 0.3913041829646878 0.34961943981967103 0.31013620250414786 0.26988770061821343 0.2248761608451347 0.18303636425625097 0.14540149156159815 0.10834096744665533 0.07651367153124637 0.047963438222749046 0.02264689327285578 0.0016357756242426629 -0.014776705576254814 -0.026925417834942685 -0.03484223209004108 -0.04066536570138232 -0.04320191244606291 -0.042230783785823595 -0.03968828213471135 -0.03573349020051112 -0.030379745763345532 -0.02435359614589584 -0.01793986582146764 -0.011307453404238091 -0.004582258416194704 0.0021533859176106514 0.008744195567794086 0.005512318953031699 0.00112506792707162 0.00009894309480975383 0.00018127687000899455 0.000012343835256378402 -0.000006077085005902745 -0.000006011996753626322 0.0000036367432293934056 0.0000011006152765548411 -8.199696158269599e-7 -2.4994848437224434e-7 3.7332015959087145e-7 8.365553134678805e-7 -0.0000011975774656745686 -0.0000026985701409370666 -0.000003373666182901241 0.00004541416650683071 -0.00007176528941934735 -0.00010126840995198443 0.0001767689380274702 -0.0015147901311006733 -0.00890808366873937 -0.02200617806557777 -0.022668840096264225 -0.01675346666531278 -0.011150023353533883 -0.005059192117999474 0.0018776664862330407 0.009616150531702472 0.018645205188978015 0.02825308574533932 0.0390203349103742 0.05108883716966686 0.06348406307874632 0.07641225055435115 0.08869501250452644 0.09954072148670771 0.1064566261478835 0.11273648784667543 0.11094026698458391 0.10203103720415913 0.08651765173864628 0.05520240325335219 0.012338163970577541 -0.053357864942039375 -0.13298429671074027 -0.22422288658234607 -0.3606952428959769 -0.5033194265207883 -0.6745503988526202 -0.8625651491862537 -1.076242755265851 -1.2990998875228719 -1.5087315924374185 -1.718088802765 -1.9079853797617252 -2.059069115207982 -2.0846181775195767 -1.9986185025096392 -1.7523232870562344 -1.3551750371735578 -1.0847393230250868 -0.8353156227916401 -0.5939497924740765 -0.31678199361525033 0.06002578931861249 0.44807446215615065 0.7742190838666659 1.0963423018484024 1.3898596000310626 1.6443204048915518 1.887722575097767 1.9840549294202217 2.061880089232333 2.097506866850135 2.0490186843364007 2.0115461479697925 1.9889332856548738 1.9224101520602164 1.9245787085508976 1.9916043710181894 2.0877735088166918 2.0839517682165067 2.061236512305674 1.9846884294846991 1.82203678094787 1.6541855271979338 1.4477917640528881 1.0869557431158672 0.709245274864876 0.4886957520050952 0.37153158156657295 0.3057124599805321 0.2432376944320749 0.21119477180332857 0.18608668526618416 0.19341917845297385 0.19574039733596874 0.21275753586439392 0.22106067610383912 0.2281863686145544 0.2579459870927828 0.25882107253274483 0.2628484482098539 0.25845049742759335 0.24650359794203877 0.23295246051014298 0.21467585382828736 0.19110185858705464 0.1624615607762826 0.13343846738062148 0.10528466575438443 0.07809202440086506 0.05296160861369159 0.02975897754448724 0.01076403173471423 -0.00457140385416032 -0.017396481305934276 -0.02593032955121943 -0.032569855378425244 -0.03592751565148651 -0.03620845820764673 -0.03464063365509351 -0.03171857587839987 -0.027395239410392475 -0.022202563852447264 -0.01667185991570062 -0.010726352515400368 -0.004700703909151612 0.0015048812840632222 0.007281816514069936 0.004787124333084103 0.0009927206008481233 0.00010029181126617488 0.00016435344046774355 0.000012241043552679269 -0.000005750277487769503 -0.0000055621313911928005 0.000003369956023028197 0.0000010165373417296318 -7.589382119070962e-7 -2.559507272783656e-7 3.84728484767785e-7 8.393701411404513e-7 -0.000001186295806466819 -0.000002781984023197487 -0.000003633961159242139 0.00004708828097149912 -0.00007399820393478253 -0.00010904246942828637 0.00015704803969787803 -0.0016463229743834064 -0.009421803611164833 -0.023284800048760386 -0.02321276801238024 -0.01630055035604864 -0.009916268493255925 -0.0025817866851517613 0.005122911371378253 0.013850642635280207 0.023751706453445643 0.03467184633378793 0.04675180144663526 0.05935332940400594 0.07268707145427761 0.08573987178736509 0.09802861150280867 0.10712273310181049 0.11388942178259227 0.11629834838973427 0.1091275327435945 0.09695194293578559 0.07051486693071721 0.025871077568749345 -0.031258031920367864 -0.10971191426205462 -0.20563780022281994 -0.3418296612854185 -0.49348055421647 -0.6797484695212307 -0.8766400158512361 -1.1141389121778427 -1.3523558790771821 -1.6037702220762715 -1.8612232644799052 -2.094391624219283 -2.2941996802477287 -2.457534445984468 -2.4841748084932473 -2.407938002322669 -2.099196969028225 -1.6233297852186805 -1.2294466215421362 -0.9392854679592051 -0.5934086949172301 -0.22012131217574296 0.16461800518452974 0.5561221696930801 0.9387068839835117 1.3046950533377317 1.622577463462134 1.8622121786150998 2.031892661967431 2.1065118449965823 2.168685621845125 2.164194942790595 2.062408193982847 1.9458546836342812 1.862475267463303 1.7683905511650047 1.7158797223147393 1.743561269959242 1.7479163762211691 1.7192974060247486 1.6560584641191494 1.4995184453092731 1.2755708344018266 1.0582806086792267 0.7893505877589403 0.3675368127829319 -0.009670976145127134 -0.28840960880984684 -0.3600271060452219 -0.4239300965034601 -0.4456654465015901 -0.4419431095863226 -0.3964099004703043 -0.33696511422068653 -0.26750724338111675 -0.20704334962785415 -0.12968025341289482 -0.05638726219521087 0.0007722507989236341 0.0589854094703938 0.09928549037549934 0.13405723559730168 0.15432978978540268 0.1620254765071812 0.1631553455568442 0.15394771128426582 0.14052814354055906 0.12341226517985548 0.10245476056471237 0.07991990512843533 0.057855925650930465 0.03759613637515668 0.02020811501296724 0.004431118144746365 -0.007658642550563222 -0.017421404355934762 -0.024612618391499183 -0.028126008962793984 -0.030220786169302842 -0.029808392940757385 -0.02773358784394833 -0.024313126832793498 -0.020193587291882618 -0.015205702844703337 -0.010013953639112125 -0.004571872615274463 0.0008589845396608217 0.005997998954554171 0.004270454427426086 0.0008865255229798934 0.00009199869644682998 0.00014768981113531105 0.00001126304144590044 -0.000005230817285674023 -0.00000504224366035041 0.0000030544952940465222 9.188320184218594e-7 -6.867795080492678e-7 -2.606775339932387e-7 3.949997138092522e-7 8.327824386663474e-7 -0.00000115730133588036 -0.000002853877128584777 -0.000003951395379129853 0.00004878750199839566 -0.00007624956842794848 -0.0001163929352827061 0.00014214198042876235 -0.0017804461506780367 -0.009919519394878704 -0.02462072401883066 -0.023564088106155203 -0.01593177754301363 -0.008784830468181995 -0.0007238586481087732 0.007932611836546893 0.017659191826899498 0.02834683102258029 0.040282628792843965 0.05352931228025794 0.06720205762614377 0.08102963976834819 0.09451065506933666 0.10662097903172651 0.1154100352536471 0.12073421226846641 0.12064256403476499 0.10911124308706137 0.09054184450134804 0.05315726545845084 0.003419176637061392 -0.06910466190244913 -0.1606029184323616 -0.2826968293263623 -0.43475736458138525 -0.6193304387048407 -0.8180538615656582 -1.0706586763789723 -1.3256962161312076 -1.6187160498023554 -1.9048481732608205 -2.1757068435587255 -2.439152847062125 -2.6707581496328907 -2.835174955654371 -2.8383633459999253 -2.7555152763979835 -2.4371941200515708 -1.9140588769990792 -1.429959946814904 -1.0014145337531046 -0.5643608964052768 -0.11417910508691947 0.31791786106939346 0.7640799812829058 1.2044944700324753 1.5436126702348707 1.8143261157459938 2.0238664592874014 2.1364554925787953 2.2047247800903906 2.2334585033367205 2.157443932697383 2.0721516735822725 1.9037782066131275 1.708567250399626 1.620336154055657 1.615630634517675 1.5590524246301432 1.4836231697088758 1.4387425445286188 1.3007131198556514 1.0662014363552368 0.7844873651008059 0.4937830805369314 0.11989350259278253 -0.3021510140720637 -0.6868334405086041 -0.905301655175117 -1.0350784621047318 -1.0833868449620003 -1.0933221934713049 -1.0372982255647796 -0.9395354166638349 -0.8415530959136146 -0.71760892808195 -0.5956598596272813 -0.4697680010150655 -0.33547534422367015 -0.23287529513852398 -0.1328276828444297 -0.046219113829091135 0.017182297033104393 0.0661013174970906 0.09550882088285681 0.11526034244833867 0.12157874985113354 0.12235389195856922 0.11350349904656312 0.09820717338190053 0.08236572176846445 0.06419135826636402 0.045881334485080215 0.028973432004125683 0.013730830432692583 0.0012921302624994571 -0.008757166692864402 -0.016776937317132333 -0.0216653041771278 -0.02415251053555185 -0.024853632247997644 -0.02401480888325007 -0.02130611769737479 -0.017765988339154187 -0.013810518292653777 -0.00923654683313824 -0.004392309691107293 0.00040051602379664414 0.005144053322277646 0.0037185948016227157 0.000774492825002111 0.00008340255158213325 0.0001306533021267048 0.000010196616726016827 -0.000004700573839727846 -0.000004490210180234975 0.000002722063418291605 8.186211791136695e-7 -6.121389607777245e-7 -2.636559885375007e-7 4.0277251471289185e-7 8.196297984947986e-7 -0.0000011183625702560656 -0.0000029067149420007884 -0.000004258715412409605 0.00005021724941582333 -0.00007808701507217489 -0.00012280652519076215 0.00012906734026837873 -0.0019031277215552495 -0.01034980791059829 -0.02504154113421042 -0.023868599066708376 -0.015791765075093937 -0.007844938943776322 0.0008056165588130683 0.010167456436357681 0.020557607302262696 0.03223485617360938 0.045297102951147895 0.05924761854357395 0.07406121447398306 0.08853775660618189 0.10231365392140881 0.11472333393617702 0.12384971508288511 0.12869903553284742 0.1231970905372931 0.11175126886881333 0.08417958184850784 0.04143835959827828 -0.015212594294806363 -0.10172436797989841 -0.20780254340261484 -0.3499826462299152 -0.5197258604309627 -0.7275360135841064 -0.9630450379402713 -1.229167418115404 -1.5318390001598559 -1.8413703094757403 -2.165825057360267 -2.487078197084457 -2.767260010865377 -3.02373114898919 -3.1740437203358414 -3.184617323504396 -3.0673664064339494 -2.7394681754434487 -2.213944858093707 -1.6629199225324942 -1.0837645622858159 -0.5489493437238695 0.019404214197179998 0.5143883880593529 0.9973970087517099 1.4296903224295465 1.7739778868277203 2.041378813768888 2.2007784176064584 2.2395826841904993 2.2397911001024267 2.2629743662144732 2.17876653495064 2.046110715568732 1.8150566370801537 1.536744319999554 1.393537308256633 1.4467629612093666 1.3690801489932034 1.139550165085873 1.056168864662155 0.8770565668262417 0.6001156435852151 0.28311219984062364 -0.034722609545424166 -0.44789607820784133 -0.9227297696785143 -1.2936963856290735 -1.536079450689478 -1.6726061880151775 -1.721849763401458 -1.6934695189093865 -1.6110714316295511 -1.465945417774712 -1.3132764912059147 -1.1360481692313018 -0.9476839034643829 -0.7730245644083656 -0.6026121475023988 -0.43841784471112855 -0.3015701200465334 -0.18705809412030164 -0.09115191120287512 -0.014176080870101127 0.03330102076725922 0.07334650967509172 0.09759656896310379 0.10271948252781798 0.10564983561540182 0.09738288872717056 0.08480472282876425 0.06976358859161678 0.053714930537706276 0.03746220922962324 0.022704544993930723 0.009414093073076986 -0.0006062850578623339 -0.009443796328938872 -0.015081659580298279 -0.018513212344183277 -0.020237837509253252 -0.019827376187319508 -0.018427104441628813 -0.01573219163917318 -0.012233616449832884 -0.00841765148704639 -0.0042269110821037004 -0.000018127265791910404 0.004282819130656868 0.003126708736080807 0.0006589501554389864 0.00007707048087723779 0.00011399581452361088 0.00000929411873447984 -0.000004216922538221274 -0.0000039510497244058485 0.0000024000687316129824 7.229543282506569e-7 -5.406910672590662e-7 -2.647367996874958e-7 4.073638261945564e-7 8.025624649108397e-7 -0.0000010759618274317715 -0.000002936633901853187 -0.000004513882823145829 0.00005121485655643128 -0.00007929469117158995 -0.00012783850238650248 0.00011623159602796592 -0.0020033918210142694 -0.010688859395036571 -0.025359391999621315 -0.024658642513484222 -0.015857402925245373 -0.0072191545206898335 0.0017707141766351287 0.01184193968085327 0.022942348992133994 0.035565284264296816 0.049215025205918944 0.06421708296243063 0.07975536327986163 0.09541301596844248 0.10948567067823962 0.12314195083676632 0.13084963166248867 0.1348630176161985 0.1291127610227902 0.1145632893599081 0.08041546123258936 0.03326641177943203 -0.028399993512925846 -0.12355031125285762 -0.24869254997936102 -0.40659010740615736 -0.5941557575523371 -0.8232967952982139 -1.0839518644277475 -1.375604165002311 -1.7005848188974357 -2.0443509883473645 -2.3957966871331964 -2.737993668294122 -3.0559980638701174 -3.3243455314625296 -3.4859363444327687 -3.492498389221576 -3.374922053060377 -3.0445188639075056 -2.4872058573038816 -1.8332441079214326 -1.1821113765491311 -0.5020462396106167 0.15691396752742762 0.714541245463209 1.1892905690344269 1.6459504632975563 2.0731434108349074 2.280668132293001 2.365678075625678 2.4735911147230145 2.4126247686173756 2.3329799266882647 2.212429422460468 2.0153677130220617 1.7874073351017743 1.5014210619004293 1.2928782414835618 1.1806470691202533 1.0589728173113553 0.8368479577366317 0.6573464882637196 0.43264162223157837 0.14850826032389444 -0.21147490420424228 -0.5548297506340045 -0.9641396914666664 -1.4572751684408147 -1.860820775939244 -2.146314723470871 -2.322548949200702 -2.336308259469147 -2.2672456050265155 -2.1525057786170696 -1.9574446806071064 -1.7495574977001667 -1.5267731557895783 -1.2849394610322509 -1.0527999914843225 -0.8345366311299267 -0.6278316754284464 -0.4632842655934945 -0.3192775018075745 -0.1868246715339297 -0.08767566415873135 -0.014715800395291398 0.0325739562399588 0.06917086656426388 0.09020435068942638 0.09965867984140328 0.09596559534541138 0.08734220204244043 0.07597911965190583 0.06079157195257865 0.045617669939978914 0.030570983751099373 0.017574681613290604 0.006457109203150318 -0.0023460885856083466 -0.009069626561235918 -0.013268961718006608 -0.015983145748150126 -0.016493280918861073 -0.015405034832819542 -0.013638611941578517 -0.010843943584372984 -0.007500520299365419 -0.004037785023033123 -0.0001382005936262285 0.003501895209513778 0.002575494045056315 0.0005541951668254179 0.00007297133683158326 0.00009895181607191308 0.000008604466770790764 -0.000003792545872653901 -0.0000034715822715732216 0.0000021139682022386596 6.373866825489208e-7 -4.769948562158559e-7 -2.640095150129928e-7 4.087763476448551e-7 7.829672443150112e-7 -0.0000010332094980735757 -0.0000029416486394662174 -0.000004718283232310098 0.000051804525338498276 -0.00008000007969519736 -0.0001308365194419783 0.0001030462558518094 -0.0020710089989666126 -0.010976424943703532 -0.02609070215143568 -0.025365288629835423 -0.016177991841720255 -0.007231459973843052 0.0025234779244912384 0.012971104115976073 0.024706173939356087 0.03802110579223364 0.05251792828181258 0.06830137518704925 0.08459236267715863 0.10108165660658736 0.11629202420923504 0.12977891228354685 0.13831919395161998 0.14121882840053984 0.13720375724026324 0.11609417651921086 0.08290813093465814 0.032800457847588324 -0.03717362165247014 -0.1412118235624133 -0.2768987718132102 -0.4416586539497532 -0.6501348855751445 -0.8941364901266686 -1.1775855535733613 -1.496480186056873 -1.849163250794976 -2.2178292812443607 -2.6041438410088014 -2.9671177295233724 -3.303075062340665 -3.6043993562315615 -3.7817695203507533 -3.812024695363346 -3.697136741016794 -3.3380615466832886 -2.790442089434394 -2.0805634312088435 -1.3523837697315177 -0.5859866375914117 0.14309066140782212 0.78532054711669 1.355714494277236 1.8468242209716077 2.3585726861878844 2.522905593158465 2.666034287865834 2.7207044741939583 2.682482691544819 2.5376904414094317 2.4094720737723314 2.0706351982534885 1.7893911820672226 1.5309656707955248 1.2757757515356494 1.015602851800443 0.7538015234222537 0.5173538718073789 0.25569974338308843 -0.03122095637831313 -0.36847883736725845 -0.7399357525400941 -1.0980922736067844 -1.5249487048167778 -2.027991757473324 -2.4916818707658575 -2.782491041305715 -2.978691195839304 -2.9407749635415668 -2.8467022388029584 -2.6808444556620414 -2.4192204616097586 -2.1704984265573595 -1.8810694440340563 -1.5907393842701907 -1.3146212510039015 -1.0491151141265664 -0.8081359913596272 -0.600596963520724 -0.4241052664251212 -0.2747796412388427 -0.15077847844311684 -0.0625452947499562 0.001871892039581869 0.04847342151229793 0.07772015360288294 0.0950711931064463 0.09782364700537265 0.0907384547126118 0.08083168337454097 0.0676890877049654 0.05281422410020059 0.03816753953026909 0.0248559984074446 0.01329078251996086 0.0036127873626122468 -0.0036926928933170753 -0.008640523787262403 -0.011831070011031435 -0.013448523389840187 -0.012797203334844798 -0.011438068559702481 -0.009515762089893211 -0.006632912559983458 -0.0035420757852245716 -0.00037204309184401467 0.002777180840363222 0.002167548947924416 0.0004766773277606389 0.000069680650555329 0.00008673973372918725 0.000008049354977972894 -0.000003416475849490144 -0.0000030864897921119623 0.0000018814310767229962 5.656209059735498e-7 -4.2402160601816627e-7 -2.6404368712305637e-7 4.1112176087284566e-7 7.674697122636651e-7 -9.978018099387377e-7 -0.0000029520542232266314 -0.0000049243368452540524 0.000052509779630659085 -0.00008096027343781033 -0.00013309485770431997 0.00009789377152576193 -0.00212761562631013 -0.01123385629749715 -0.027121037424594256 -0.026203928811996565 -0.016786683834586726 -0.00756784775989434 0.002253544963975809 0.013012716733325118 0.025593759856793116 0.03930192027136218 0.054506158358229216 0.07112143473782831 0.0882816724916293 0.10578578731290478 0.12172919966493484 0.13536673244204972 0.14549005926610264 0.14891331995835863 0.14217867680482674 0.12156037853100471 0.08785899485249998 0.03465207091664791 -0.04380464125219175 -0.1513653575768509 -0.2975578914304604 -0.47477712545029654 -0.690844049152781 -0.9489817183253647 -1.2477031659972064 -1.588986940811855 -1.9618432333219615 -2.3628216310870873 -2.7722149260312516 -3.167700694518881 -3.5289245539589715 -3.839023171394884 -4.054988172340175 -4.14903894716597 -4.040899875505144 -3.7025545506033772 -3.165162885315412 -2.422244009592382 -1.5800962734388158 -0.751672174726126 0.05498603420923984 0.7955684774642114 1.4642334082472015 2.0575049906568714 2.5751252221777965 2.8413268917555623 2.9097852175731598 3.010544981022006 3.028877485598469 2.858971508238845 2.611621634882629 2.2297639828374325 1.888637035343979 1.5771026052915091 1.2398500082200825 0.823694165644897 0.48550351809329895 0.1510180835971317 -0.2535477365114174 -0.6317459778344834 -0.9684057816704893 -1.3307437554995563 -1.753280058349355 -2.1926304890841863 -2.7599583297807357 -3.206493578648648 -3.4838719748509765 -3.613931214885258 -3.5599244319612753 -3.438807296550567 -3.1715135813945756 -2.888434261782768 -2.5615123226623213 -2.222384742459533 -1.885805559957968 -1.5448763935828673 -1.2480353574411809 -0.9660825594774682 -0.7209758492168986 -0.5181001665678229 -0.34903109207619587 -0.21179396149668483 -0.09998182179871258 -0.02120328027921496 0.03365325194074574 0.06972710691822152 0.09144697893756241 0.09792945751755784 0.09573964094704732 0.0859756297907252 0.07368368466935452 0.05905517587065626 0.044443929586996764 0.0308464815404653 0.019035923481713665 0.008793259757684826 0.0009747529266630307 -0.004656476833511705 -0.008159115970415224 -0.010540659556140948 -0.010631349154988236 -0.009627080100584912 -0.008151738339813827 -0.005681456897042233 -0.003141917216494019 -0.00035666449849677714 0.002385744006831894 0.001888972778753196 0.0004207301258430547 0.00006476143696199411 0.00007675442055725295 0.000007455680466816353 -0.000003068484942518587 -0.0000027755231381580087 0.0000016900023989197947 5.043077766031915e-7 -3.7911926717900645e-7 -2.644096233631023e-7 4.146834282366968e-7 7.48614292182592e-7 -9.542593853468897e-7 -0.000002963882646295731 -0.000005226043902454462 0.00005360297567397894 -0.00008264960525263321 -0.00013410310747260116 0.0001059125583811778 -0.0021760100737743563 -0.011528916403008106 -0.028370203585257162 -0.02722436248170908 -0.017555185139149346 -0.008228219141007817 0.0017644726158763467 0.012735323917324742 0.025676533421938805 0.03957769503515363 0.05554048827769958 0.07269859174777572 0.09086177719178276 0.10903867062390842 0.12652888774404084 0.1408819764658718 0.15157955861671207 0.15628563082824293 0.14908497332519463 0.1300762643396878 0.096192667796504 0.03945154186184942 -0.039796411387285166 -0.1591167197378114 -0.30891048147498745 -0.48675738077486885 -0.7244081544823154 -0.9930098862693036 -1.3051114133271002 -1.6605911553664123 -2.0513264573166645 -2.470154867418366 -2.903863461499755 -3.330034829499808 -3.7350667150555306 -4.0837166608322395 -4.333948157527905 -4.4639265907082395 -4.420835694030111 -4.10727925075897 -3.636084091851869 -2.8643111752089183 -1.963910161206688 -1.0151670053212798 -0.09445046801439405 0.7711379256691102 1.5342653136752193 2.213586337947567 2.672600551229004 2.958825231182023 3.1523762048257677 3.2953433788069977 3.369756521198079 3.1733658279105343 2.867363417739423 2.433783156609214 1.9957992320655893 1.5163573185129826 1.0957930700132477 0.684679567849854 0.2093137595095844 -0.22654059127038517 -0.7602042453903993 -1.2134953390301602 -1.5791345425791024 -2.0272561688530417 -2.5143150739789877 -3.0263474997144195 -3.627537312839268 -4.0304460463346885 -4.2542124287281515 -4.324557963232085 -4.209498563753889 -3.992004097084344 -3.6801427092698664 -3.330564799465838 -2.9382102679089215 -2.539356861817536 -2.1448527622371003 -1.768899201414898 -1.4159531642526648 -1.1069485433328015 -0.8389790604339923 -0.6040047904209552 -0.40613836561301797 -0.2575370718429133 -0.13156550995894156 -0.0450393744074277 0.022038206942809318 0.06251893158942065 0.08824126337690923 0.10045499029311843 0.09689912444318946 0.09157962828478101 0.07871157777036526 0.06452653508388143 0.04987969369888121 0.03603916484410119 0.023735347350063933 0.01326465021012713 0.004818359100418943 -0.0013317020596919494 -0.005291597576482912 -0.007801085874575591 -0.008560447770687084 -0.0080764844927239 -0.006756818237137245 -0.004771908049468154 -0.0025134291253357003 -0.0001700530940381697 0.002222072348878716 0.0017386298856275524 0.0003831771184499815 0.000056108361273559685 0.0000686577981063877 0.000006588956609959399 -0.000002715912818705307 -0.000002497633981700621 0.0000015166543790145283 4.495012978645958e-7 -3.3853960882803804e-7 -2.613536304365887e-7 4.145594384100531e-7 7.095350082782284e-7 -8.753074717611502e-7 -0.000002933707930183447 -0.000005665834440161664 0.0000547374659268097 -0.00008467040955434309 -0.00013135681464318904 0.00012572355719189202 -0.0021882464331572935 -0.011884743463847831 -0.028995796186093752 -0.028104125042398787 -0.018637289002499908 -0.009163646160183957 0.0008902695129316152 0.012125855911930841 0.025038991450924194 0.03968473007710687 0.0556500903769636 0.07362568771041907 0.09263790832625769 0.1116405839031046 0.13026351381920215 0.14617175965614768 0.1574127866783159 0.1627519318911549 0.15828644617209744 0.13819609640676328 0.1057721558540099 0.046861899822486786 -0.035411713154101694 -0.15399698179745452 -0.31169322435783225 -0.4928620144498504 -0.7401414887197189 -1.0140999264490405 -1.34420613271564 -1.720445558935869 -2.1274706971812924 -2.563590007153437 -3.0229276758281647 -3.480928712883624 -3.910073883849451 -4.289008668728895 -4.614945622214959 -4.794532628519284 -4.807072504440737 -4.553131575311698 -4.100275077985806 -3.3198318136098117 -2.332345834296128 -1.2806721366354203 -0.23632064424762875 0.7842183940799086 1.6195433060514046 2.367458379126395 2.7921314420573804 3.0269616394029426 3.284695303526668 3.4359021405217502 3.4591847631714963 3.2838900479190993 2.9852495036729247 2.520930174742469 1.9745822201735987 1.4159323193101454 0.905602254736951 0.3970453693234216 -0.1568438919882095 -0.6725533730870844 -1.2064435474912854 -1.7083360754425896 -2.212947249150632 -2.757108905826636 -3.38575094197582 -4.00626035468673 -4.526890336194812 -4.948852048386389 -5.054358519525084 -5.056648303275816 -4.862915005728439 -4.58389510573198 -4.184296470308532 -3.7611720792569483 -3.308281646092531 -2.8488846372356886 -2.397100916659494 -1.9756944974623263 -1.5879126447518652 -1.2320060566060285 -0.9444716929193638 -0.6756004976308105 -0.46214963276829024 -0.2988652573627339 -0.15173835179384837 -0.06273853751214234 0.010154672448891221 0.058100434163565036 0.08608427838354255 0.10169979760365386 0.09997635833869989 0.09474560939373697 0.08256030574537702 0.06847543631377116 0.053863617200291834 0.040085923721917785 0.027403177138619873 0.016823167634911342 0.007859275651719736 0.001449882836558687 -0.002878085493867832 -0.00558047251753125 -0.006632328508890628 -0.006585257411026988 -0.005395158187710543 -0.0038258573492803536 -0.0018256946792905814 0.00032114425410172283 0.0023791204744906445 0.001730201531012618 0.0003648970047362434 0.00004270224046712786 0.0000624649392394221 0.000005237411777619224 -0.0000023216323215192386 -0.000002205238847222319 0.000001335498788254287 3.9767770455654774e-7 -2.985362057283162e-7 -2.4932050475028187e-7 3.9906094637312534e-7 6.543713037829291e-7 -7.85766393210439e-7 -0.0000027908897634624513 -0.000005843949788973149 0.00005378505601491973 -0.0000837657468924306 -0.000121344169493221 0.00014135792767755443 -0.0020777153436195173 -0.011862565472042693 -0.028999570929733282 -0.029570491638243095 -0.019617167093206062 -0.01045852021235547 -0.00034184597934982386 0.010768433466756894 0.023913317627093457 0.038700660442006665 0.054842076288400904 0.07370166677168151 0.093404473295819 0.11368609150640262 0.13281184631492446 0.15047527263906166 0.1638088717043208 0.16977776471405598 0.1660097544367202 0.14900643387178727 0.11409564282353767 0.05759389353488846 -0.02591052846723541 -0.14404160196415652 -0.3072095924255681 -0.4984661521301538 -0.7412185214912193 -1.0300501209889468 -1.372113830052137 -1.7526559447535883 -2.1753236590422693 -2.6387221973206314 -3.117296259441687 -3.5927706987261807 -4.074390041369761 -4.476947925469117 -4.852194321193242 -5.085909228711359 -5.13531115201052 -4.949206323653227 -4.530959754644524 -3.7501008180624074 -2.6903162438794865 -1.527047229376583 -0.24970002930272744 0.8648305737347299 1.7552769935762185 2.52046946460453 2.9360767846252194 3.2843835241481516 3.412541880674468 3.4794790255939794 3.4961603861315047 3.2541958524025527 3.0201997280214012 2.4983463328416975 1.969740964289032 1.3317283146401264 0.7631861873867577 0.15651579450251754 -0.39619455094471767 -1.006166055228914 -1.5904443267099375 -2.178517265203328 -2.880235716722336 -3.527743010436044 -4.189616560969347 -4.9474521801788836 -5.559321450358354 -5.880980928623018 -5.929964718334667 -5.812385708827301 -5.583093785597533 -5.1427164606951985 -4.687919628297725 -4.191222090767878 -3.6581071572992117 -3.1475314630672213 -2.6268405085617643 -2.1632079334976737 -1.737755651461681 -1.3474493687754212 -1.0223157883595853 -0.7471797384371317 -0.511627670880962 -0.3331605040534348 -0.1837799477884393 -0.071146426126493 0.004099813029996645 0.05194394358434701 0.08877259304049835 0.09787572563210115 0.10372567680939716 0.09638609832450011 0.08542536649445323 0.07173660958183926 0.05696986668320791 0.04294806211654114 0.029957178237696662 0.019432970528994106 0.010273910673075613 0.003692494004040069 -0.0007249882647986148 -0.003581618412701268 -0.005206865122603801 -0.005002848521329489 -0.004311522204239678 -0.0026748989592145275 -0.0010217481321746586 0.000954907243050025 0.0027910933103984315 0.0017822668069083036 0.00035382367868381685 0.00002627863067055076 0.00005649867203878555 0.0000035474424264366888 -0.0000018657171780891346 -0.0000018723771753380402 0.0000011302171613575964 3.415598082919973e-7 -2.5438891001383925e-7 -2.2992149421001015e-7 3.6248215912152445e-7 6.416129687671451e-7 -8.121429349209737e-7 -0.0000025428787262300096 -0.000004927333243754197 0.00004804956982479067 -0.00007539999034280791 -0.00010520731654204835 0.00013452757536177673 -0.0017757081058858849 -0.010588196852308263 -0.02668696881088355 -0.029515732472156234 -0.020943214274551092 -0.011829380079885252 -0.001819034191534053 0.009008990795705158 0.02229063697736903 0.036962609907185535 0.053626913470990765 0.07285116558333175 0.09314432924721885 0.11428854412463109 0.13514804085280333 0.15376148206213106 0.16890168288460533 0.1775533195819193 0.17396528177784779 0.15833339831179616 0.12478630310975265 0.07000673407576626 -0.014194390908747594 -0.13010949634783583 -0.29702079464373154 -0.4922001540221298 -0.7410885470439099 -1.0335329085339648 -1.3904687017594441 -1.7712535182986384 -2.216564913226833 -2.6902097808011316 -3.201164475699158 -3.6960114226141485 -4.189917333267198 -4.657779366793482 -5.03353857192034 -5.291189834803324 -5.393304784192695 -5.252154431671332 -4.793613875355149 -4.036397883091853 -2.9581258286440026 -1.6150265952890148 -0.27033888197248324 0.9943227177826353 1.9779159490541776 2.7441541608075384 3.2072004611551947 3.538226983892323 3.653971106188578 3.7028141542775046 3.5797248933975174 3.336699305726792 3.0892597057468505 2.6536264657478195 2.0481236823158278 1.3502031286918343 0.6971534067561398 0.04834886611120391 -0.5134492509452455 -1.2030940843589553 -1.916629076420467 -2.688205630125024 -3.5028714847417257 -4.2656805522101795 -5.1186357568246885 -6.007794300988017 -6.635847543355768 -6.856314221632996 -6.810555054911918 -6.614284123498446 -6.239168091450903 -5.726778833172916 -5.206588715210377 -4.5914788393481825 -4.00119566119691 -3.412480479819775 -2.867316506892243 -2.339660275625584 -1.872283886976484 -1.460525917482602 -1.1039623333930921 -0.8054200489146254 -0.5564554454118438 -0.3594349679860158 -0.2048763857461215 -0.08869400654126096 -0.003870406707054032 0.05101636925270968 0.08560305429200865 0.09903462807402419 0.10343065381053887 0.09783240810472578 0.08716352155421217 0.07358591261795018 0.05894070174579348 0.04489876071565779 0.03215898702027329 0.021268934118384538 0.012075192643158879 0.005427862150531334 0.0010885558646086424 -0.0019194836467206968 -0.003699814522212919 -0.003620534041594958 -0.003051703084887508 -0.0016811833046673638 -0.000015772921819220492 0.001651130699101067 0.003322158703439038 0.001767350688558372 0.00033615852606063405 0.000011780941078981875 0.00004927377307944975 0.0000020895574282248267 -0.0000014007748885078576 -0.0000015490395361660868 9.272641245209783e-7 2.808955258676105e-7 -2.0822941257887215e-7 -2.2226701731627225e-7 3.328570832598126e-7 7.376101378803218e-7 -0.0000010503143573130314 -0.0000024069160667225854 -0.0000030624590246943768 0.00004058260487547916 -0.00006399958414910996 -0.00009407675073590455 0.00010940247160702224 -0.0014375398591535535 -0.008559764807927993 -0.022024947248644747 -0.03279613746187166 -0.02177775753753312 -0.013265666574985905 -0.0035013048960562372 0.007422179791207329 0.02012104972240533 0.035023898282715855 0.052156610829383526 0.07147992834545551 0.09270931127422244 0.11458237294368671 0.13631378937339753 0.15682891581845446 0.17351940937929708 0.18286103493305056 0.18395268565670297 0.1670069204781693 0.1376001788255154 0.08239311179279467 0.0011230830772267963 -0.1167324134563389 -0.2835696898302722 -0.48077745658286813 -0.7393751659362909 -1.03095544239168 -1.3961381847680339 -1.7932843488718004 -2.248029066803193 -2.7415339673647723 -3.258371140553205 -3.7918495748907772 -4.300665948763892 -4.790333857919924 -5.212372004535134 -5.456741964997146 -5.605425584624315 -5.455831792067332 -4.983461643186019 -4.163678686927352 -2.970983994781876 -1.619875954477236 -0.21073560593291754 1.1764177495312214 2.282257852758792 2.989812684889348 3.398868286477587 3.7107870639596436 3.824069555308612 3.8111190512921387 3.7272693859749038 3.5059064532832127 3.1290660009549445 2.689160788996776 2.06972711285951 1.3585408610292409 0.6558642241216968 -0.027423458019939458 -0.6918040246383345 -1.4031059897135505 -2.2265802782286244 -3.2086460509651067 -4.127565262538071 -5.1204393842671845 -6.1855938866674895 -7.156210094895427 -7.6880846644877066 -7.857375297521559 -7.693333964336898 -7.385018968608029 -6.911957229450221 -6.32770314462808 -5.688195500173288 -5.014285892283507 -4.3447535690530055 -3.6914012548649753 -3.077796692158898 -2.516449854663842 -2.0143006327046504 -1.5564403727643028 -1.180747802090158 -0.8550800286474649 -0.5981981565444944 -0.38593240591870054 -0.22672241708295704 -0.09630749315815168 -0.013757511624608403 0.04753221133456215 0.08225764955576353 0.10055738593760612 0.1029771451446365 0.09863488926913623 0.0886222134625889 0.07462919013278327 0.06032058328629114 0.04635730287305 0.03381087322226522 0.022749105445686296 0.01354377637604965 0.00721609165986309 0.002403601233462643 -0.00029831012091982107 -0.0021793304224539335 -0.0022380308099380504 -0.0017161249636772867 -0.0005525751208740267 0.0009825527756722212 0.0028729502413181647 0.003644285872617977 0.0017214047673245025 0.0003262706061454736 0.000004193950383236712 0.00004404879218678171 0.000001477472755694185 -0.0000011106969603624481 -0.0000014027437516029675 8.266501753018915e-7 2.4176060426203206e-7 -1.8071985338595762e-7 -9.877171011502877e-8 1.3018594092511013e-7 4.460431691829122e-7 -7.33776916356376e-7 -0.0000010203534510757131 3.6935487167570396e-7 0.000012057375368203771 -0.00001929518426426335 -0.000034844264612192496 0.000026232417579581498 -0.00037258469318644257 -0.0021347273536666666 -0.006256270040689314 -0.01919792958656496 -0.02467898264729292 -0.01412794517397689 -0.005543196684047094 0.0053580404836559 0.017627718658269436 0.03248093137296279 0.04959272584720714 0.06966005207490818 0.09160935272430545 0.11436688194301677 0.13718897475210864 0.15862009290368037 0.17684336338392592 0.1885667156653594 0.19022689443732627 0.17925305080139442 0.14992108123064202 0.09770000738791684 0.017000269715385402 -0.10148585112365452 -0.26101465377895416 -0.470598995580309 -0.7212052707385523 -1.023782527149495 -1.3934189238994747 -1.8029571183813455 -2.270313212919519 -2.7726918367330575 -3.306733512884679 -3.851906932271996 -4.39353773718276 -4.914301137363316 -5.338549751901629 -5.643969421305278 -5.772341691528564 -5.648973191105043 -5.187630156500439 -4.32688029324487 -3.091866551288804 -1.6299356088454666 -0.09609469932667124 1.3492489139698371 2.4168192450823573 3.125366260434172 3.600466342270522 3.850812771877228 3.951596155214208 3.9237939862891498 3.8210798966230106 3.571935098393495 3.219074558039501 2.7630827773390743 2.1726586392811686 1.4561786511270098 0.7043387801183134 -0.13013709273622887 -0.9015778240323231 -1.7170240907902588 -2.5655556482704727 -3.638706561260883 -4.909376595811414 -6.075278901654251 -7.276204248849618 -8.231054379718165 -8.769742894472143 -8.875089076635627 -8.60290033925133 -8.170919957927829 -7.593313618997323 -6.899871649669352 -6.15644031108701 -5.396360479021065 -4.632333597984611 -3.931368110036209 -3.255931770574608 -2.657624595502207 -2.1216318048755864 -1.6403060235105125 -1.2331855624987127 -0.8948060000865224 -0.6188258278331771 -0.4037662720160043 -0.23257013489568212 -0.1055569113670083 -0.014061384975764476 0.04717235809990169 0.0817148891104145 0.09960683085686421 0.10345960020465947 0.09866132857343354 0.08821323318822825 0.07510338585267463 0.06099934840410571 0.04672624103947512 0.03441810293997792 0.02366419989341244 0.014720640168752328 0.00826010160517509 0.003738852532356584 0.0008650824640684272 -0.000581968846324538 -0.0008795368888858128 -0.0003375917903484515 0.000648287440366343 0.0023344373382860103 0.00283680020916642 0.0017213441605191465 0.0006986616329472573 0.00013302317615585018 7.756256104193307e-7 0.000014151434666708653 6.183725291380393e-7 -2.7296546347987126e-7 -5.247451464466488e-7 2.953490274385754e-7 7.287015808545107e-8 -5.751305317572261e-8)
(UseBinaryFormatForTransformationParameters "false")
(UseCyclicTransform "false")
(UseDirectionCosines "true")

// ResampleInterpolator specific
(FinalBSplineInterpolationOrder 3)
(ResampleInterpolator "FinalBSplineInterpolator")

// Resampler specific
(CompressResultImage "false")
(DefaultPixelValue 0)
(Resampler "DefaultResampler")
(ResultImageFormat "nii")
(ResultImagePixelType "float")
